"","cell","trait","Prop._SNPs","Prop._h2","Prop._h2_std_error","Enrichment","Enrichment_std_error","Enrichment_p","Coefficient","Coefficient_std_error","Coefficient_z.score","p_zcore","FDR"
"1","Pattern_11","Demontis 2023 -  Attention Deficit Hyperactivity Disorder",0.214497226949887,0.248889733884901,0.0133583558467236,1.16034010054149,0.0622775223562428,0.0101481896944627,3.05680962383444e-09,1.43026984659531e-09,2.13722580470464,0.0325796301699723,0.240727267367018
"2","Pattern_11","Grove 2019  - Autism Spectrum Disorder",0.214497226949887,0.210713832413934,0.0273840143239945,0.982361569006035,0.127666052906093,0.889639947711043,-2.39163543535613e-09,5.08052871206743e-09,-0.470745383187274,0.637822571382844,0.855252950159226
"3","Pattern_11","Chambers_total_cerebellar_volume",0.214497226949887,0.34479696409544,0.0244351126714869,1.6074658353322,0.113918081920918,4.14615347598814e-08,2.35751535700645e-08,9.52781765111173e-09,2.47434978641868,0.0133478939119768,0.163243208302796
"4","Pattern_11","Davies reaction time",0.214497226949887,0.241927913857056,0.0130048225269811,1.12788364351945,0.0606293270636055,0.0387296208450217,1.19090620796503e-09,1.18707699721161e-09,1.00322574758201,0.315751952713141,0.65171693052722
"5","Pattern_11","Gui_age_onset_walking",0.214497226949887,0.238134166330794,0.0165443494814046,1.11019694621241,0.0771308315574161,0.152661503792472,6.7211354133034e-09,4.02418828311769e-09,1.67018413166699,0.0948829385830632,0.389789369314205
"6","Pattern_11","Huang_neurodev_disorders",0.214497226949887,0.256173796526454,0.135606222657525,1.19429887355282,0.632205015355312,0.755180708966273,1.71133031521638e-09,5.93206299362314e-09,0.288488223583605,0.772973043737509,0.919404250616361
"7","Pattern_11","Lee_cognitive_performance",0.214497226949887,0.260364599925401,0.0100981878488857,1.21383667112037,0.0470784074576634,7.5970207507173e-06,9.74944322166445e-10,4.27910585388469e-10,2.2783832778555,0.0227037518253678,0.204375818058278
"8","Pattern_11","Lee_educ_attainment",0.214497226949887,0.244127487244978,0.00776975429465637,1.13813819747895,0.036223099035549,0.000176187815492223,1.3450074144255e-09,5.49915438802909e-10,2.44584406895977,0.0144513486362172,0.165800738003263
"9","Pattern_11","Alzheimer's Disease",0.214497226949887,0.40776882932263,0.0640530031666085,1.90104475997677,0.298619259919725,0.00082915563364371,1.2319509435157e-09,4.14101470677336e-09,0.297499774994914,0.766084979749485,0.918790292361247
"10","Pattern_11","Anorexia Nervosa",0.214497226949887,0.20784928098104,0.0275175231900498,0.969006844221816,0.128288479908781,0.80879311533373,-1.10245355819484e-09,6.69073388953036e-09,-0.16477318877081,0.869122507821179,0.959416505635383
"11","Pattern_11","Autism Spectrum Disorder",0.214497226949887,0.208363191094906,0.0270301308963834,0.97140272654241,0.126016225387839,0.819009578695613,6.09847530968377e-09,1.7604803375781e-08,0.346409737133075,0.72903480842671,0.903636929502467
"12","Pattern_11","Bipolar Disorder",0.214497226949887,0.229196434448725,0.0326047169672368,1.06852865982399,0.152005307625046,0.653026498154479,-1.30064687890848e-08,1.41535846587658e-08,-0.91895227270425,0.358120536669619,0.679828187444519
"13","Pattern_11","Body Mass Index",0.214497226949887,0.257312751878733,0.014945401781112,1.199608757361,0.0696764335540977,0.00479083681631777,2.27349033473467e-09,2.6836884880546e-09,0.847151353390765,0.396910764474661,0.709743864201716
"14","Pattern_11","Celiac Disease",0.214497226949887,0.232464003928011,0.0445924566959664,1.08376228090968,0.207892928640913,0.682058026282449,-4.71358609185324e-08,1.60543304851005e-08,-2.93602159007986,0.00332451183162757,0.09493633109164
"15","Pattern_11","Coronary Artery Disease",0.214497226949887,0.316396568696575,0.0429601499561039,1.47506134785833,0.200283008629015,0.019479480826798,-1.8517790329553e-09,3.32648826281185e-09,-0.556676857590956,0.57774823138352,0.818882158654176
"16","Pattern_11","Crohn's Disease",0.214497226949887,0.33193871779478,0.0285134513271804,1.54751985615334,0.132931561552737,1.09508269179511e-05,1.92093483814253e-09,1.34968395641695e-08,0.142324788629932,0.886823467335125,0.960581364948613
"17","Pattern_11","Depressive Symptoms",0.214497226949887,0.197905084610581,0.0261191751487055,0.922646355035711,0.121769290541028,0.524445022154592,3.59696630950502e-10,1.19778666727358e-09,0.300301080967323,0.763947508772257,0.918790292361247
"18","Pattern_11","Ever Smoked",0.214497226949887,0.194113406512689,0.0294416451065037,0.904969305538108,0.137258861222398,0.487633028822548,-1.17549727415253e-09,2.82900648296313e-09,-0.415515935092979,0.677764252301751,0.879985271490153
"19","Pattern_11","Fasting Glucose",0.214497226949887,0.267476208105861,0.0411048033397495,1.2469914502361,0.191633262230252,0.19615267414037,-7.69761208979187e-09,4.33716045506655e-09,-1.77480454540245,0.0759301655696559,0.365564236045764
"20","Pattern_11","HDL Cholesterol",0.214497226949887,0.32332551797975,0.0306282486885529,1.50736455933432,0.142790884171704,0.000485052816601575,-3.96810050712298e-09,3.86233665812448e-09,-1.02738338429821,0.304239972320077,0.64164783062153
"21","Pattern_11","Height",0.214497226949887,0.295352038925097,0.0161052963633713,1.37695038357816,0.0750839374120862,2.48775131949213e-06,-6.1054806561545e-09,3.56045080250764e-09,-1.7148055105422,0.0863808908969667,0.385363806768858
"22","Pattern_11","Inflammatory Bowel Disease",0.214497226949887,0.304756719499531,0.0255000944973342,1.42079561509078,0.118883096345538,0.00111304725255015,-1.56020874891034e-08,9.25354801800461e-09,-1.68606543768362,0.0917831961212112,0.385530549806609
"23","Pattern_11","LDL Cholesterol",0.214497226949887,0.380103757677887,0.0464567982460089,1.77206839959144,0.216584610004598,0.000311103243366041,-4.3424857129688e-10,4.26073989908195e-09,-0.101918582589481,0.918821299994651,0.974826951911327
"24","Pattern_11","Systemic Lupus Erythematosus",0.214497226949887,0.364938152905957,0.0452295879996464,1.70136536539569,0.210863276149549,3.10157274489371e-05,-9.15529753153284e-09,1.71360009321297e-08,-0.534272702703164,0.593152875281277,0.828234461022675
"25","Pattern_11","Multiple Sclerosis",0.214497226949887,0.796245805811509,0.285539542247899,3.71214964936371,1.3312038869137,1.90914891043999e-06,-1.65454701327693e-10,9.77483820248305e-09,-0.016926592328215,0.986495178194079,0.994439478539555
"26","Pattern_11","Neuroticism",0.214497226949887,0.214794163148606,0.0144276728072525,1.00138433583941,0.0672627474602424,0.983592579968444,1.17977170353501e-09,1.51484417920017e-09,0.778807298951316,0.436093237495879,0.740037009083915
"27","Pattern_11","Primary Biliary Cirrhosis",0.214497226949887,0.365558834909993,0.0423339865264604,1.70425902520129,0.197363794061314,0.000128542562409957,-4.40366423441696e-09,1.76402606306475e-08,-0.2496371412317,0.802867973189395,0.935141240802973
"28","Pattern_11","Rheumatoid Arthritis",0.214497226949887,0.30087676335596,0.0364488025899821,1.40270700761206,0.169926684406497,0.0173053743805028,-4.0076045614279e-09,6.82827106789833e-09,-0.586913513183272,0.557261793694645,0.812228148617948
"29","Pattern_11","Schizophrenia",0.214497226949887,0.267093719727033,0.0118592667154744,1.24520826457787,0.0552886714859261,8.80351106559119e-06,1.33298632026682e-08,5.81761713391467e-09,2.29129261961221,0.0219464951822467,0.200246442317876
"30","Pattern_11","Subjective Well-Being",0.214497226949887,0.22031135152483,0.0402743663935042,1.02710582629724,0.187761711264051,0.885260230586872,-1.35468696039176e-09,1.11124732878051e-09,-1.21906881151148,0.222818076247629,0.567173284993964
"31","Pattern_11","Triglycerides",0.214497226949887,0.27882739851433,0.028335523955027,1.29991143698782,0.132102052590391,0.0210330693367667,-7.85689715730128e-09,3.84848756263313e-09,-2.04155451445076,0.0411957411220216,0.271407235627436
"32","Pattern_11","Type 1 Diabetes",0.214497226949887,0.446551227159519,0.104156061818759,2.08185081695181,0.485582323370051,0.00327041507549434,-4.18389239464647e-09,9.7727398080959e-09,-0.428118672634717,0.668564722781304,0.874899453064725
"33","Pattern_11","Type 2 Diabetes",0.214497226949887,0.240026975635159,0.0384834361842386,1.11902134609524,0.17941227833789,0.506558318506826,-5.62303556828891e-09,3.89793516367039e-09,-1.44256775245952,0.149142272945085,0.474890739497939
"34","Pattern_11","Ulcerative Colitis",0.214497226949887,0.298957305747391,0.0335950798711941,1.39375837160467,0.156622443790581,0.0175023079591729,-1.73123950224417e-08,9.61705366973825e-09,-1.8001766047036,0.0718327567192248,0.355488619298861
"35","Pattern_11","Years of Education (EduYears)",0.214497226949887,0.274062958551643,0.0230712782568635,1.27769930851215,0.107559797322012,0.0117438822573513,3.80430306242173e-09,1.98759574589468e-09,1.91402254219924,0.0556172754981258,0.315657153990706
"36","Pattern_11","Years of Education (College)",0.214497226949887,0.242707149445512,0.0100822409826105,1.13151649043097,0.0470040621316097,0.00545648654704096,1.63014011704415e-09,1.19602634266602e-09,1.36296338875819,0.172894049286953,0.50747384397605
"37","Pattern_11","Savage cognition-intelligence",0.214497226949887,0.251667933945486,0.013279899017745,1.17329224962094,0.061911751525103,0.00568596227033932,2.62044315965213e-09,2.48376110931685e-09,1.05503027236499,0.29141147986637,0.630895894720951
"38","Pattern_11","Tissink 2022 - Cerebellar Volume",0.214497226949887,0.342602102108599,0.0264274709482661,1.59723324623046,0.123206585577167,6.83375892847824e-07,2.11850884576573e-08,1.08308417202857e-08,1.95599649637374,0.0504655668356582,0.301435737992978
"39","Pattern_11","Tissink 2022 - Subcortical Volume",0.214497226949887,0.313053689508955,0.0245404727046357,1.4594766280223,0.114409277236806,4.23633451343486e-05,-2.66220619376835e-09,8.54192160317818e-09,-0.311663618263346,0.755296180087794,0.918722184044981
"40","Pattern_11","UKB_IDP_0021_Volume_of_left_amygdala",0.214497226949887,0.291173776657926,0.060316306680332,1.35747105358128,0.281198538265596,0.186989492579861,-4.61809687429087e-09,5.56820154983061e-09,-0.829369560882967,0.406895320225159,0.716521257238027
"41","Pattern_11","UKB_IDP_0024_Volume_of_right_accumbens",0.214497226949887,0.33027471301944,0.0473445928024697,1.5397621578418,0.220723565874028,0.00917995330538833,3.55257229535987e-10,6.66107575509518e-09,0.0533333117048315,0.957466339059016,0.987155217789528
"42","Pattern_11","UKB_IDP_0026_Volume_of_grey_matter_in_Left_Frontal_Pole",0.214497226949887,0.300157734209885,0.0319235614984714,1.3993548470443,0.148829716600158,0.00539858408368313,2.25095414514189e-10,5.96846426943233e-09,0.0377141261726274,0.969915612952984,0.9907849285027
"43","Pattern_11","UKB_IDP_0137_IDP_T1_FAST_ROIs_L_cerebellum_I-IV",0.214497226949887,0.306350761691466,0.0252034153455637,1.42822714329561,0.117499958875702,0.000188952062956465,5.84585713233269e-09,7.29968533324374e-09,0.800836866996153,0.423226092895547,0.728709686169568
"44","Pattern_11","UKB_IDP_0138_IDP_T1_FAST_ROIs_R_cerebellum_I-IV",0.214497226949887,0.287028783195094,0.0262513165092169,1.33814682491048,0.122385342144074,0.00453445446701965,-3.79832621081919e-09,8.05241337469095e-09,-0.471700350451143,0.637140686954273,0.855252950159226
"45","Pattern_11","UKB_IDP_0139_IDP_T1_FAST_ROIs_L_cerebellum_V",0.214497226949887,0.30213564359613,0.0286584761971224,1.40857598903467,0.133607676913315,0.00282181361292981,4.54360050725981e-09,8.24212124142596e-09,0.551265914947124,0.581451400503961,0.821599322890059
"46","Pattern_11","UKB_IDP_0140_IDP_T1_FAST_ROIs_R_cerebellum_V",0.214497226949887,0.296644865023569,0.0286306504595715,1.38297762279637,0.133477951518043,0.0052146693723972,-1.7507661146693e-09,8.68329889328481e-09,-0.201624536502279,0.840210261799154,0.949611251800618
"47","Pattern_11","UKB_IDP_0141_IDP_T1_FAST_ROIs_L_cerebellum_VI",0.214497226949887,0.320964191833645,0.0266218660319691,1.49635590351307,0.124112868080056,4.20597923073129e-05,5.93614959380592e-09,8.29197426622956e-09,0.715890981232523,0.474058667726031,0.760357347205253
"48","Pattern_11","UKB_IDP_0142_IDP_T1_FAST_ROIs_V_cerebellum_VI",0.214497226949887,0.303955651208216,0.0277166429807566,1.41706098270086,0.129216789302512,0.000839826909430292,6.85649015637521e-09,7.93773489323001e-09,0.863784221645274,0.387706437090375,0.702801647953711
"49","Pattern_11","UKB_IDP_0143_IDP_T1_FAST_ROIs_R_cerebellum_VI",0.214497226949887,0.339785091462462,0.0289526236762778,1.58410015968107,0.134979011561031,3.431319854381e-06,1.15528027955473e-08,7.78439455102249e-09,1.48409779589471,0.137782977880088,0.458128401451293
"50","Pattern_11","UKB_IDP_0144_IDP_T1_FAST_ROIs_L_cerebellum_crus_I",0.214497226949887,0.275026529927859,0.0214470490097252,1.28219154083569,0.0999875351056914,0.00464795391530229,6.85262560933354e-09,9.30161614549047e-09,0.736713437982041,0.461296633115023,0.756716967989538
"51","Pattern_11","UKB_IDP_0145_IDP_T1_FAST_ROIs_V_cerebellum_crus_I",0.214497226949887,0.272731710388042,0.058913191906768,1.27149294313143,0.274657126082716,0.31983680874467,1.40754732277401e-09,5.71230624709697e-09,0.246406138236958,0.805367855077425,0.937539822540897
"52","Pattern_11","UKB_IDP_0146_IDP_T1_FAST_ROIs_R_cerebellum_crus_I",0.214497226949887,0.296108237962775,0.0227598880461,1.38047583259412,0.106108075939916,0.000385195578938207,1.27968904743853e-08,9.78043852129575e-09,1.30841684107738,0.190731963530082,0.52917551289702
"53","Pattern_11","UKB_IDP_0147_IDP_T1_FAST_ROIs_L_cerebellum_crus_II",0.214497226949887,0.291960691035419,0.0248184181268781,1.3611396995059,0.115705076843145,0.00179777992123152,6.95733116509736e-09,9.07071299382675e-09,0.767010395966922,0.443075334538719,0.743583842191162
"54","Pattern_11","UKB_IDP_0148_IDP_T1_FAST_ROIs_V_cerebellum_crus_II",0.214497226949887,0.286159823608537,0.0288900899345823,1.33409567889376,0.13468747519674,0.0124423887860069,6.62960692365245e-09,7.48778384273237e-09,0.885389731180225,0.375946468892865,0.693854367566363
"55","Pattern_11","UKB_IDP_0149_IDP_T1_FAST_ROIs_R_cerebellum_crus_II",0.214497226949887,0.283902176107007,0.0235122232711151,1.32357037964568,0.109615511610359,0.00314199719755029,4.28401652297551e-09,9.26041594849604e-09,0.462615993363804,0.643639642725256,0.858818743669532
"56","Pattern_11","UKB_IDP_0150_IDP_T1_FAST_ROIs_L_cerebellum_VIIb",0.214497226949887,0.269463571745908,0.0255672440760254,1.25625666857158,0.119196152041624,0.0340779172593935,-1.97935708665972e-09,9.02184538435457e-09,-0.219396032888379,0.826341560053265,0.946521445908324
"57","Pattern_11","UKB_IDP_0151_IDP_T1_FAST_ROIs_V_cerebellum_VIIb",0.214497226949887,0.292116251505034,0.0236954453579455,1.36186493251627,0.110469704876332,0.000887701126084107,7.18658981855763e-09,7.1802420461965e-09,1.00088406105536,0.316882863190313,0.652423184548935
"58","Pattern_11","UKB_IDP_0152_IDP_T1_FAST_ROIs_R_cerebellum_VIIb",0.214497226949887,0.267866653047476,0.0232995615569688,1.24881172990669,0.108624068890235,0.024480817740114,-2.34384075274868e-11,9.41596902668528e-09,-0.00248921884312292,0.998013892767669,0.998546746323358
"59","Pattern_11","UKB_IDP_0153_IDP_T1_FAST_ROIs_L_cerebellum_VIIIa",0.214497226949887,0.302855396018633,0.0266824718959223,1.4119315215641,0.12439541655313,0.00135643068776845,8.06983939383207e-09,9.41798271386077e-09,0.856854343335692,0.391525387972043,0.706072903054667
"60","Pattern_11","UKB_IDP_0154_IDP_T1_FAST_ROIs_V_cerebellum_VIIIa",0.214497226949887,0.300948676917515,0.024570422220458,1.40304227330559,0.114548903824283,0.000613304154276409,9.0957221012126e-09,9.16196098449872e-09,0.99277022862265,0.320821941500715,0.656252199638104
"61","Pattern_11","UKB_IDP_0155_IDP_T1_FAST_ROIs_R_cerebellum_VIIIa",0.214497226949887,0.269104527259065,0.0235360476939394,1.25458277986007,0.109726582616558,0.0212918385950523,1.81022624657235e-10,7.81965752051289e-09,0.0231496870780297,0.98153087173339,0.992756358335072
"62","Pattern_11","UKB_IDP_0156_IDP_T1_FAST_ROIs_L_cerebellum_VIIIb",0.214497226949887,0.325128845639631,0.0266770704460045,1.51577178998026,0.12437023464288,3.33549796497398e-05,1.41389562149924e-08,8.89189690674245e-09,1.59009448301984,0.111813509371041,0.413088798509681
"63","Pattern_11","UKB_IDP_0157_IDP_T1_FAST_ROIs_V_cerebellum_VIIIb",0.214497226949887,0.299948953174152,0.0251604963491997,1.39838149629892,0.117299867727791,0.00117599841450196,1.19403666402149e-08,1.13807406389059e-08,1.0491730739734,0.294098468861264,0.630895894720951
"64","Pattern_11","UKB_IDP_0158_IDP_T1_FAST_ROIs_R_cerebellum_VIIIb",0.214497226949887,0.276296710722814,0.0283736170167666,1.28811320617849,0.13227964491772,0.0273112128494103,5.80847017834401e-10,7.55057373102088e-09,0.0769275340558614,0.93868119343593,0.980615404826539
"65","Pattern_11","UKB_IDP_0159_IDP_T1_FAST_ROIs_L_cerebellum_IX",0.214497226949887,0.300975251097737,0.0250695566304819,1.40316616385933,0.116875900854135,0.0011303369924085,5.83491546355224e-09,1.12004966951103e-08,0.520951491919064,0.602400563609041,0.834301289677389
"66","Pattern_11","UKB_IDP_0160_IDP_T1_FAST_ROIs_V_cerebellum_IX",0.214497226949887,0.308221830785518,0.0277025520887236,1.4369501889063,0.12915109664889,0.000528470235870866,3.79808063390812e-09,9.23498200895797e-09,0.411271037693844,0.680873804061869,0.879985271490153
"67","Pattern_11","UKB_IDP_0161_IDP_T1_FAST_ROIs_R_cerebellum_IX",0.214497226949887,0.290954298100147,0.0235240888119102,1.3564478302935,0.109670829532012,0.00173626728117518,1.11313240764607e-10,9.54021935489101e-09,0.0116677863080307,0.990690664671087,0.995368146562829
"68","Pattern_11","UKB_IDP_0162_IDP_T1_FAST_ROIs_L_cerebellum_X",0.214497226949887,0.29297091339182,0.0297807094686683,1.36584942172827,0.138839601295293,0.00712543044420493,5.4842984449981e-09,8.16878844972667e-09,0.671372319010367,0.501983374450275,0.780010784724623
"69","Pattern_11","UKB_IDP_0163_IDP_T1_FAST_ROIs_V_cerebellum_X",0.214497226949887,0.312865273431441,0.0324700166564846,1.4585982200345,0.151377326029817,0.00159681063119492,3.71359612209853e-09,7.95596294946646e-09,0.466768905999942,0.640665224469402,0.857443772120055
"70","Pattern_11","UKB_IDP_0164_IDP_T1_FAST_ROIs_R_cerebellum_X",0.214497226949887,0.305217599261648,0.0348357635029348,1.4229442664681,0.162406591443131,0.0103583113025949,5.48863463158602e-09,8.90120171831082e-09,0.616617261947367,0.537487205969564,0.796499146450718
"71","Pattern_11","UKB_IDP_0193_aseg_lh_volume_Cerebellum-White-Matter",0.214497226949887,0.36115608419799,0.0317281103100572,1.68373311549789,0.147918510468529,3.38836014411491e-06,1.23255251378154e-08,9.2539341797107e-09,1.33192271508038,0.182885585920266,0.52287126958669
"72","Pattern_11","UKB_IDP_0194_aseg_lh_volume_Cerebellum-Cortex",0.214497226949887,0.317969211612194,0.0245800569714666,1.48239311124746,0.114593821659099,7.74122979767177e-06,1.10054491159104e-08,8.36237792459684e-09,1.31606693875188,0.188151576408678,0.527823349615774
"73","Pattern_11","UKB_IDP_0210_aseg_rh_volume_Cerebellum-White-Matter",0.214497226949887,0.350073648580384,0.0329420890796,1.63206608103224,0.153578158319484,2.64124497572331e-05,6.94017366307968e-09,8.63450927145408e-09,0.803771638305385,0.421528872257495,0.728709686169568
"74","Pattern_11","UKB_IDP_0211_aseg_rh_volume_Cerebellum-Cortex",0.214497226949887,0.316834258328123,0.0233890041463892,1.47710188534113,0.109041056049893,3.84881903540758e-06,1.06362214282809e-08,7.96690130353199e-09,1.33505123548669,0.181859578081094,0.5215595446854
"75","Pattern_11","UKB_IDP_0434_Volume_of_V1_in_the_right_hemisphere",0.214497226949887,0.310314636389761,0.0297926181150992,1.44670698452554,0.138895120178219,0.00107597146704221,1.18298725762851e-08,8.41192578284694e-09,1.40632155842456,0.159628661284965,0.490172858895247
"76","Pattern_11","UKB_IDP_0442_Volume_of_entorhinal_in_the_left_hemisphere_DKT_parcellation",0.214497226949887,0.285827940445736,0.0360473534643803,1.33254841803859,0.168055102515624,0.0459169791946183,4.43230018141988e-09,6.32645620315407e-09,0.700597623549523,0.483554161915346,0.765627423032632
"77","Pattern_21","Demontis 2023 -  Attention Deficit Hyperactivity Disorder",0.182032905215967,0.197660899520665,0.0137175611298257,1.08585257861021,0.0753575905056887,0.25969458567705,1.78271458691332e-09,1.75218028163705e-09,1.01742646324483,0.30895059834439,0.645188295659335
"78","Pattern_21","Grove 2019  - Autism Spectrum Disorder",0.182032905215967,0.190658476147265,0.0262357352520596,1.04738467982514,0.144126333757807,0.741651883621627,1.96246106479247e-09,5.74476135438279e-09,0.341608805611267,0.732645309547627,0.903965898707259
"79","Pattern_21","Chambers_total_cerebellar_volume",0.182032905215967,0.30459521110517,0.0247416527802672,1.67329753235435,0.135918573353061,1.08423310217787e-09,2.35607159856531e-08,1.06099321631196e-08,2.22062833422731,0.0263761450649514,0.220111516463595
"80","Pattern_21","Davies reaction time",0.182032905215967,0.228045001317808,0.0132381625181404,1.25276801492154,0.0727240083458232,0.00067205036315831,4.06976163129122e-09,1.35895191896557e-09,2.99477970816591,0.00274643115647128,0.0847015289995781
"81","Pattern_21","Gui_age_onset_walking",0.182032905215967,0.202098910421102,0.0165437614173534,1.11023284598644,0.0908833564883537,0.220739692509423,6.41469195137937e-09,4.71565805196647e-09,1.36029624724473,0.173736195461837,0.508542811475639
"82","Pattern_21","Huang_neurodev_disorders",0.182032905215967,-0.0194767256599523,0.180151471982578,-0.106995631569165,0.989664323430116,0.101859341210484,-1.25247073521341e-08,6.41381675156453e-09,-1.95276975274962,0.0508468841648783,0.301435737992978
"83","Pattern_21","Lee_cognitive_performance",0.182032905215967,0.210093636678713,0.0102596950601569,1.15415197285048,0.056361760792559,0.00594329921018428,4.86803750905e-10,4.98891619772528e-10,0.9757705513814,0.329178181200202,0.662685360111907
"84","Pattern_21","Lee_educ_attainment",0.182032905215967,0.200776149143227,0.00815147790904793,1.10296624066414,0.0447802439859809,0.0216688122810772,1.16771435523966e-09,6.66792775704305e-10,1.75124026202332,0.0799045329035765,0.373024099539555
"85","Pattern_21","Alzheimer's Disease",0.182032905215967,0.328886197623225,0.0598177812959148,1.80674036506218,0.328609716056259,0.00323750901103519,-4.50269305548472e-09,8.49150153549995e-09,-0.530258757730957,0.595932537187261,0.829788911821358
"86","Pattern_21","Anorexia Nervosa",0.182032905215967,0.175061008130709,0.0245529510178151,0.961699797753673,0.134881937903947,0.776610839807685,1.933075766533e-09,7.06437676372117e-09,0.273637127688352,0.784363498805095,0.925331877625722
"87","Pattern_21","Autism Spectrum Disorder",0.182032905215967,0.165279442485419,0.0232598662829979,0.907964646772675,0.127778361035341,0.473011386174933,3.8234757963022e-09,1.99632429980978e-08,0.191525785498204,0.848113680544799,0.952043345677671
"88","Pattern_21","Bipolar Disorder",0.182032905215967,0.198238354731154,0.0313859610813876,1.08902483589965,0.17241916259124,0.609369923914564,-1.45474332243484e-08,1.64713548467021e-08,-0.883195909488956,0.377130431311647,0.694064101796251
"89","Pattern_21","Body Mass Index",0.182032905215967,0.195619048556886,0.0127365827331126,1.07463564526864,0.0699685736378359,0.285481833690031,-2.60078541566405e-09,2.48347862610447e-09,-1.04723486980179,0.294991266563602,0.630895894720951
"90","Pattern_21","Celiac Disease",0.182032905215967,0.265541863211967,0.0456588566175859,1.45875748616396,0.250827489477331,0.0435933749403106,-2.13625222675555e-08,1.77260976627958e-08,-1.2051452425647,0.228147236778002,0.569988676356998
"91","Pattern_21","Coronary Artery Disease",0.182032905215967,0.29447666768154,0.041872255857569,1.61771118981026,0.230025751706215,0.00443542924441928,-1.25726809753887e-09,3.46160471356812e-09,-0.363203832202701,0.716452625138794,0.900014225577019
"92","Pattern_21","Crohn's Disease",0.182032905215967,0.288426015815639,0.0309883979890981,1.58447185948851,0.17023514486204,0.000354273384022039,-1.27947050404634e-08,2.07985218568128e-08,-0.615173767085393,0.538439970118948,0.796801290968791
"93","Pattern_21","Depressive Symptoms",0.182032905215967,0.17355174127502,0.0262261406604365,0.953408621749543,0.144073625750912,0.746070811934567,1.44331515450808e-09,1.48391513333145e-09,0.972639959043875,0.330732275479325,0.663804541653587
"94","Pattern_21","Ever Smoked",0.182032905215967,0.179083066813688,0.0296604880749718,0.983795026515786,0.162940255443279,0.92074559075516,1.42948989624234e-09,3.32905719866749e-09,0.429397817740865,0.667633741637602,0.874899453064725
"95","Pattern_21","Fasting Glucose",0.182032905215967,0.304906717878976,0.0507001680046933,1.67500879864127,0.278521995485057,0.0107588655431474,2.61331369038227e-09,6.10413957861327e-09,0.428121548782795,0.66856262890475,0.874899453064725
"96","Pattern_21","HDL Cholesterol",0.182032905215967,0.311877505638611,0.0363420800907468,1.71330290679366,0.199645663225723,0.000476419767981272,-7.06674277409414e-10,5.68623830067759e-09,-0.124277991888804,0.901095172125829,0.966499496965439
"97","Pattern_21","Height",0.182032905215967,0.289952357224548,0.0183346238805483,1.59285683476042,0.100721481420053,1.57487961305681e-08,2.6411170104977e-10,4.40936062397826e-09,0.0598979588136931,0.952236905608615,0.982893391788414
"98","Pattern_21","Inflammatory Bowel Disease",0.182032905215967,0.293955358340669,0.0284767984323049,1.61484737054499,0.156437641856672,0.000151456169514791,-1.38722825668645e-08,1.20261546307083e-08,-1.15350941284608,0.248701356291256,0.585438590915699
"99","Pattern_21","LDL Cholesterol",0.182032905215967,0.347217906972564,0.0410848767052666,1.90744583546925,0.225700274664753,6.79602596859376e-05,-3.30184532936064e-09,4.97347326468565e-09,-0.663891239308659,0.506759923765762,0.782572654407505
"100","Pattern_21","Systemic Lupus Erythematosus",0.182032905215967,0.34351647845716,0.0564882870329762,1.88711199246975,0.310319098439689,2.39148387436639e-05,-1.19748711921781e-08,2.19767506822995e-08,-0.544888157730382,0.58583044147874,0.82552907004733
"101","Pattern_21","Multiple Sclerosis",0.182032905215967,0.788690211955297,0.300538129247113,4.33267936376438,1.65100990334989,6.54901946234838e-07,-1.56948517131128e-09,1.22527299341867e-08,-0.128092692791034,0.89807561872006,0.965692226698477
"102","Pattern_21","Neuroticism",0.182032905215967,0.152609724660957,0.0133761852759379,0.838363396331551,0.0734822380605758,0.0361397701438548,-2.27827519692836e-09,1.89133934573504e-09,-1.2045829861605,0.228364328048685,0.569988676356998
"103","Pattern_21","Primary Biliary Cirrhosis",0.182032905215967,0.347195687309572,0.0461302889151198,1.90732377147776,0.253417308592587,4.73113332564676e-05,-1.12944607272917e-09,2.26170420469236e-08,-0.0499378331784462,0.96017192838363,0.989127224067116
"104","Pattern_21","Rheumatoid Arthritis",0.182032905215967,0.281179431089989,0.0352944483263242,1.54466265731678,0.193890485263916,0.0046328696910206,-2.82664600819517e-09,8.20143964120494e-09,-0.344652418581951,0.730355693164437,0.903636929502467
"105","Pattern_21","Schizophrenia",0.182032905215967,0.211003795815901,0.01136645044503,1.15915194324654,0.062441735089294,0.0119266502745815,4.93261614663181e-09,6.78534265982558e-09,0.726951665364915,0.467255565685135,0.758173408896606
"106","Pattern_21","Subjective Well-Being",0.182032905215967,0.267671146390498,0.04422028444665,1.47045472945086,0.242924675591956,0.038687370671212,2.07189620179377e-09,1.41477119117656e-09,1.46447440739214,0.14306437076447,0.465506087135768
"107","Pattern_21","Triglycerides",0.182032905215967,0.317162722399029,0.0404228948771137,1.7423373099646,0.222063669363269,0.000264326201557673,2.86568284430756e-09,5.59657584336174e-09,0.512042170876078,0.608621495833215,0.838825481303809
"108","Pattern_21","Type 1 Diabetes",0.182032905215967,0.335172610907098,0.0886547237680251,1.84127485362849,0.487025813617838,0.0306709520293283,-2.38725142640855e-08,1.26355976656493e-08,-1.88930629921721,0.0588507979755477,0.323603354242805
"109","Pattern_21","Type 2 Diabetes",0.182032905215967,0.231155200955571,0.0358693605224434,1.26985393482197,0.197048772472688,0.155081196671123,-3.81864854163118e-09,4.27074902499013e-09,-0.894140236124036,0.371246863594023,0.69100139960959
"110","Pattern_21","Ulcerative Colitis",0.182032905215967,0.283033341256106,0.0370528243607535,1.55484713557865,0.203550145600288,0.0049596582752113,-1.99713936904642e-08,1.16775999306679e-08,-1.71023102427196,0.0872231608777956,0.385530549806609
"111","Pattern_21","Years of Education (EduYears)",0.182032905215967,0.196306382035771,0.0227623160167708,1.07841152017472,0.125045062538365,0.532458260707417,9.00372009343805e-11,2.34028795081663e-09,0.0384727020035986,0.969310796010391,0.9907849285027
"112","Pattern_21","Years of Education (College)",0.182032905215967,0.199012852813517,0.0112260219849417,1.09327955062523,0.061670289619467,0.128603250273861,1.19544917548e-09,1.53420498135596e-09,0.779197819070722,0.435863194635392,0.740037009083915
"113","Pattern_21","Savage cognition-intelligence",0.182032905215967,0.21190656938996,0.0127944016909705,1.16411134096086,0.0702862027927919,0.0198970625853013,3.39461871902168e-09,2.66575757611259e-09,1.27341613860176,0.202870413555781,0.547205276662177
"114","Pattern_21","Tissink 2022 - Cerebellar Volume",0.182032905215967,0.317055702452648,0.0272545777754435,1.74174939457505,0.149723357670462,5.46734613251804e-08,3.06500037133871e-08,1.22542967618621e-08,2.50116382106693,0.0123785903467641,0.157734372801881
"115","Pattern_21","Tissink 2022 - Subcortical Volume",0.182032905215967,0.323131646215749,0.0281409275116244,1.77512766624463,0.154592530829729,7.16124074328603e-09,1.9671932930843e-08,1.03626054855256e-08,1.89835779798049,0.0576489649455474,0.322166256512025
"116","Pattern_21","UKB_IDP_0021_Volume_of_left_amygdala",0.182032905215967,0.367381488040094,0.0747488678507751,2.01821471565389,0.410633823385348,0.00302684051911125,8.00119718100824e-09,6.79195846564932e-09,1.17803976886412,0.238780752139306,0.576336899613276
"117","Pattern_21","UKB_IDP_0024_Volume_of_right_accumbens",0.182032905215967,0.300040959933381,0.0461345955848822,1.64827869762012,0.253440967335809,0.0057117606373042,6.32519013526696e-10,7.76876185615143e-09,0.0814182523854631,0.935109333994565,0.979288013459795
"118","Pattern_21","UKB_IDP_0026_Volume_of_grey_matter_in_Left_Frontal_Pole",0.182032905215967,0.269054652557316,0.0339523090854935,1.47805503756645,0.186517426864181,0.00972845315179804,2.02612067897977e-09,7.88222124488097e-09,0.257049455481298,0.797140595406073,0.933273434802346
"119","Pattern_21","UKB_IDP_0137_IDP_T1_FAST_ROIs_L_cerebellum_I-IV",0.182032905215967,0.298032910305145,0.0280082543925468,1.63724745233041,0.153863689420972,1.70495094052364e-05,1.74464251017053e-08,9.27239620299809e-09,1.88154439475572,0.0598979021401292,0.326240390817587
"120","Pattern_21","UKB_IDP_0138_IDP_T1_FAST_ROIs_R_cerebellum_I-IV",0.182032905215967,0.312374072836195,0.0278482422158122,1.71603080479097,0.152984660563279,1.28703033963009e-06,1.9998950560051e-08,9.25156136750064e-09,2.16168382456008,0.0306425552795793,0.237117664127072
"121","Pattern_21","UKB_IDP_0139_IDP_T1_FAST_ROIs_L_cerebellum_V",0.182032905215967,0.299153498118828,0.0282191064069673,1.64340341524466,0.155022007551259,3.11064166457842e-05,1.63802237171207e-08,9.20075033462898e-09,1.78031390064681,0.075024603463343,0.363357746783683
"122","Pattern_21","UKB_IDP_0140_IDP_T1_FAST_ROIs_R_cerebellum_V",0.182032905215967,0.331714641810594,0.0303500673969781,1.82227845793618,0.166728467916118,4.42404170471626e-07,2.40382258911768e-08,9.27694426161618e-09,2.59117929495773,0.00956476447684885,0.144297290811699
"123","Pattern_21","UKB_IDP_0141_IDP_T1_FAST_ROIs_L_cerebellum_VI",0.182032905215967,0.307025178530777,0.0279478517041173,1.68664658824468,0.153531866510395,3.11390663392002e-06,1.73576277897396e-08,1.02634278835267e-08,1.69121155102571,0.0907964056523917,0.385530549806609
"124","Pattern_21","UKB_IDP_0142_IDP_T1_FAST_ROIs_V_cerebellum_VI",0.182032905215967,0.273451017376422,0.026014799331419,1.50220652168351,0.142912619564878,0.00017534071962873,1.19987550336917e-08,8.94211957306811e-09,1.34182448978088,0.179652909676379,0.520491011250475
"125","Pattern_21","UKB_IDP_0143_IDP_T1_FAST_ROIs_R_cerebellum_VI",0.182032905215967,0.325647474078297,0.0315735304706551,1.78894839749958,0.17344957733436,1.10706478246255e-06,2.20523218586128e-08,9.9880859797635e-09,2.20786263787599,0.0272538500169372,0.223908734616106
"126","Pattern_21","UKB_IDP_0144_IDP_T1_FAST_ROIs_L_cerebellum_crus_I",0.182032905215967,0.269623985455019,0.021023026719865,1.48118267483086,0.115490255428945,4.78113263902508e-05,2.54279853062091e-08,1.18123151512401e-08,2.15266736288691,0.0313448302421965,0.237804262863564
"127","Pattern_21","UKB_IDP_0145_IDP_T1_FAST_ROIs_V_cerebellum_crus_I",0.182032905215967,0.271187196657482,0.0592562764786765,1.48977019476639,0.325525082448,0.116874612725582,6.34210145538086e-09,6.58252092882621e-09,0.963476079142794,0.33530866293712,0.667175455808263
"128","Pattern_21","UKB_IDP_0146_IDP_T1_FAST_ROIs_R_cerebellum_crus_I",0.182032905215967,0.298075964922057,0.0233311049866914,1.63748397339709,0.128169711728827,1.36762995381996e-06,3.5834956455748e-08,1.28158362602667e-08,2.79614655867976,0.00517159425441939,0.116353821775308
"129","Pattern_21","UKB_IDP_0147_IDP_T1_FAST_ROIs_L_cerebellum_crus_II",0.182032905215967,0.272694217821288,0.0275544662828334,1.49804903403458,0.151370798868163,0.000294809895858238,1.7160992387794e-08,1.13858591123625e-08,1.50721980822342,0.131754324570699,0.444331541499917
"130","Pattern_21","UKB_IDP_0148_IDP_T1_FAST_ROIs_V_cerebellum_crus_II",0.182032905215967,0.286264668731108,0.0304986260138099,1.57259847274029,0.167544576501846,0.000638498657767044,2.12956801372897e-08,1.03807310343253e-08,2.05146247088692,0.0402219307678278,0.269934955068206
"131","Pattern_21","UKB_IDP_0149_IDP_T1_FAST_ROIs_R_cerebellum_crus_II",0.182032905215967,0.275260183859194,0.0310224191757017,1.51214519997151,0.170422040668396,0.000113863681774321,2.14675463879893e-08,1.23081737348738e-08,1.74416991914596,0.0811294649388184,0.376236423354744
"132","Pattern_21","UKB_IDP_0150_IDP_T1_FAST_ROIs_L_cerebellum_VIIb",0.182032905215967,0.303695103442699,0.0311027742272562,1.66835277985807,0.170863472130796,1.57780731264944e-06,2.9881300530202e-08,1.07178894648231e-08,2.78798364438024,0.00530372213919403,0.116353821775308
"133","Pattern_21","UKB_IDP_0151_IDP_T1_FAST_ROIs_V_cerebellum_VIIb",0.182032905215967,0.291988165979642,0.0247351820546858,1.60404057515438,0.135883026342625,5.24934382046648e-06,2.44701131745249e-08,8.86155497772693e-09,2.76137915253354,0.00575578132244998,0.117772140905515
"134","Pattern_21","UKB_IDP_0152_IDP_T1_FAST_ROIs_R_cerebellum_VIIb",0.182032905215967,0.274304089322476,0.0278163461138934,1.5068928828941,0.152809438935734,4.26361206654172e-05,2.36527833706981e-08,1.09330335008909e-08,2.16342366176511,0.0305086092984798,0.236942775865566
"135","Pattern_21","UKB_IDP_0153_IDP_T1_FAST_ROIs_L_cerebellum_VIIIa",0.182032905215967,0.293126359734106,0.0265765050408886,1.6102932565205,0.145998356777077,3.79334070495166e-06,2.15382885380746e-08,9.27509772273883e-09,2.32216297681385,0.0202241616948714,0.193989092096007
"136","Pattern_21","UKB_IDP_0154_IDP_T1_FAST_ROIs_V_cerebellum_VIIIa",0.182032905215967,0.272204929623267,0.0230667520940991,1.49536112331075,0.126717485867362,4.40028087903906e-05,1.43744598757976e-08,9.48851107460855e-09,1.51493313995954,0.129789336843716,0.442614917954212
"137","Pattern_21","UKB_IDP_0155_IDP_T1_FAST_ROIs_R_cerebellum_VIIIa",0.182032905215967,0.264663903324295,0.026143323280369,1.4539344027405,0.143618667456591,0.00030378162469065,1.52355859314165e-08,8.71076275151674e-09,1.74905302394599,0.0802818542860074,0.373828853217995
"138","Pattern_21","UKB_IDP_0156_IDP_T1_FAST_ROIs_L_cerebellum_VIIIb",0.182032905215967,0.259516556089181,0.0235308996098168,1.42565738749973,0.12926728594426,0.000703266088700212,4.66035983827102e-09,8.61533326043879e-09,0.540937848530036,0.58855042216253,0.826088779133931
"139","Pattern_21","UKB_IDP_0157_IDP_T1_FAST_ROIs_V_cerebellum_VIIIb",0.182032905215967,0.274558655015046,0.0218264620201992,1.50829134265206,0.119903937116775,2.94783684883442e-05,1.98434037778297e-08,1.02075767025216e-08,1.94398772168205,0.0518969317589067,0.304233252845602
"140","Pattern_21","UKB_IDP_0158_IDP_T1_FAST_ROIs_R_cerebellum_VIIIb",0.182032905215967,0.238330987469826,0.0274176825877967,1.30927420615007,0.150619375959901,0.0359995583449636,1.87427890208049e-09,8.14296559886951e-09,0.2301715363185,0.817958478819731,0.944446903379483
"141","Pattern_21","UKB_IDP_0159_IDP_T1_FAST_ROIs_L_cerebellum_IX",0.182032905215967,0.267586628158146,0.0219360509342907,1.46999042750363,0.120505965161988,3.7494983297368e-05,1.01025067134009e-08,9.80297616262716e-09,1.03055506264676,0.302749518373282,0.64104574636651
"142","Pattern_21","UKB_IDP_0160_IDP_T1_FAST_ROIs_V_cerebellum_IX",0.182032905215967,0.295657162561069,0.0300590119323259,1.62419625292634,0.165129551147159,1.19520101563997e-05,1.65416918525608e-08,9.85078894852412e-09,1.67922507922973,0.093108185999711,0.385530549806609
"143","Pattern_21","UKB_IDP_0161_IDP_T1_FAST_ROIs_R_cerebellum_IX",0.182032905215967,0.266877124037948,0.023156360212646,1.46609275790726,0.127209749166904,0.000104902644303897,7.28797654261326e-09,1.00756163095021e-08,0.723328114007292,0.469478324294011,0.758173408896606
"144","Pattern_21","UKB_IDP_0162_IDP_T1_FAST_ROIs_L_cerebellum_X",0.182032905215967,0.269578215035123,0.0277346496200989,1.48093123446715,0.152360638243915,0.000927602439032421,1.19655171097853e-08,8.48842959084066e-09,1.40962671383839,0.15864993473727,0.488577512475992
"145","Pattern_21","UKB_IDP_0163_IDP_T1_FAST_ROIs_V_cerebellum_X",0.182032905215967,0.307619550779641,0.0308106476307818,1.68991177949215,0.169258671086019,2.92383126266036e-06,1.62106944013286e-08,7.99742079634904e-09,2.02699030276475,0.0426634044045013,0.275950530616349
"146","Pattern_21","UKB_IDP_0164_IDP_T1_FAST_ROIs_R_cerebellum_X",0.182032905215967,0.268326804989287,0.0328650770296954,1.47405659801419,0.180544704215448,0.00619799616888375,5.97114975243782e-09,9.01453788257483e-09,0.662391109807203,0.507720599766218,0.783487626035179
"147","Pattern_21","UKB_IDP_0193_aseg_lh_volume_Cerebellum-White-Matter",0.182032905215967,0.309915059306605,0.0317224461368756,1.70252218377175,0.174267647375289,1.76523689626755e-05,5.49129882854954e-09,1.08405433618284e-08,0.506551991469857,0.612469200932518,0.842435907488876
"148","Pattern_21","UKB_IDP_0194_aseg_lh_volume_Cerebellum-Cortex",0.182032905215967,0.296337172108181,0.0256957869242025,1.62793189372329,0.141160120988656,3.60785681804395e-07,1.74690994009611e-08,1.04291277489762e-08,1.67502976485028,0.0939283918448712,0.387173880508278
"149","Pattern_21","UKB_IDP_0210_aseg_rh_volume_Cerebellum-White-Matter",0.182032905215967,0.315281814855324,0.033434045977235,1.73200452127745,0.18367034211517,1.71861010146948e-05,5.77429810189964e-09,1.02301779272525e-08,0.564437700200432,0.572456287686886,0.818362708148217
"150","Pattern_21","UKB_IDP_0211_aseg_rh_volume_Cerebellum-Cortex",0.182032905215967,0.313936720494335,0.0281828253319827,1.72461522888884,0.154822697020333,1.67044723290969e-08,2.77130138583778e-08,1.11152114817447e-08,2.49325115441058,0.0126579275922689,0.158671632905427
"151","Pattern_21","UKB_IDP_0434_Volume_of_V1_in_the_right_hemisphere",0.182032905215967,0.288295457235805,0.0308547435533268,1.58375463432705,0.169500912577977,0.000358943082437737,2.03852430638901e-08,1.07792253240545e-08,1.8911603061492,0.0586029482711911,0.32316074416571
"152","Pattern_21","UKB_IDP_0442_Volume_of_entorhinal_in_the_left_hemisphere_DKT_parcellation",0.182032905215967,0.214836484114802,0.0371960284059818,1.18020686347843,0.204336838781163,0.383157328823422,-4.06643320753002e-09,8.20877914310352e-09,-0.495376125565076,0.620334644076159,0.843901418742798
"153","Pattern_13","Demontis 2023 -  Attention Deficit Hyperactivity Disorder",0.177337868533264,0.199374378009984,0.0142347589072228,1.12426285293142,0.0802691440071794,0.12686563156884,2.55189894807103e-09,1.86732879437764e-09,1.36660397234518,0.171749471445864,0.506466614768258
"154","Pattern_13","Grove 2019  - Autism Spectrum Disorder",0.177337868533264,0.204666157717369,0.0255006086919445,1.15410295279927,0.143796747433903,0.30330506398441,6.05571263184789e-09,5.96401239527439e-09,1.01537559456552,0.30992682213692,0.645327081709752
"155","Pattern_13","Chambers_total_cerebellar_volume",0.177337868533264,0.304244987999623,0.0281959119635555,1.71562334946274,0.158995437335296,7.94406700722825e-06,2.95838806419458e-08,1.48890732559442e-08,1.98695245388324,0.0469276660087382,0.292850654740747
"156","Pattern_13","Davies reaction time",0.177337868533264,0.224746925459095,0.01219591525411,1.26733746896782,0.0687721993896774,0.000189999772253102,4.29741338402595e-09,1.39763180883748e-09,3.07478218287006,0.00210656338916992,0.0711550300341839
"157","Pattern_13","Gui_age_onset_walking",0.177337868533264,0.197192758410796,0.0151377690016598,1.11196080138861,0.0853611759680099,0.19192335997504,6.45189405503307e-09,4.29136807651078e-09,1.50345855680573,0.132720836238983,0.446176839678604
"158","Pattern_13","Huang_neurodev_disorders",0.177337868533264,0.156913178834255,0.125991100806366,0.884826123895932,0.710457962805237,0.869955773402729,-1.67871360016582e-09,6.65950949394318e-09,-0.252077664532592,0.800981033734683,0.934397457416333
"159","Pattern_13","Lee_cognitive_performance",0.177337868533264,0.217582776456357,0.00934343714946221,1.22693916565002,0.0526872079084993,1.8545093526674e-05,1.16252486607162e-09,4.66387750403105e-10,2.49261449312688,0.0126806440456603,0.158671632905427
"160","Pattern_13","Lee_educ_attainment",0.177337868533264,0.203334195522133,0.0077558520484446,1.14659207987487,0.0437348892968666,0.000934915474978105,1.82351674568088e-09,6.80792092233453e-10,2.67852221916757,0.00739478257743083,0.136539054627468
"161","Pattern_13","Alzheimer's Disease",0.177337868533264,0.312520393073121,0.0547606703503493,1.76228797412494,0.308792875448808,0.0128080261104822,-5.95243852454785e-09,5.41166947411748e-09,-1.09992647426394,0.271364158671595,0.607855715424372
"162","Pattern_13","Anorexia Nervosa",0.177337868533264,0.162676182582243,0.0229533446888586,0.917323434231581,0.129432844088532,0.523710323698928,1.66368922196259e-10,7.16196930606441e-09,0.0232294938845082,0.981467212233646,0.992756358335072
"163","Pattern_13","Autism Spectrum Disorder",0.177337868533264,0.196567272011582,0.0219339286301712,1.10843371264897,0.123684404304526,0.394466273811892,3.47269115954253e-08,1.80099451599048e-08,1.92820751463126,0.0538293198806881,0.308421464293789
"164","Pattern_13","Bipolar Disorder",0.177337868533264,0.237436621341937,0.0362884868693521,1.33889407437757,0.204629091177699,0.0925596670854591,6.38280133786778e-09,1.83361827658363e-08,0.348098697497722,0.727766062481511,0.903636929502467
"165","Pattern_13","Body Mass Index",0.177337868533264,0.197719770088502,0.0120975262821469,1.11493259574965,0.0682173885487841,0.0957541826518494,-1.91681710279493e-09,2.42351428006126e-09,-0.790924616605301,0.428987982483981,0.731834818103757
"166","Pattern_13","Celiac Disease",0.177337868533264,0.240844226478953,0.0483346668215537,1.35810940139825,0.272556940157918,0.161106261645255,-3.0894085732808e-08,2.03051568661051e-08,-1.52148963618098,0.128137010131901,0.438385140772806
"167","Pattern_13","Coronary Artery Disease",0.177337868533264,0.297682607432796,0.0380774433670668,1.67861839039166,0.214716933737841,0.00144825994796309,-8.04492024634927e-10,3.29762756753758e-09,-0.243960850083401,0.807261141014436,0.937701357858788
"168","Pattern_13","Crohn's Disease",0.177337868533264,0.263198753679806,0.0306596541216751,1.48416554149818,0.172888364878052,0.00344827020005291,-3.01745895715497e-08,1.82491801394004e-08,-1.65347644886261,0.0982339353440645,0.39441851775881
"169","Pattern_13","Depressive Symptoms",0.177337868533264,0.184637848239259,0.0245575972888988,1.04116424634159,0.138479149952636,0.766317185988542,2.61028416494314e-09,1.30995923100785e-09,1.99264534586686,0.0463002960153008,0.291500088522367
"170","Pattern_13","Ever Smoked",0.177337868533264,0.185135690708999,0.0274198835987526,1.04397155689436,0.154619449447196,0.775936729642929,3.03170409381078e-09,3.15231578907241e-09,0.961738701534999,0.336180876475645,0.667175455808263
"171","Pattern_13","Fasting Glucose",0.177337868533264,0.288731869657761,0.0487429496550847,1.62814559600733,0.27485922808383,0.0225530447144613,7.03148091133016e-10,5.63345827941128e-09,0.124816419374725,0.900668888266682,0.966499496965439
"172","Pattern_13","HDL Cholesterol",0.177337868533264,0.32413460878994,0.0398650447997901,1.82777999685465,0.224797135149464,0.000547553193387246,1.36902964950149e-09,6.19395021837659e-09,0.2210269054859,0.82507148346572,0.946497098013505
"173","Pattern_13","Height",0.177337868533264,0.271243727991138,0.0196274332947314,1.52953077780034,0.110678184287806,3.89010588332548e-06,-3.7398005796562e-09,5.11537596104979e-09,-0.731090071997114,0.464724138010564,0.757222791490413
"174","Pattern_13","Inflammatory Bowel Disease",0.177337868533264,0.273055767544301,0.0295751808249859,1.53974878463752,0.166773070352079,0.00156729971070858,-2.35357814458857e-08,1.20187115871935e-08,-1.95826160525927,0.0501993236024564,0.301435737992978
"175","Pattern_13","LDL Cholesterol",0.177337868533264,0.290519262772516,0.0415571803597789,1.63822462272361,0.234339008940912,0.00656960177256091,-1.11523485526419e-08,4.34151081524967e-09,-2.56877133956893,0.0102059776636709,0.146328842800533
"176","Pattern_13","Systemic Lupus Erythematosus",0.177337868533264,0.317167906950412,0.0405187497709254,1.78849508891508,0.22848334710488,0.000469618529071792,-2.54285181582043e-08,1.97983647884456e-08,-1.28437466578272,0.199010892897904,0.540172423580024
"177","Pattern_13","Multiple Sclerosis",0.177337868533264,0.661714463240919,0.262708811300909,3.73137710920889,1.48140277919056,2.09959514094107e-05,-1.73986399876589e-08,1.15112120368035e-08,-1.51145161187477,0.130673428107317,0.444331541499917
"178","Pattern_13","Neuroticism",0.177337868533264,0.181698076287835,0.0159883548054217,1.02458700891486,0.0901575897898124,0.782261838082048,2.20391677107967e-09,1.87406980739831e-09,1.1760056975355,0.23959259930325,0.577173228960323
"179","Pattern_13","Primary Biliary Cirrhosis",0.177337868533264,0.278516329079717,0.0416304235926884,1.57054063739056,0.234752024127771,0.0112786658943023,-4.79134477079678e-08,2.28476017636074e-08,-2.0970887099532,0.0359857232247979,0.256344375205464
"180","Pattern_13","Rheumatoid Arthritis",0.177337868533264,0.263627342757556,0.0325862047056423,1.48658233539164,0.183752094096755,0.00780499241090604,-5.72513928892775e-09,7.18734691125485e-09,-0.796558084592051,0.425707728910981,0.729980698728902
"181","Pattern_13","Schizophrenia",0.177337868533264,0.21332474374202,0.0108973122948162,1.2029283170391,0.0614494376466023,0.000978719104507647,8.62054739137672e-09,6.68965701863412e-09,1.28863817193678,0.197523906346585,0.537649653995869
"182","Pattern_13","Subjective Well-Being",0.177337868533264,0.245415012836473,0.0387086337484533,1.38388385326983,0.218276186967886,0.085868920811807,1.17815662961188e-09,1.38840379510717e-09,0.848569150965869,0.396121078739049,0.709550215115064
"183","Pattern_13","Triglycerides",0.177337868533264,0.329432413498436,0.0423310339718732,1.8576540714238,0.238702733499545,0.000546713754142369,5.51947360955909e-09,6.32195895699549e-09,0.873063815678775,0.38262829519199,0.699360913083458
"184","Pattern_13","Type 1 Diabetes",0.177337868533264,0.398181402954102,0.103578131560356,2.24532642828857,0.584072270728387,0.000399190625534788,-1.36240349550847e-08,1.12160931587938e-08,-1.21468632278638,0.224485750996924,0.568021020358448
"185","Pattern_13","Type 2 Diabetes",0.177337868533264,0.246542614908296,0.0369708039868442,1.39024234895465,0.208476645696852,0.0611513635128056,-5.67687643610826e-10,4.41841769150776e-09,-0.128482113563398,0.89776745221175,0.965692226698477
"186","Pattern_13","Ulcerative Colitis",0.177337868533264,0.289914952000537,0.0378892121130279,1.63481694236195,0.213655506443175,0.00437542103079856,-1.50362469466009e-08,1.21180489208191e-08,-1.24081418096672,0.21467440131844,0.555075487248653
"187","Pattern_13","Years of Education (EduYears)",0.177337868533264,0.202603115510154,0.0222715124075942,1.14246955365966,0.125588023538337,0.257968887345626,1.19909388021323e-09,2.4224651091069e-09,0.494989123147912,0.620607798329406,0.843901418742798
"188","Pattern_13","Years of Education (College)",0.177337868533264,0.204052429254342,0.0104210216105856,1.15064216651542,0.0587636566108317,0.0103034837343484,2.65298430526014e-09,1.53070394285184e-09,1.73317924582947,0.0830638146629847,0.378954420168994
"189","Pattern_13","Savage cognition-intelligence",0.177337868533264,0.223406469575846,0.0139306440822875,1.25977870053141,0.0785542546411878,0.00118760458260923,7.64443019006737e-09,3.20920249892288e-09,2.38203422583433,0.017217297158956,0.184360581048511
"190","Pattern_13","Tissink 2022 - Cerebellar Volume",0.177337868533264,0.338784068874833,0.0266864051399476,1.91038762153209,0.15048339850178,2.24523765488324e-08,5.08891311330955e-08,1.53627249937512e-08,3.31250680812126,0.000924638755304701,0.0457588667741489
"191","Pattern_13","Tissink 2022 - Subcortical Volume",0.177337868533264,0.274644782675189,0.0261449053476338,1.54870916712113,0.147429906335711,9.31233529835208e-05,-1.45466079650834e-09,1.00231266927769e-08,-0.145130440938817,0.884607884329893,0.960581364948613
"192","Pattern_13","UKB_IDP_0021_Volume_of_left_amygdala",0.177337868533264,0.306593894196498,0.0606923045915519,1.72886872235632,0.342241085299655,0.0224542341463376,2.49104160095276e-10,6.29696602681252e-09,0.0395593940057146,0.968444400968966,0.9907849285027
"193","Pattern_13","UKB_IDP_0024_Volume_of_right_accumbens",0.177337868533264,0.306531227666819,0.0433826779534156,1.72851534870749,0.244632905042941,0.00179157854879058,3.41521625438036e-09,7.86771002059709e-09,0.434080087527321,0.664230284800215,0.874138556620197
"194","Pattern_13","UKB_IDP_0026_Volume_of_grey_matter_in_Left_Frontal_Pole",0.177337868533264,0.265457920218692,0.0334700461279203,1.49690487663045,0.188736034806024,0.00848480248666894,2.2229180023776e-09,7.40071722529363e-09,0.300365212547275,0.763898595657437,0.918790292361247
"195","Pattern_13","UKB_IDP_0137_IDP_T1_FAST_ROIs_L_cerebellum_I-IV",0.177337868533264,0.239658204838842,0.0266789992568351,1.35142148048254,0.150441637071051,0.0178855260269612,-5.02361041282441e-09,9.73568379463884e-09,-0.515999750894823,0.605854583201658,0.836095040890486
"196","Pattern_13","UKB_IDP_0138_IDP_T1_FAST_ROIs_R_cerebellum_I-IV",0.177337868533264,0.250257958839467,0.024725296035148,1.41119300073534,0.139424795389994,0.00231952673462747,-3.52217261921029e-09,9.19698558539979e-09,-0.382970331583616,0.701741762106731,0.892058823036514
"197","Pattern_13","UKB_IDP_0139_IDP_T1_FAST_ROIs_L_cerebellum_V",0.177337868533264,0.251700205127436,0.0281393723376358,1.4193257605339,0.158676613012057,0.0110727606081841,8.85956680159097e-10,9.69078229030458e-09,0.0914226172478849,0.927156791036723,0.978180293171119
"198","Pattern_13","UKB_IDP_0140_IDP_T1_FAST_ROIs_R_cerebellum_V",0.177337868533264,0.284407399200958,0.0296417326204547,1.60376010805391,0.167148352834153,0.000472006615128765,1.01703811371128e-08,1.01336508224974e-08,1.00362458853762,0.315559598151666,0.65171693052722
"199","Pattern_13","UKB_IDP_0141_IDP_T1_FAST_ROIs_L_cerebellum_VI",0.177337868533264,0.301256151870136,0.0283234418918651,1.69876944141588,0.159714572674884,7.20549012502882e-06,1.85816855600147e-08,1.02108795878778e-08,1.81979283959773,0.0687905585819727,0.350206480053679
"200","Pattern_13","UKB_IDP_0142_IDP_T1_FAST_ROIs_V_cerebellum_VI",0.177337868533264,0.261047860675863,0.0276027359176659,1.47203675579814,0.15565054517664,0.00189109811298389,1.01938801870169e-08,1.06590870802121e-08,0.956355840824413,0.338892486815508,0.667175455808263
"201","Pattern_13","UKB_IDP_0143_IDP_T1_FAST_ROIs_R_cerebellum_VI",0.177337868533264,0.30462527700865,0.0324255538033797,1.71776778151311,0.182846191124133,5.20820378312671e-05,1.78886882438437e-08,1.037931967888e-08,1.72349333070876,0.0847993502011657,0.380702567991731
"202","Pattern_13","UKB_IDP_0144_IDP_T1_FAST_ROIs_L_cerebellum_crus_I",0.177337868533264,0.250876519334623,0.0233838750490563,1.41468103462383,0.131860584783504,0.00213695564949136,2.00369654408417e-08,1.19293898244306e-08,1.67963036967803,0.0930292550129509,0.385530549806609
"203","Pattern_13","UKB_IDP_0145_IDP_T1_FAST_ROIs_V_cerebellum_crus_I",0.177337868533264,0.184896371658503,0.0559896977200722,1.04262204788946,0.315723303675378,0.892784928166076,-4.28216554499096e-09,6.89370895847131e-09,-0.621170050953316,0.534487742440539,0.796499146450718
"204","Pattern_13","UKB_IDP_0146_IDP_T1_FAST_ROIs_R_cerebellum_crus_I",0.177337868533264,0.256212163638323,0.0214346316534674,1.44476848491197,0.120868891854572,0.000372128499389549,1.8081874895179e-08,1.10781902102622e-08,1.63220476918956,0.102636356440577,0.400590709968198
"205","Pattern_13","UKB_IDP_0147_IDP_T1_FAST_ROIs_L_cerebellum_crus_II",0.177337868533264,0.256416141189774,0.024455530656147,1.44591870484603,0.137903600953452,0.0016072411395645,1.29253262933251e-08,1.06346573680707e-08,1.21539658928099,0.224214868257456,0.568021020358448
"206","Pattern_13","UKB_IDP_0148_IDP_T1_FAST_ROIs_V_cerebellum_crus_II",0.177337868533264,0.282595490508812,0.0306838136966873,1.59354283913593,0.173024599598882,0.000671095879157287,2.41799057652536e-08,1.04935810569406e-08,2.30425682462906,0.021208231052825,0.197943489826367
"207","Pattern_13","UKB_IDP_0149_IDP_T1_FAST_ROIs_R_cerebellum_crus_II",0.177337868533264,0.237888982170473,0.0216964189017656,1.34144491606907,0.122345097982814,0.00708005776355694,5.06466726426028e-09,1.01299195530182e-08,0.499971123931707,0.617095410123591,0.843901418742798
"208","Pattern_13","UKB_IDP_0150_IDP_T1_FAST_ROIs_L_cerebellum_VIIb",0.177337868533264,0.241096325439558,0.0253202223832338,1.35953097572239,0.142779557421399,0.0115730752916254,4.98645397446153e-09,1.00658916564834e-08,0.495381248341748,0.620331028666264,0.843901418742798
"209","Pattern_13","UKB_IDP_0151_IDP_T1_FAST_ROIs_V_cerebellum_VIIb",0.177337868533264,0.279163569742058,0.0258749223346661,1.57419039740908,0.145907484671344,2.97040119331362e-05,2.27614416227574e-08,8.6619991787982e-09,2.62773537066017,0.00859553542379768,0.143168878678569
"210","Pattern_13","UKB_IDP_0152_IDP_T1_FAST_ROIs_R_cerebellum_VIIb",0.177337868533264,0.227599358572928,0.0231975012843327,1.28342220674788,0.130809631784772,0.0391235034175943,3.25418235439756e-09,1.11814347749836e-08,0.291034417307357,0.771024997043451,0.919404250616361
"211","Pattern_13","UKB_IDP_0153_IDP_T1_FAST_ROIs_L_cerebellum_VIIIa",0.177337868533264,0.252481345319277,0.0274699480598002,1.42373057377712,0.154901760616613,0.00672149372599112,6.96476341829319e-09,1.11709893466643e-08,0.623468808550327,0.532976493264241,0.796499146450718
"212","Pattern_13","UKB_IDP_0154_IDP_T1_FAST_ROIs_V_cerebellum_VIIIa",0.177337868533264,0.273440429992294,0.0265629140713686,1.54191787830698,0.149787038104532,0.000462772510760472,2.02011779171547e-08,1.2450315725942e-08,1.62254342474727,0.104687043006177,0.400672711361771
"213","Pattern_13","UKB_IDP_0155_IDP_T1_FAST_ROIs_R_cerebellum_VIIIa",0.177337868533264,0.247093305067589,0.0253233881028854,1.39334766517305,0.142797408767408,0.00777739183114614,1.00235370283777e-08,9.95408679818754e-09,1.00697705692127,0.313945799702105,0.65051281574107
"214","Pattern_13","UKB_IDP_0156_IDP_T1_FAST_ROIs_L_cerebellum_VIIIb",0.177337868533264,0.275952165626294,0.0249512298077071,1.55608143883004,0.140698825434607,8.14622111722351e-05,1.42881641752749e-08,1.03009178259616e-08,1.38707680390034,0.165418344333423,0.497892838389707
"215","Pattern_13","UKB_IDP_0157_IDP_T1_FAST_ROIs_V_cerebellum_VIIIb",0.177337868533264,0.253217264528239,0.0283735999145057,1.42788038799926,0.159997411433777,0.0118837135334518,1.22699855704505e-08,1.56913435305322e-08,0.781958890045046,0.434238733944631,0.738224143194281
"216","Pattern_13","UKB_IDP_0158_IDP_T1_FAST_ROIs_R_cerebellum_VIIIb",0.177337868533264,0.250148016323229,0.0278976867659411,1.41057303999516,0.157313759304083,0.00796053672940492,6.46750730286535e-09,8.88271666584132e-09,0.72810014617896,0.466552284376386,0.757880352025152
"217","Pattern_13","UKB_IDP_0159_IDP_T1_FAST_ROIs_L_cerebellum_IX",0.177337868533264,0.275127075252417,0.0271717941511279,1.55142879255262,0.153220484580433,0.00064085866056111,1.72795963114391e-08,1.47780486515491e-08,1.16927455842607,0.242293030083087,0.578757938433515
"218","Pattern_13","UKB_IDP_0160_IDP_T1_FAST_ROIs_V_cerebellum_IX",0.177337868533264,0.294732244846056,0.0288082479165808,1.66198143286453,0.162448371319953,2.90029639913023e-05,1.90548117200151e-08,1.18248961826284e-08,1.61141471567488,0.107089361943564,0.40333834020514
"219","Pattern_13","UKB_IDP_0161_IDP_T1_FAST_ROIs_R_cerebellum_IX",0.177337868533264,0.283572769899097,0.025700229269044,1.59905367220485,0.144922398592059,8.33388859433873e-05,1.85828860123691e-08,1.26434107973556e-08,1.46976842801436,0.141624482717796,0.46392013040707
"220","Pattern_13","UKB_IDP_0162_IDP_T1_FAST_ROIs_L_cerebellum_X",0.177337868533264,0.264661533546208,0.0285698841275235,1.49241408919135,0.161104248989913,0.00220299325237739,1.17598186259173e-08,9.6598122044701e-09,1.2173961953914,0.223453509914781,0.56743325668097
"221","Pattern_13","UKB_IDP_0163_IDP_T1_FAST_ROIs_V_cerebellum_X",0.177337868533264,0.310410359072061,0.0313926789146941,1.75038959044348,0.177021857623182,3.69603068764654e-06,2.1120583935484e-08,8.44429453698985e-09,2.50116618303237,0.0123785077851518,0.157734372801881
"222","Pattern_13","UKB_IDP_0164_IDP_T1_FAST_ROIs_R_cerebellum_X",0.177337868533264,0.260344974895066,0.032946663257988,1.46807321554241,0.185784703123394,0.0131081584335177,5.41069649790706e-09,1.01544450667347e-08,0.532840195830314,0.594144206386038,0.829074669632452
"223","Pattern_13","UKB_IDP_0193_aseg_lh_volume_Cerebellum-White-Matter",0.177337868533264,0.314824316447731,0.0267371782603697,1.77527969097405,0.15076970576848,1.54262682224137e-07,1.11212200464401e-08,8.6308297618655e-09,1.28854587024508,0.197556012137585,0.537649653995869
"224","Pattern_13","UKB_IDP_0194_aseg_lh_volume_Cerebellum-Cortex",0.177337868533264,0.306211775805317,0.0263838959306756,1.72671397450499,0.148777563127904,2.87594001824708e-06,2.79843023980626e-08,1.23596495275767e-08,2.26416633704898,0.0235638861699042,0.210688864577967
"225","Pattern_13","UKB_IDP_0210_aseg_rh_volume_Cerebellum-White-Matter",0.177337868533264,0.338224442562735,0.0304882183879633,1.90723191476327,0.171921646742046,6.17667833741383e-09,1.74175191919298e-08,8.43006166900582e-09,2.06612002092078,0.0388171482423416,0.265111974303851
"226","Pattern_13","UKB_IDP_0211_aseg_rh_volume_Cerebellum-Cortex",0.177337868533264,0.295911509267526,0.0251151687254979,1.66863125013832,0.141623269374002,6.39023633374505e-06,2.21737895624698e-08,1.2089809989283e-08,1.83408916948452,0.0666407588473503,0.343534901775246
"227","Pattern_13","UKB_IDP_0434_Volume_of_V1_in_the_right_hemisphere",0.177337868533264,0.208818026077472,0.0267809795891721,1.17751514554999,0.151016699426206,0.237842513766937,-7.63183163566203e-09,8.71454077825942e-09,-0.87575832506304,0.3811614303579,0.697430373002245
"228","Pattern_13","UKB_IDP_0442_Volume_of_entorhinal_in_the_left_hemisphere_DKT_parcellation",0.177337868533264,0.229547034591818,0.035592191183036,1.29440506131244,0.200702712158513,0.126645288948413,1.03533185890982e-09,7.02354705332074e-09,0.147408688380655,0.882809448102998,0.960300915669594
"229","Pattern_6","Demontis 2023 -  Attention Deficit Hyperactivity Disorder",0.224797966849656,0.243493292689304,0.0129138700212726,1.08316501301878,0.0574465605817038,0.146187694092516,1.27798258054418e-09,1.37147509920358e-09,0.931830684557316,0.35142403420422,0.674241328330353
"230","Pattern_6","Grove 2019  - Autism Spectrum Disorder",0.224797966849656,0.223299359382724,0.0259180299538075,0.993333536384098,0.115294770308761,0.953657449404232,-1.87162381901844e-09,4.55203664095228e-09,-0.411161852736514,0.680953858146567,0.879985271490153
"231","Pattern_6","Chambers_total_cerebellar_volume",0.224797966849656,0.328918045248732,0.0215649235576958,1.46317179758441,0.0959302428750094,8.63808804322214e-07,1.64781937814432e-08,8.79354473201326e-09,1.87389662344625,0.0609446749543543,0.327172837203131
"232","Pattern_6","Davies reaction time",0.224797966849656,0.255703362725545,0.0126821974175651,1.13748076243304,0.0564159791803051,0.0149141364033884,1.20868660354111e-09,1.10874958216572e-09,1.09013488977393,0.275653729279981,0.61039660344204
"233","Pattern_6","Gui_age_onset_walking",0.224797966849656,0.233544372661985,0.0190244226082108,1.038907851058,0.0846289798560956,0.645076527493677,2.2531872967382e-09,4.35133357860422e-09,0.517815344660603,0.604587111160316,0.835381515663596
"234","Pattern_6","Huang_neurodev_disorders",0.224797966849656,0.250355359810689,0.127226471705923,1.11369049871401,0.565959174315003,0.839579312113785,1.10033884783197e-09,5.31878740959402e-09,0.206877764252653,0.836105322414628,0.94794028674754
"235","Pattern_6","Lee_cognitive_performance",0.224797966849656,0.265869231206597,0.00976940163286145,1.18270300631504,0.0434585853678791,2.60544173487391e-05,7.20227250022824e-10,4.06559427323878e-10,1.77151776989559,0.0764746403591517,0.36663455717695
"236","Pattern_6","Lee_educ_attainment",0.224797966849656,0.263973183187599,0.00835894590773455,1.17426855272291,0.0371842593813358,5.10056246659464e-06,1.93182087853126e-09,6.0151351226249e-10,3.21160013723557,0.00131997958969714,0.0561783313375104
"237","Pattern_6","Alzheimer's Disease",0.224797966849656,0.280080193081495,0.0519453341507325,1.24591960063772,0.231075640401469,0.2693996533074,-8.67510230104135e-09,5.61332702738948e-09,-1.54544751423039,0.122238054992094,0.432097310669727
"238","Pattern_6","Anorexia Nervosa",0.224797966849656,0.23220970787834,0.0254501200032114,1.03297067643695,0.113213301525241,0.769786609445267,2.20206932174173e-09,6.32031049572953e-09,0.348411573012056,0.727531112365856,0.903636929502467
"239","Pattern_6","Autism Spectrum Disorder",0.224797966849656,0.250772050481986,0.0233172786532385,1.11554412166771,0.103725487289807,0.261794683595743,3.47314188119717e-08,1.53974125084126e-08,2.25566593042797,0.024091560780666,0.211846451823377
"240","Pattern_6","Bipolar Disorder",0.224797966849656,0.272824982634781,0.0335724073000949,1.21364524091646,0.149344799557498,0.142964184689401,3.67127794709795e-09,1.39230146339334e-08,0.263684126148245,0.792023328262554,0.929884169479509
"241","Pattern_6","Body Mass Index",0.224797966849656,0.27025245400334,0.0152310806661254,1.20220150471416,0.0677545303437368,0.0027009961869459,3.53257630105424e-09,2.55870983347311e-09,1.38060840461118,0.167399397763649,0.50102098233621
"242","Pattern_6","Celiac Disease",0.224797966849656,0.231210287869222,0.0459559680560546,1.02852481768153,0.204432311822418,0.887279488499721,-3.87764684690126e-08,1.58904248965188e-08,-2.44024113398677,0.0146774610793896,0.166136367962453
"243","Pattern_6","Coronary Artery Disease",0.224797966849656,0.34162916626002,0.0438172004738577,1.51971644160154,0.194918135105565,0.00612893259934824,2.1874462830516e-09,3.20884411983731e-09,0.681692909147142,0.495433152112224,0.775777592122746
"244","Pattern_6","Crohn's Disease",0.224797966849656,0.289980908374949,0.0261757049578441,1.28996232678958,0.11644102179692,0.00979093547612549,-1.26427321512995e-08,1.58276827246151e-08,-0.798773413093354,0.424421809510035,0.728709686169568
"245","Pattern_6","Depressive Symptoms",0.224797966849656,0.229032448806778,0.0270256068898594,1.01883683387561,0.12022175853545,0.875467141500561,8.54131813267047e-10,1.21338507509e-09,0.70392477277149,0.481479623110612,0.76347886585647
"246","Pattern_6","Ever Smoked",0.224797966849656,0.269289558741968,0.0312129050716069,1.19791812406412,0.138848698273512,0.14284666912883,5.22679394472004e-09,2.75539204436316e-09,1.89693294477378,0.057836788684483,0.322166256512025
"247","Pattern_6","Fasting Glucose",0.224797966849656,0.351930689218991,0.0454518788072632,1.56554213612777,0.202189901644712,0.00210899463910044,4.81385425555101e-09,4.41033033603504e-09,1.09149516901692,0.275055056464375,0.61039660344204
"248","Pattern_6","HDL Cholesterol",0.224797966849656,0.301651008427354,0.0286948643610602,1.34187605277185,0.127647348253159,0.0065444761428298,-2.77762845991765e-09,3.57859347613206e-09,-0.776178819539978,0.437643410148172,0.740306181872265
"249","Pattern_6","Height",0.224797966849656,0.266484581821605,0.0177021290657982,1.18544035587221,0.0787468379446567,0.0172778241458169,-1.09891708631746e-08,4.27415598793606e-09,-2.57107389018834,0.0101383693124208,0.146328842800533
"250","Pattern_6","Inflammatory Bowel Disease",0.224797966849656,0.301007387384076,0.0238835529574306,1.33901294394441,0.106244523881321,0.00176161562090515,-7.64811465570423e-09,9.22530484710052e-09,-0.829036523178744,0.407083740601868,0.716521257238027
"251","Pattern_6","LDL Cholesterol",0.224797966849656,0.356340553493923,0.0353521707005475,1.5851591475124,0.157261968139556,0.000197459740422802,-1.16159034159276e-09,3.47782491475349e-09,-0.333999085654114,0.738380248632568,0.907201598781815
"252","Pattern_6","Systemic Lupus Erythematosus",0.224797966849656,0.315891388147705,0.0388004093338219,1.40522351057993,0.17260124669976,0.015595173448098,-2.49638757698519e-08,1.72036179379899e-08,-1.45108289778544,0.146756778134233,0.470266861605841
"253","Pattern_6","Multiple Sclerosis",0.224797966849656,0.539136112961629,0.187104622424492,2.39831400842785,0.832323463804399,0.00490227670931482,-1.39980485581044e-08,9.39678607462228e-09,-1.48966342821283,0.136312755254587,0.45466072599022
"254","Pattern_6","Neuroticism",0.224797966849656,0.232637987060543,0.0156166984421086,1.0348758501723,0.069469927424001,0.618927633799098,2.15003741353748e-09,1.63904336336238e-09,1.3117635942998,0.189599912021574,0.528100278510352
"255","Pattern_6","Primary Biliary Cirrhosis",0.224797966849656,0.360085789294753,0.0449240251415802,1.60181959979904,0.199841776912623,0.000435863473659072,6.29375117137814e-09,1.78928784369289e-08,0.351746153843449,0.725028643929589,0.903636929502467
"256","Pattern_6","Rheumatoid Arthritis",0.224797966849656,0.314202376165072,0.0336535397697869,1.3977100441269,0.149705712384375,0.00334167177056894,1.14345941571274e-09,5.99729295347093e-09,0.190662591369821,0.848789948739296,0.952043345677671
"257","Pattern_6","Schizophrenia",0.224797966849656,0.276723147828148,0.0116594868644292,1.23098599024794,0.0518665138649898,1.16949037745519e-05,1.19446952917896e-08,5.73296107806212e-09,2.08351236457848,0.0372045458395132,0.260620633147442
"258","Pattern_6","Subjective Well-Being",0.224797966849656,0.168339206966994,0.0382053591905093,0.748846661409435,0.169954202548731,0.13006870550131,-2.88905737870801e-09,1.03542588875781e-09,-2.79021165114383,0.00526735957308462,0.116353821775308
"259","Pattern_6","Triglycerides",0.224797966849656,0.31976503786205,0.024594093022414,1.4224552043031,0.109405317882,8.12057592284912e-05,5.26226391217372e-11,2.94630501866834e-09,0.0178605537404682,0.985750097545459,0.994439478539555
"260","Pattern_6","Type 1 Diabetes",0.224797966849656,0.422491032613855,0.103565778016483,1.87942550608749,0.460706026250441,0.00992317326473239,-5.95609009339134e-10,9.97971100211944e-09,-0.0596819897101872,0.952408916291216,0.982893391788414
"261","Pattern_6","Type 2 Diabetes",0.224797966849656,0.301929220365773,0.0369392106881377,1.34311366155594,0.164321818412363,0.0325937486308972,1.36651785564316e-09,3.75888249505007e-09,0.363543648263193,0.716198813381739,0.900014225577019
"262","Pattern_6","Ulcerative Colitis",0.224797966849656,0.266705684464675,0.0320162854810647,1.18642391745049,0.142422486865626,0.194641856433382,-1.87775820227738e-08,9.29253229385344e-09,-2.02071743513813,0.0433090239346579,0.277595189557085
"263","Pattern_6","Years of Education (EduYears)",0.224797966849656,0.262807544800794,0.0242144823174987,1.16908328168537,0.107716642889805,0.119026279945022,1.86700253800443e-09,2.10517320049597e-09,0.886864101046206,0.375152071254271,0.692989242733584
"264","Pattern_6","Years of Education (College)",0.224797966849656,0.263248455029253,0.0113878795741006,1.17104464385709,0.0506582854537861,0.000762705842863948,2.86480123770618e-09,1.36311259534407e-09,2.10166148232461,0.0355829399391003,0.255812487129748
"265","Pattern_6","Savage cognition-intelligence",0.224797966849656,0.272473026873362,0.0133147627900623,1.21207958724818,0.0592299075327811,0.000367446396954037,4.38886878556419e-09,2.37121612006144e-09,1.8508936188619,0.0641848589510522,0.336417191743446
"266","Pattern_6","Tissink 2022 - Cerebellar Volume",0.224797966849656,0.33081670553275,0.0255056973358778,1.47161787167763,0.113460533888795,3.24424073040026e-05,1.45390842262703e-08,1.16302348335635e-08,1.25011097663412,0.211259010584061,0.550614071763884
"267","Pattern_6","Tissink 2022 - Subcortical Volume",0.224797966849656,0.325508626290734,0.0260809067981659,1.44800520597427,0.116019317984351,6.60104947597482e-05,2.46766722705213e-09,8.43233131646836e-09,0.292643532902077,0.769794635255133,0.919404250616361
"268","Pattern_6","UKB_IDP_0021_Volume_of_left_amygdala",0.224797966849656,0.319685976758863,0.0630060440495641,1.42210350582337,0.280278531574542,0.107982849225685,-1.35637884163936e-09,5.56793706180642e-09,-0.24360527545175,0.807536542150957,0.937701357858788
"269","Pattern_6","UKB_IDP_0024_Volume_of_right_accumbens",0.224797966849656,0.304480093885379,0.0433819867245307,1.35446106631833,0.192982113372691,0.0587431843302939,-2.18970664316486e-09,6.25507691541216e-09,-0.350068699837974,0.726287140366582,0.903636929502467
"270","Pattern_6","UKB_IDP_0026_Volume_of_grey_matter_in_Left_Frontal_Pole",0.224797966849656,0.25717044787483,0.0324679957173968,1.14400700094776,0.144431892211513,0.303390272708621,-6.81266262124752e-09,5.9650789284389e-09,-1.14209094346895,0.253416219541798,0.589365808945296
"271","Pattern_6","UKB_IDP_0137_IDP_T1_FAST_ROIs_L_cerebellum_I-IV",0.224797966849656,0.278180994489027,0.0249605623216118,1.2374711319123,0.111035534134992,0.0288183379019118,-2.09800309807673e-09,7.24166311454943e-09,-0.289712882923479,0.772035899674578,0.919404250616361
"272","Pattern_6","UKB_IDP_0138_IDP_T1_FAST_ROIs_R_cerebellum_I-IV",0.224797966849656,0.290199657942685,0.0247180224919168,1.29093542085622,0.10995661054376,0.0061128890192503,-1.99765838477453e-09,7.22701289845074e-09,-0.276415500130457,0.782228952934336,0.924768451024593
"273","Pattern_6","UKB_IDP_0139_IDP_T1_FAST_ROIs_L_cerebellum_V",0.224797966849656,0.317427219819599,0.0273350067085084,1.41205556379384,0.121598104696338,0.000410235383479152,1.01498608381776e-08,7.16340725497185e-09,1.41690406211834,0.156510978718606,0.485143353999697
"274","Pattern_6","UKB_IDP_0140_IDP_T1_FAST_ROIs_R_cerebellum_V",0.224797966849656,0.297600213561468,0.0251373880839555,1.32385633968167,0.111822132718697,0.00320425295571362,2.43799427902344e-10,7.13835256432385e-09,0.0341534584773535,0.972754779623348,0.9907849285027
"275","Pattern_6","UKB_IDP_0141_IDP_T1_FAST_ROIs_L_cerebellum_VI",0.224797966849656,0.31977391965898,0.025088367756275,1.42249471443327,0.111604068790595,0.000104706577171525,9.58303961440939e-09,7.56990332689495e-09,1.26593949758407,0.205534744095453,0.547205276662177
"276","Pattern_6","UKB_IDP_0142_IDP_T1_FAST_ROIs_V_cerebellum_VI",0.224797966849656,0.318302845002405,0.0274579432224842,1.41595072883948,0.122144980256196,0.00029071942203748,1.28723521400099e-08,7.43858576271275e-09,1.73048379767762,0.0835438735618465,0.378954420168994
"277","Pattern_6","UKB_IDP_0143_IDP_T1_FAST_ROIs_R_cerebellum_VI",0.224797966849656,0.32161711319943,0.028187273715476,1.43069404811177,0.125389362326072,0.00017230908847185,8.14575912100425e-09,7.27870484689614e-09,1.11912205431408,0.263088072313125,0.600055110270451
"278","Pattern_6","UKB_IDP_0144_IDP_T1_FAST_ROIs_L_cerebellum_crus_I",0.224797966849656,0.245403013771164,0.0204325094807477,1.09166029039439,0.090892768146844,0.307163020894979,-7.42364620770775e-09,8.60073719918291e-09,-0.863140686174322,0.388060120463163,0.702801647953711
"279","Pattern_6","UKB_IDP_0145_IDP_T1_FAST_ROIs_V_cerebellum_crus_I",0.224797966849656,0.292617739306659,0.0594968280276441,1.30169210783993,0.264667998832193,0.237885316682095,3.02120217022137e-09,5.7262895929658e-09,0.527602057348379,0.597775564766044,0.829788911821358
"280","Pattern_6","UKB_IDP_0146_IDP_T1_FAST_ROIs_R_cerebellum_crus_I",0.224797966849656,0.263027881079205,0.0224222772375443,1.17006343413736,0.0997441282577979,0.082140594662357,-2.4361571613042e-09,9.22889271160077e-09,-0.263970688297409,0.791802505228042,0.929884169479509
"281","Pattern_6","UKB_IDP_0147_IDP_T1_FAST_ROIs_L_cerebellum_crus_II",0.224797966849656,0.274871426031627,0.0238557735311254,1.22274871914415,0.106120948803242,0.0360483688517364,1.55772773611671e-09,8.76564156410253e-09,0.177708354228855,0.858952023958865,0.953526292210817
"282","Pattern_6","UKB_IDP_0148_IDP_T1_FAST_ROIs_V_cerebellum_crus_II",0.224797966849656,0.298708631026209,0.0291935020162334,1.3287870669488,0.129865507350242,0.0108363571866326,1.21564644498449e-08,7.80393353009354e-09,1.5577355192695,0.119295956877806,0.426658481068858
"283","Pattern_6","UKB_IDP_0149_IDP_T1_FAST_ROIs_R_cerebellum_crus_II",0.224797966849656,0.289655391417462,0.022493034761559,1.28851428452279,0.100058888773679,0.00501344805287725,8.47703993765573e-09,9.03922573756333e-09,0.937805978495328,0.348344128150405,0.673516598785779
"284","Pattern_6","UKB_IDP_0150_IDP_T1_FAST_ROIs_L_cerebellum_VIIb",0.224797966849656,0.285239221104929,0.0243369447150077,1.26886922111576,0.108261409371572,0.0156038719999561,4.52894053952538e-09,8.54960751922913e-09,0.5297249644898,0.596302636553703,0.829788911821358
"285","Pattern_6","UKB_IDP_0151_IDP_T1_FAST_ROIs_V_cerebellum_VIIb",0.224797966849656,0.311963582003336,0.0281951582617666,1.38775090529166,0.125424436247786,0.00133767207173224,1.60220457625168e-08,8.15148814808152e-09,1.96553628876804,0.0493521998611643,0.300061375155879
"286","Pattern_6","UKB_IDP_0152_IDP_T1_FAST_ROIs_R_cerebellum_VIIb",0.224797966849656,0.262675792607,0.0217384101517838,1.16849719011327,0.0967019873730545,0.0910356302837548,-1.13226168880974e-09,8.43121927002938e-09,-0.134293944036613,0.893170141824447,0.963338095186225
"287","Pattern_6","UKB_IDP_0153_IDP_T1_FAST_ROIs_L_cerebellum_VIIIa",0.224797966849656,0.282548471421461,0.0238067170661588,1.25689958579753,0.105902724120635,0.0192994911051196,2.34194678561182e-09,8.15177240248008e-09,0.287292955443569,0.773888016156058,0.919505135890615
"288","Pattern_6","UKB_IDP_0154_IDP_T1_FAST_ROIs_V_cerebellum_VIIIa",0.224797966849656,0.288244229531266,0.0250476368314468,1.28223681722194,0.111422879763848,0.0116545466630368,5.51002265879487e-09,9.27066081062211e-09,0.594350583130127,0.552277653123898,0.810210331068183
"289","Pattern_6","UKB_IDP_0155_IDP_T1_FAST_ROIs_R_cerebellum_VIIIa",0.224797966849656,0.267540717432614,0.0252314950077606,1.19013851051217,0.112240761610782,0.0940443571465858,9.5524653215581e-10,8.09687641167509e-09,0.117977165957284,0.906085750438148,0.968433187811341
"290","Pattern_6","UKB_IDP_0156_IDP_T1_FAST_ROIs_L_cerebellum_VIIIb",0.224797966849656,0.296909156419627,0.0230560676725963,1.32078221427242,0.102563506226086,0.0020892103233224,7.33707969161721e-09,7.3245603862813e-09,1.00170922276228,0.316484051025811,0.652423184548935
"291","Pattern_6","UKB_IDP_0157_IDP_T1_FAST_ROIs_V_cerebellum_VIIIb",0.224797966849656,0.28842249430756,0.0258437241832283,1.28302981717115,0.114964225635156,0.0150896971155638,7.36205568607998e-09,1.06591143943881e-08,0.690681740872959,0.489765566376943,0.772015648333433
"292","Pattern_6","UKB_IDP_0158_IDP_T1_FAST_ROIs_R_cerebellum_VIIIb",0.224797966849656,0.279014238038705,0.0260261135092537,1.24117776485634,0.115775573391461,0.0367345753038547,4.29108983175189e-09,6.54905748759194e-09,0.65522250184579,0.512324508741661,0.785465817436783
"293","Pattern_6","UKB_IDP_0159_IDP_T1_FAST_ROIs_L_cerebellum_IX",0.224797966849656,0.289465841000787,0.0261634595446274,1.28767108109292,0.11638654882553,0.0161371061562612,1.93810707592355e-09,1.0385481523059e-08,0.186616968276372,0.85196096170838,0.952552989061103
"294","Pattern_6","UKB_IDP_0160_IDP_T1_FAST_ROIs_V_cerebellum_IX",0.224797966849656,0.285748621185273,0.0287209959645832,1.27113525620265,0.127763593092422,0.0306664228137017,-2.52888060459662e-09,9.03536870824832e-09,-0.279886818817701,0.779564340291519,0.923156881547218
"295","Pattern_6","UKB_IDP_0161_IDP_T1_FAST_ROIs_R_cerebellum_IX",0.224797966849656,0.293947908503167,0.0245991792670397,1.30760928411669,0.109427943729987,0.00542749148407727,2.90401170258703e-09,9.14088897879692e-09,0.317694669448796,0.750716555067076,0.916005211263778
"296","Pattern_6","UKB_IDP_0162_IDP_T1_FAST_ROIs_L_cerebellum_X",0.224797966849656,0.30665523969861,0.0294311653908493,1.36413706936993,0.130922738329447,0.00344706287644485,9.79433163109548e-09,7.28329962564529e-09,1.34476571533712,0.178700905234733,0.518793351077095
"297","Pattern_6","UKB_IDP_0163_IDP_T1_FAST_ROIs_V_cerebellum_X",0.224797966849656,0.293412905078847,0.0311361651432504,1.3052293541208,0.138507325397983,0.0217688432032016,-7.90418064465661e-10,7.2984018256e-09,-0.108300157123876,0.91375759798342,0.971752208150284
"298","Pattern_6","UKB_IDP_0164_IDP_T1_FAST_ROIs_R_cerebellum_X",0.224797966849656,0.291509275455571,0.0306063336998661,1.29676117422597,0.136150402642812,0.0307048376986957,1.27650634608084e-09,7.28184871256109e-09,0.175299761979246,0.860844098787641,0.954599396675404
"299","Pattern_6","UKB_IDP_0193_aseg_lh_volume_Cerebellum-White-Matter",0.224797966849656,0.345392067473405,0.0285552922057245,1.53645547739496,0.127026470060657,3.99232355992763e-05,7.83088773347516e-09,8.85953316992637e-09,0.883893946021565,0.376753465588381,0.694064101796251
"300","Pattern_6","UKB_IDP_0194_aseg_lh_volume_Cerebellum-Cortex",0.224797966849656,0.31415235140164,0.0226761702601623,1.39748751202783,0.100873555833038,8.04440004032061e-05,8.65291430774363e-09,8.3814089850599e-09,1.03239375660676,0.301887695538253,0.640191563654419
"301","Pattern_6","UKB_IDP_0210_aseg_rh_volume_Cerebellum-White-Matter",0.224797966849656,0.349650830846314,0.0304230868751512,1.5554003256629,0.135335240356057,5.65582885863056e-05,7.56300488401858e-09,8.46539027727451e-09,0.893402978043624,0.371641408438417,0.69100139960959
"302","Pattern_6","UKB_IDP_0211_aseg_rh_volume_Cerebellum-Cortex",0.224797966849656,0.320052642201219,0.0227598208880257,1.4237345946072,0.101245670532453,1.56146962956823e-05,1.23234884124925e-08,8.48525558790993e-09,1.45234145098132,0.146406687286842,0.470266861605841
"303","Pattern_6","UKB_IDP_0434_Volume_of_V1_in_the_right_hemisphere",0.224797966849656,0.252668306075428,0.0264339648657493,1.12397949864205,0.117589875194148,0.285361724096212,-5.80870886223932e-09,7.24636136793144e-09,-0.801603531386882,0.422782334225194,0.728709686169568
"304","Pattern_6","UKB_IDP_0442_Volume_of_entorhinal_in_the_left_hemisphere_DKT_parcellation",0.224797966849656,0.21232068278341,0.032266969415955,0.944495565324261,0.143537639010476,0.699832307584802,-9.29125850341392e-09,5.73653846100155e-09,-1.61966289715972,0.105304710469524,0.401689701431541
"305","Pattern_16","Demontis 2023 -  Attention Deficit Hyperactivity Disorder",0.235836776455375,0.265845340250047,0.0144207358248004,1.12724293575286,0.0611471036941056,0.0389657712692364,1.55225911062822e-09,1.33985836496145e-09,1.15852477487266,0.246649947347293,0.58189699329827
"306","Pattern_16","Grove 2019  - Autism Spectrum Disorder",0.235836776455375,0.264846233271246,0.0267763844949472,1.12300650158081,0.113537781924414,0.295987853454351,2.7690335126817e-09,4.6157328734015e-09,0.599911994179399,0.548564888457842,0.807851960303314
"307","Pattern_16","Chambers_total_cerebellar_volume",0.235836776455375,0.334607787439872,0.0234628369288118,1.41881089314832,0.0994876086819794,2.90643720299462e-05,1.70613787475157e-08,9.30743845589343e-09,1.83309068637596,0.0667890859472506,0.343534901775246
"308","Pattern_16","Davies reaction time",0.235836776455375,0.299056116601171,0.0131474012075668,1.26806395972665,0.0557478837913752,3.93774319520708e-06,4.14460267561636e-09,1.09580609760486e-09,3.78224093174456,0.000155422817521784,0.021494854495534
"309","Pattern_16","Gui_age_onset_walking",0.235836776455375,0.26494432912384,0.0172046275900042,1.12342244965332,0.0729514194036639,0.0923639223230612,6.23383649675909e-09,3.80890331303827e-09,1.63664865826865,0.101703902392523,0.400590709968198
"310","Pattern_16","Huang_neurodev_disorders",0.235836776455375,0.358667697677626,0.147078652161547,1.52083022448152,0.623645957056139,0.340420049854025,4.9482029350438e-09,5.35115103179506e-09,0.92469879949995,0.355122604069217,0.677151345393633
"311","Pattern_16","Lee_cognitive_performance",0.235836776455375,0.289218011493193,0.0101997977968279,1.22634822202091,0.0432493945606398,2.2109007291016e-07,1.1224784878216e-09,3.98275340766953e-10,2.81834794406317,0.00482714686723108,0.111654005798562
"312","Pattern_16","Lee_educ_attainment",0.235836776455375,0.276095520781788,0.00828577407130454,1.17070596423298,0.0351335113880018,2.74181927256687e-06,1.68955570675245e-09,5.39323625380843e-10,3.13273075244826,0.0017318823292912,0.062349673594311
"313","Pattern_16","Alzheimer's Disease",0.235836776455375,0.403623002385141,0.0595791344227865,1.71145064163271,0.252628683779775,0.00318228193264615,2.54523814030817e-09,3.54016336232749e-09,0.71896064667332,0.472165167408082,0.758315076410866
"314","Pattern_16","Anorexia Nervosa",0.235836776455375,0.229679007884573,0.0276131715937916,0.973889701753249,0.11708594396861,0.824029242765272,-1.27959216370384e-09,6.15727488472308e-09,-0.207817936938086,0.835371126715726,0.94794028674754
"315","Pattern_16","Autism Spectrum Disorder",0.235836776455375,0.252256479133405,0.0245882245951769,1.06962316448189,0.104259500849434,0.507187672247812,2.10491560733386e-08,1.50413115267179e-08,1.39942291840369,0.161686198214311,0.491736709827821
"316","Pattern_16","Bipolar Disorder",0.235836776455375,0.325556386820016,0.0386008545765482,1.38043095616013,0.163676145666163,0.0133840222314779,1.79836150379668e-08,1.42575940081066e-08,1.26133589073596,0.207187855409112,0.547205276662177
"317","Pattern_16","Body Mass Index",0.235836776455375,0.277627660778862,0.0144476453149303,1.17720257608505,0.0612612058733093,0.00468132323178688,1.67922147584324e-09,2.28717457998858e-09,0.734190337080272,0.462832741887714,0.756716967989538
"318","Pattern_16","Celiac Disease",0.235836776455375,0.272647549538897,0.0466839238528958,1.15608580492317,0.197950143970567,0.412281891555793,-2.10009193956201e-08,1.46676403846124e-08,-1.43178581182369,0.152205128987354,0.478423211942524
"319","Pattern_16","Coronary Artery Disease",0.235836776455375,0.336827762900007,0.0430663181942127,1.42822407922346,0.18261069728606,0.0191566204912264,4.75160178584986e-10,3.0297721219402e-09,0.156830335570156,0.875378564350043,0.960300915669594
"320","Pattern_16","Crohn's Disease",0.235836776455375,0.295600140695352,0.0269993046167749,1.25340985887875,0.114483012457066,0.023185644341975,-1.39387700155311e-08,1.46236873072366e-08,-0.953163844568356,0.340507062095998,0.667218257956062
"321","Pattern_16","Depressive Symptoms",0.235836776455375,0.225464443765912,0.0294709195418766,0.95601901940249,0.124963205420394,0.724582267625288,3.65254776190555e-10,1.19562545880853e-09,0.305492638601508,0.759990975728144,0.918790292361247
"322","Pattern_16","Ever Smoked",0.235836776455375,0.217783100136407,0.0293457393314624,0.923448426533323,0.124432413691065,0.536127703219374,-1.4785001205403e-09,2.48175421766148e-09,-0.595748003576868,0.551343584375409,0.80970265531461
"323","Pattern_16","Fasting Glucose",0.235836776455375,0.361475939506935,0.0495183903181816,1.53273778983887,0.209968907574309,0.00994235570115775,4.05641147722619e-09,4.75119766775761e-09,0.853766094547833,0.393234604253125,0.707955361971786
"324","Pattern_16","HDL Cholesterol",0.235836776455375,0.302236672531405,0.0230498066583708,1.28155021907109,0.097736269146862,0.0042475117759779,-4.1994488462448e-09,2.99618933538532e-09,-1.40159662029661,0.161035736809824,0.490999354024907
"325","Pattern_16","Height",0.235836776455375,0.295325984041023,0.0191545420464906,1.25224737413634,0.0812194871995083,0.00246735815842517,-5.27797887710477e-09,3.94871403633822e-09,-1.33663233866366,0.18134267769214,0.521482727201182
"326","Pattern_16","Inflammatory Bowel Disease",0.235836776455375,0.296328931781875,0.0255553309594402,1.25650009398745,0.108360245350775,0.0211428307220174,-1.31822135899188e-08,8.57282792829247e-09,-1.53767388079892,0.12412837304921,0.434409070338861
"327","Pattern_16","LDL Cholesterol",0.235836776455375,0.328094258804023,0.0402166980402017,1.39119209368139,0.170527678696505,0.0225892159497497,-4.76246690922144e-09,3.28392484737692e-09,-1.4502362662244,0.14699264503734,0.470266861605841
"328","Pattern_16","Systemic Lupus Erythematosus",0.235836776455375,0.361123355636805,0.0412604719217485,1.53124275638637,0.174953510397713,0.00190994904287426,-1.43034124167057e-09,1.71640488032219e-08,-0.0833335571384577,0.933586318343065,0.979288013459795
"329","Pattern_16","Multiple Sclerosis",0.235836776455375,0.490174868326185,0.172514725650147,2.07844966206505,0.731500524400997,0.0197411896203082,-1.68085684604365e-08,8.49200268304502e-09,-1.97934092672817,0.0477776346342886,0.296416345486199
"330","Pattern_16","Neuroticism",0.235836776455375,0.252238349209596,0.0161503491695837,1.06954628960222,0.0684810461384493,0.322939112701227,2.45870118031667e-09,1.51113133979227e-09,1.62705988260072,0.103724380259623,0.400590709968198
"331","Pattern_16","Primary Biliary Cirrhosis",0.235836776455375,0.31690107845494,0.0430367141277803,1.34373053778109,0.182485169508428,0.0449745765339849,-1.73389429950412e-08,1.80799560466795e-08,-0.959014665205762,0.337551357322384,0.667175455808263
"332","Pattern_16","Rheumatoid Arthritis",0.235836776455375,0.300227831418345,0.0321024846275631,1.2730322892416,0.136121622378254,0.0409752349149915,-1.63933439658339e-09,5.38424490762542e-09,-0.304468764833057,0.760770785898349,0.918790292361247
"333","Pattern_16","Schizophrenia",0.235836776455375,0.287221085472727,0.0115206318492291,1.21788081481463,0.0488500225553628,1.068034054229e-05,9.79508936387659e-09,5.19653897373449e-09,1.88492560401935,0.0594398827481551,0.325528859816662
"334","Pattern_16","Subjective Well-Being",0.235836776455375,0.301516341536492,0.0437158179095424,1.27849585661863,0.185364719475015,0.12990094563235,4.47719010458346e-10,1.13647106730163e-09,0.393955484956939,0.693613904837475,0.88857542994219
"335","Pattern_16","Triglycerides",0.235836776455375,0.343264630520923,0.0270671518719678,1.45551781906193,0.114770699798339,8.55654092311486e-05,2.13045235132372e-09,2.77047262195449e-09,0.76898516680549,0.441902116251915,0.742406407082644
"336","Pattern_16","Type 1 Diabetes",0.235836776455375,0.364273778667321,0.0874836470732134,1.5446012455833,0.370949978150533,0.0817291422895862,-1.1655159486087e-08,8.92050982721985e-09,-1.30655755240835,0.19136302080208,0.529740545568149
"337","Pattern_16","Type 2 Diabetes",0.235836776455375,0.331519701275331,0.0417793925416853,1.40571672602581,0.177153848393068,0.021090443835434,4.33610798060679e-09,3.88015892967464e-09,1.11750782872453,0.263777254135881,0.600982865954127
"338","Pattern_16","Ulcerative Colitis",0.235836776455375,0.278530080905067,0.0335376172151108,1.18102903665566,0.142206901396724,0.201308739029755,-1.70425217507257e-08,8.42748204432045e-09,-2.02225548047429,0.0431499653121959,0.277595189557085
"339","Pattern_16","Years of Education (EduYears)",0.235836776455375,0.282213570769855,0.0244082300456704,1.1966478469199,0.103496284220493,0.0591118387374314,2.21900427819855e-09,1.90354064011336e-09,1.16572466667505,0.243725783810011,0.579929868649436
"340","Pattern_16","Years of Education (College)",0.235836776455375,0.283150495443412,0.0115282889193391,1.20062061438916,0.0488824902231503,4.97572263356273e-05,3.50562676945088e-09,1.20465435705258e-09,2.9100685594398,0.0036134948057757,0.0952177920055414
"341","Pattern_16","Savage cognition-intelligence",0.235836776455375,0.295713842640294,0.0140521391174468,1.25389198022832,0.0595841722764802,3.29528806604866e-05,6.30361095469205e-09,2.48524245572543e-09,2.53641689573183,0.0111993320606534,0.150836573576395
"342","Pattern_16","Tissink 2022 - Cerebellar Volume",0.235836776455375,0.338378393580283,0.0264028791137889,1.43479909565466,0.111954036646124,5.33447800504383e-05,1.45248688215608e-08,9.65078961769462e-09,1.50504460224991,0.13231261004101,0.445508281910238
"343","Pattern_16","Tissink 2022 - Subcortical Volume",0.235836776455375,0.332303094008063,0.0265010045674628,1.40903848416933,0.11237011023375,0.000355154118773772,3.19078623641181e-09,8.98914824029335e-09,0.354959797204065,0.722619709739433,0.903636929502467
"344","Pattern_16","UKB_IDP_0021_Volume_of_left_amygdala",0.235836776455375,0.336863978170072,0.0675939106959614,1.42837763996411,0.28661310467306,0.106290575713747,-7.25844439112861e-10,5.27591453889616e-09,-0.13757698949853,0.890574742292217,0.962001549034435
"345","Pattern_16","UKB_IDP_0024_Volume_of_right_accumbens",0.235836776455375,0.281435539873324,0.0444162083469435,1.19334882414566,0.18833452956116,0.297423313601465,-7.18509252408495e-09,6.39370532010766e-09,-1.12377598972046,0.261108069805858,0.598103307370146
"346","Pattern_16","UKB_IDP_0026_Volume_of_grey_matter_in_Left_Frontal_Pole",0.235836776455375,0.305363077852743,0.0348070872255097,1.29480686787849,0.147589734513251,0.0444075443211995,-2.8765286482029e-10,5.79721051937177e-09,-0.0496191856167857,0.96042585755183,0.989127224067116
"347","Pattern_16","UKB_IDP_0137_IDP_T1_FAST_ROIs_L_cerebellum_I-IV",0.235836776455375,0.314855105374834,0.0260219345562338,1.33505516021337,0.110338747617498,0.00198821117161166,7.59475304247077e-09,7.02441423292038e-09,1.08119378935221,0.27961092010009,0.615019578747919
"348","Pattern_16","UKB_IDP_0138_IDP_T1_FAST_ROIs_R_cerebellum_I-IV",0.235836776455375,0.29409606862526,0.0264363370314133,1.2470322612339,0.11209590560366,0.0238239025068383,-2.28913878004679e-09,7.54297160176153e-09,-0.303479702815294,0.761524313373029,0.918790292361247
"349","Pattern_16","UKB_IDP_0139_IDP_T1_FAST_ROIs_L_cerebellum_V",0.235836776455375,0.320007744376313,0.0265240533630913,1.35690348717459,0.112467842215907,0.00132372194974451,9.60950479861896e-09,6.85637073347741e-09,1.40154393222918,0.161051479844636,0.490999354024907
"350","Pattern_16","UKB_IDP_0140_IDP_T1_FAST_ROIs_R_cerebellum_V",0.235836776455375,0.319273360550449,0.0272368370267997,1.35378953761633,0.115490202317761,0.00242748996425764,6.85812166824711e-09,7.42456442075048e-09,0.923706938157846,0.355638918783732,0.677528754853878
"351","Pattern_16","UKB_IDP_0141_IDP_T1_FAST_ROIs_L_cerebellum_VI",0.235836776455375,0.335787118126907,0.0277138165498892,1.42381151563291,0.117512700802766,0.000206488793354084,9.7450582349283e-09,7.90353168736927e-09,1.23300046364108,0.217575591192074,0.557832359104497
"352","Pattern_16","UKB_IDP_0142_IDP_T1_FAST_ROIs_V_cerebellum_VI",0.235836776455375,0.316947923233701,0.0275742709910168,1.34392916998539,0.116920996824405,0.00226317569314697,7.83093900939797e-09,7.23889425530717e-09,1.08178662834545,0.279347349579155,0.615019578747919
"353","Pattern_16","UKB_IDP_0143_IDP_T1_FAST_ROIs_R_cerebellum_VI",0.235836776455375,0.358914402354202,0.0304823136245744,1.52187630677744,0.1292517396257,1.19929419318752e-05,1.58644947760156e-08,7.5853937148878e-09,2.09145304414173,0.0364874714502288,0.257957937694641
"354","Pattern_16","UKB_IDP_0144_IDP_T1_FAST_ROIs_L_cerebellum_crus_I",0.235836776455375,0.274150067343856,0.0217555874401186,1.16245681214071,0.0922484939249295,0.074683263502637,-2.74919589622955e-11,8.53549850424712e-09,-0.00322089669966153,0.997430100694831,0.998546746323358
"355","Pattern_16","UKB_IDP_0145_IDP_T1_FAST_ROIs_V_cerebellum_crus_I",0.235836776455375,0.32647987788219,0.0639230705928216,1.38434676215126,0.271047932191005,0.139110309792245,4.51512072019169e-09,5.46305069079811e-09,0.826483401993121,0.408529929700922,0.717585378997356
"356","Pattern_16","UKB_IDP_0146_IDP_T1_FAST_ROIs_R_cerebellum_crus_I",0.235836776455375,0.284029841914474,0.0233622948602669,1.20434923756778,0.0990612881137627,0.0354754154761546,2.39499410716194e-09,8.88690909140191e-09,0.269496861341712,0.787547357191108,0.92699858120316
"357","Pattern_16","UKB_IDP_0147_IDP_T1_FAST_ROIs_L_cerebellum_crus_II",0.235836776455375,0.29239060899181,0.0230922827477105,1.23980073585824,0.0979163771434947,0.017056709406179,5.37170136520721e-09,7.82120937001977e-09,0.686812117036272,0.492201133065659,0.773479738764403
"358","Pattern_16","UKB_IDP_0148_IDP_T1_FAST_ROIs_V_cerebellum_crus_II",0.235836776455375,0.325385741712,0.0307392076945633,1.37970738322727,0.130341027199292,0.0034953601440636,1.63344145021939e-08,7.57163024621877e-09,2.15731803733432,0.0309808925444087,0.237804262863564
"359","Pattern_16","UKB_IDP_0149_IDP_T1_FAST_ROIs_R_cerebellum_crus_II",0.235836776455375,0.292850473851782,0.0212882241371875,1.24175066439307,0.090266770336456,0.012098494903938,4.77364118309188e-09,8.104842714369e-09,0.588986282809503,0.555870475435464,0.811311640416095
"360","Pattern_16","UKB_IDP_0150_IDP_T1_FAST_ROIs_L_cerebellum_VIIb",0.235836776455375,0.27709340369288,0.0246412830437998,1.1749372080877,0.104484480385791,0.100054121128376,-9.49344004318904e-10,7.81062461960035e-09,-0.121545209321233,0.903259208253566,0.967842696456993
"361","Pattern_16","UKB_IDP_0151_IDP_T1_FAST_ROIs_V_cerebellum_VIIb",0.235836776455375,0.336429786755032,0.0260938777213877,1.42653657250396,0.110643802521297,5.23878234497745e-05,1.93996814331409e-08,7.04304810459026e-09,2.75444397724577,0.00587919542577055,0.119151693962283
"362","Pattern_16","UKB_IDP_0152_IDP_T1_FAST_ROIs_R_cerebellum_VIIb",0.235836776455375,0.277063965506042,0.0230736633547232,1.17481238367617,0.0978374268064556,0.0866419163167552,1.36011163360901e-09,8.64612258262965e-09,0.157308853837155,0.875001442782811,0.960300915669594
"363","Pattern_16","UKB_IDP_0153_IDP_T1_FAST_ROIs_L_cerebellum_VIIIa",0.235836776455375,0.285129066974779,0.02647442897544,1.20901019450938,0.112257423856239,0.0686892570126174,3.56515898894799e-10,8.31837611827344e-09,0.0428588337225604,0.965814064507087,0.9907849285027
"364","Pattern_16","UKB_IDP_0154_IDP_T1_FAST_ROIs_V_cerebellum_VIIIa",0.235836776455375,0.326019690179683,0.0256880526092296,1.38239546469281,0.108923014448047,0.000534982476241282,1.56192546450392e-08,8.91433903423852e-09,1.75214949589063,0.0797481052563589,0.373024099539555
"365","Pattern_16","UKB_IDP_0155_IDP_T1_FAST_ROIs_R_cerebellum_VIIIa",0.235836776455375,0.268800624441476,0.0248316729992168,1.13977399318948,0.10529177583088,0.190745827407154,-1.35664444628771e-09,7.5494955735991e-09,-0.17970001214809,0.857388083906132,0.953526292210817
"366","Pattern_16","UKB_IDP_0156_IDP_T1_FAST_ROIs_L_cerebellum_VIIIb",0.235836776455375,0.299245025027872,0.0251468314216616,1.26886497316289,0.106628117122437,0.0149119798405221,3.50649531319109e-09,7.88896404367744e-09,0.444481086968745,0.656694799816514,0.868481626255784
"367","Pattern_16","UKB_IDP_0157_IDP_T1_FAST_ROIs_V_cerebellum_VIIIb",0.235836776455375,0.299091286036967,0.0253894485742174,1.2682130858991,0.107656867414067,0.0144750422916938,7.15192202341175e-09,9.87277949229813e-09,0.724408159727567,0.468815191848484,0.758173408896606
"368","Pattern_16","UKB_IDP_0158_IDP_T1_FAST_ROIs_R_cerebellum_VIIIb",0.235836776455375,0.270869575243314,0.0298854435041,1.14854680137035,0.126720878538445,0.240262539122632,-1.76386908698853e-09,7.0035074425211e-09,-0.25185510281311,0.80115306385339,0.934397457416333
"369","Pattern_16","UKB_IDP_0159_IDP_T1_FAST_ROIs_L_cerebellum_IX",0.235836776455375,0.309598815418936,0.025126322434067,1.31276733032144,0.10654115448708,0.00471169967883012,5.15505210865361e-09,9.62673469558531e-09,0.535493318520312,0.592308776553287,0.827967711452566
"370","Pattern_16","UKB_IDP_0160_IDP_T1_FAST_ROIs_V_cerebellum_IX",0.235836776455375,0.311938214961179,0.0269388236815424,1.32268690087105,0.114226559938754,0.00497689816938315,3.97801961849507e-09,8.35454575619512e-09,0.476150317992484,0.633967291301423,0.853134453815307
"371","Pattern_16","UKB_IDP_0161_IDP_T1_FAST_ROIs_R_cerebellum_IX",0.235836776455375,0.309504136171178,0.0244484679770523,1.31236586940775,0.103666901933246,0.00373938424499093,4.42871231711419e-09,8.71340598869277e-09,0.508264199196187,0.611268073461484,0.84192780603627
"372","Pattern_16","UKB_IDP_0162_IDP_T1_FAST_ROIs_L_cerebellum_X",0.235836776455375,0.303496542273316,0.0289640799556279,1.28689234492969,0.122814093675116,0.0190604527721532,4.31767720764018e-09,6.86992052199613e-09,0.628490125004479,0.529682913645788,0.794337730964226
"373","Pattern_16","UKB_IDP_0163_IDP_T1_FAST_ROIs_V_cerebellum_X",0.235836776455375,0.292836655305841,0.029738946058276,1.24169207070744,0.126099697024578,0.0500376480286084,-9.38987309673673e-10,6.48398120858711e-09,-0.144816476091898,0.884855773318323,0.960581364948613
"374","Pattern_16","UKB_IDP_0164_IDP_T1_FAST_ROIs_R_cerebellum_X",0.235836776455375,0.309923915401466,0.0346838362696216,1.31414582602264,0.147067123249051,0.0335935336558949,3.59611252269614e-09,7.46501235031503e-09,0.481728944834817,0.629998511378263,0.849041692345119
"375","Pattern_16","UKB_IDP_0193_aseg_lh_volume_Cerebellum-White-Matter",0.235836776455375,0.352755203907981,0.0262717438539941,1.49575994554322,0.111397994192671,6.11178123913343e-06,8.62651180720204e-09,7.41554785156893e-09,1.16330067310899,0.244707532685738,0.579929868649436
"376","Pattern_16","UKB_IDP_0194_aseg_lh_volume_Cerebellum-Cortex",0.235836776455375,0.31744705163568,0.0242507104376026,1.34604558460689,0.10282836630525,0.000656615280585679,8.26009398421694e-09,8.06386235998544e-09,1.02433469415416,0.305677216219465,0.642953707099863
"377","Pattern_16","UKB_IDP_0210_aseg_rh_volume_Cerebellum-White-Matter",0.235836776455375,0.367975463131795,0.0277233472524779,1.5602972049672,0.117553113085922,1.04024331037558e-06,1.12817918212852e-08,6.81151925216236e-09,1.6562812793495,0.097664869825997,0.393715696920838
"378","Pattern_16","UKB_IDP_0211_aseg_rh_volume_Cerebellum-Cortex",0.235836776455375,0.317024075034793,0.0241019408220328,1.34425207043474,0.102197550290013,0.000517698435947734,7.74672991325082e-09,8.15155082587258e-09,0.95033817229761,0.341940448749178,0.66863526690246
"379","Pattern_16","UKB_IDP_0434_Volume_of_V1_in_the_right_hemisphere",0.235836776455375,0.282062118256581,0.027863291546738,1.19600565482607,0.118146507790359,0.0901946727260994,1.67976269601184e-09,7.34660477265541e-09,0.228644761490919,0.819145031339849,0.944818962442377
"380","Pattern_16","UKB_IDP_0442_Volume_of_entorhinal_in_the_left_hemisphere_DKT_parcellation",0.235836776455375,0.275117232151032,0.0354991882089445,1.1665578044529,0.150524395484441,0.257028099033541,6.00321191943815e-10,5.59636349575069e-09,0.107269871301183,0.914574885817969,0.972135542967352
"381","Pattern_24","Demontis 2023 -  Attention Deficit Hyperactivity Disorder",0.211323661530904,0.231468950168737,0.0133828328839323,1.09532907243748,0.0633286059260107,0.13367735785707,1.6522480753922e-09,1.40282605779039e-09,1.17779967531732,0.238876478129187,0.576336899613276
"382","Pattern_24","Grove 2019  - Autism Spectrum Disorder",0.211323661530904,0.252678605627385,0.028810058431907,1.1956948114418,0.136331436920962,0.149493255180777,8.04056947432242e-09,5.26212674814686e-09,1.5280075640812,0.126510659929697,0.436328499725113
"383","Pattern_24","Chambers_total_cerebellar_volume",0.211323661530904,0.330621859203863,0.0309908126606083,1.5645283486417,0.146650935518057,7.67311945594705e-05,1.9595517879859e-08,1.27177158454282e-08,1.54080482045864,0.123364295898542,0.4339160688795
"384","Pattern_24","Davies reaction time",0.211323661530904,0.238499019270788,0.0134356593068173,1.12859590612342,0.0635785846671624,0.0473867762331428,1.37816448882951e-09,1.23754497781181e-09,1.11362779821251,0.26543889576188,0.603476463868889
"385","Pattern_24","Gui_age_onset_walking",0.211323661530904,0.225370661214467,0.0163222748237456,1.06647149487096,0.0772382737716222,0.389237181073524,4.79991833281708e-09,3.90753652238468e-09,1.22837452838132,0.219306405192991,0.560918305589766
"386","Pattern_24","Huang_neurodev_disorders",0.211323661530904,0.191641315133838,0.124405678762793,0.906861606246648,0.5886973463433,0.871765834889754,-1.20340135566349e-09,5.9162205053717e-09,-0.203407116852871,0.838816837642257,0.949469271544002
"387","Pattern_24","Lee_cognitive_performance",0.211323661530904,0.249554560522254,0.0108365780655278,1.1809115870622,0.0512795301151978,0.000458817180781413,7.34389023376745e-10,4.57526515445902e-10,1.60512888015029,0.108465444787434,0.404228487754219
"388","Pattern_24","Lee_educ_attainment",0.211323661530904,0.23020495275407,0.00732418239926373,1.08934773837621,0.0346586006801356,0.0108746365395941,6.48186992044109e-10,5.41119826610059e-10,1.19786221123109,0.230970663205023,0.573947174163261
"389","Pattern_24","Alzheimer's Disease",0.211323661530904,0.396859550258422,0.061577231740053,1.87797025370198,0.291388249162284,0.000619888257482443,1.21378035814104e-09,3.86503578072373e-09,0.314041169863053,0.753489770281225,0.91801580307458
"390","Pattern_24","Anorexia Nervosa",0.211323661530904,0.184620318063093,0.0259451850512811,0.873637702118342,0.122774633296267,0.301422701112389,-6.00080569194784e-09,6.390098030503e-09,-0.939078815896581,0.347690279806519,0.673516598785779
"391","Pattern_24","Autism Spectrum Disorder",0.211323661530904,0.227918936745324,0.0263398288366636,1.07853013285024,0.124642118378267,0.530288468725163,2.43181162898878e-08,1.84170753817981e-08,1.32041140005985,0.186697699461547,0.527823349615774
"392","Pattern_24","Bipolar Disorder",0.211323661530904,0.251228348327574,0.0351324092581444,1.18883208111949,0.166249292689861,0.26216319541601,-1.0123503046151e-09,1.55554237218002e-08,-0.0650802139961217,0.948110133974232,0.982893391788414
"393","Pattern_24","Body Mass Index",0.211323661530904,0.241981614039261,0.0147299225718907,1.14507581539265,0.069703139086186,0.0398102893142452,2.20468625138637e-10,2.35129376469808e-09,0.0937648151195375,0.925295981975079,0.977186029599488
"394","Pattern_24","Celiac Disease",0.211323661530904,0.239023993456342,0.0497487486322781,1.1310801247942,0.235414947251437,0.569416345332293,-4.13839612582055e-08,1.7432061808179e-08,-2.37401414207862,0.017595876532883,0.185608776326466
"395","Pattern_24","Coronary Artery Disease",0.211323661530904,0.308925190952509,0.0412125308924516,1.46185802722963,0.195020901085536,0.0214982438406714,-2.22458895873221e-09,3.37918044116121e-09,-0.658322039165141,0.510331219099107,0.784315074271782
"396","Pattern_24","Crohn's Disease",0.211323661530904,0.314496226858681,0.027445932076065,1.4882206023706,0.1298762849235,3.99591428444415e-05,-6.56995114190413e-09,1.32727944147071e-08,-0.494993814913928,0.620604486471175,0.843901418742798
"397","Pattern_24","Depressive Symptoms",0.211323661530904,0.217147571802894,0.0277664755932404,1.02755919630485,0.131393121773918,0.833648775840863,1.72299343233857e-09,1.31668305034012e-09,1.30858632371207,0.190674516062438,0.52917551289702
"398","Pattern_24","Ever Smoked",0.211323661530904,0.181583798613957,0.0304968422880083,0.85926865594936,0.144313429301188,0.325699790765406,-2.02760735075429e-09,2.86999787444242e-09,-0.70648392070611,0.47988724862423,0.76347886585647
"399","Pattern_24","Fasting Glucose",0.211323661530904,0.267807965509602,0.0448930232271849,1.26728811894279,0.212437277027872,0.202780478509708,-7.10527513248212e-09,4.83528232073116e-09,-1.4694643789502,0.141706876629636,0.46392013040707
"400","Pattern_24","HDL Cholesterol",0.211323661530904,0.368436594093573,0.0359808755494863,1.74347061481184,0.170264301161678,7.29490221134971e-05,3.46627051063674e-09,4.88696187500816e-09,0.709289452075162,0.478144872690837,0.76347886585647
"401","Pattern_24","Height",0.211323661530904,0.304949036495739,0.0167115869557077,1.44304255513358,0.0790805290550196,1.29027000300129e-07,-2.52906110410966e-09,3.96475112695702e-09,-0.637886470833981,0.523547585247841,0.792354640132216
"402","Pattern_24","Inflammatory Bowel Disease",0.211323661530904,0.325699926838953,0.0252231091493207,1.54123738193568,0.119357713975782,3.41976685907493e-05,-3.37301914932686e-09,9.33730503645766e-09,-0.361241186419085,0.717919155609921,0.900785355623769
"403","Pattern_24","LDL Cholesterol",0.211323661530904,0.358697264120049,0.0366445723256749,1.69738334799576,0.173404965919143,5.76173600237937e-05,-2.82944249468242e-09,3.7649511569354e-09,-0.751521700213911,0.452338746097331,0.752473547102734
"404","Pattern_24","Systemic Lupus Erythematosus",0.211323661530904,0.376027605937605,0.048152179203991,1.77939187317467,0.227859856559173,9.67267215126993e-06,1.17792162474411e-09,1.79029827853214e-08,0.0657947135887259,0.947541265063328,0.982893391788414
"405","Pattern_24","Multiple Sclerosis",0.211323661530904,0.75626317596004,0.281857378450247,3.57869615963211,1.33377103353393,2.19688504704581e-06,-2.70297012678698e-09,1.07172975552163e-08,-0.252206315338459,0.800881596895762,0.934397457416333
"406","Pattern_24","Neuroticism",0.211323661530904,0.206255111946474,0.0146444473761523,0.976015229209492,0.0692986638129529,0.72849188975668,6.4633885199081e-10,1.54443100650255e-09,0.418496423128981,0.675584201189631,0.8787550000804
"407","Pattern_24","Primary Biliary Cirrhosis",0.211323661530904,0.34592392056887,0.0436088075525644,1.63693889298943,0.206360268588225,0.000639968507417099,-1.48034679888498e-08,2.18625263374654e-08,-0.677116073428411,0.498332311458224,0.777769011264694
"408","Pattern_24","Rheumatoid Arthritis",0.211323661530904,0.26747740577024,0.0328298792419145,1.26572388455007,0.155353541596257,0.0938159398703882,-1.07188858391601e-08,6.70469368085925e-09,-1.59871372942222,0.109884225562282,0.407375665499192
"409","Pattern_24","Schizophrenia",0.211323661530904,0.266208057617826,0.0130266133142471,1.25971723038168,0.0616429472207593,2.37197360200269e-05,1.64685312702658e-08,6.46847793782554e-09,2.54596698459204,0.0108975494617361,0.148200141090554
"410","Pattern_24","Subjective Well-Being",0.211323661530904,0.208708462364322,0.0424468821493311,0.987624674172138,0.200861947222714,0.9506988103158,-1.46169792162377e-09,1.1759572782213e-09,-1.24298556477721,0.213873152886873,0.553676483385967
"411","Pattern_24","Triglycerides",0.211323661530904,0.310023116844701,0.0327979393896901,1.46705349793195,0.15520239973172,0.00238157200144769,-2.62039874767004e-09,4.05274362316465e-09,-0.6465740227663,0.517907675047598,0.789475309814676
"412","Pattern_24","Type 1 Diabetes",0.211323661530904,0.412931707810833,0.0995095706285615,1.95402495309522,0.470887026600234,0.00777459572553356,-9.29083072299111e-09,1.09868505142244e-08,-0.845631849724584,0.397758152132703,0.709743864201716
"413","Pattern_24","Type 2 Diabetes",0.211323661530904,0.265439951295989,0.0380238869658323,1.25608249153478,0.179931990059105,0.153988744664213,-2.49124140539386e-09,3.97753944357316e-09,-0.626327266073795,0.53110030572497,0.795478538886453
"414","Pattern_24","Ulcerative Colitis",0.211323661530904,0.343825110150969,0.0356016833430318,1.62700715887742,0.168469934152761,0.000439114197590695,2.26080979811067e-10,1.00353325981841e-08,0.0225284989410292,0.98202637889818,0.992756358335072
"415","Pattern_24","Years of Education (EduYears)",0.211323661530904,0.23964780107209,0.0249697606753655,1.13403203094247,0.118158849295321,0.260514761799358,9.36661550850149e-10,2.21786897923455e-09,0.422325015417915,0.672787801554557,0.87643858871002
"416","Pattern_24","Years of Education (College)",0.211323661530904,0.2270948905481,0.0100177736523018,1.07463068216282,0.0474048839572887,0.116665440335822,2.61625701615107e-10,1.23166345355526e-09,0.212416550040444,0.831782075308323,0.947003702164907
"417","Pattern_24","Savage cognition-intelligence",0.211323661530904,0.2439768229206,0.0145116424142757,1.15451729897705,0.0686702204057426,0.0262380088977849,2.28947203002968e-09,2.75382545405547e-09,0.831378774082449,0.405759686130646,0.716210852214108
"418","Pattern_24","Tissink 2022 - Cerebellar Volume",0.211323661530904,0.345317378376492,0.0288964442681482,1.6340686881672,0.136740221415871,7.43436935778348e-06,2.64559617522519e-08,1.29468008076706e-08,2.04343622376406,0.0410092746774858,0.271017815259906
"419","Pattern_24","Tissink 2022 - Subcortical Volume",0.211323661530904,0.325275647729139,0.0279685080008815,1.53922966019388,0.132349154837975,2.87003432272144e-05,4.28506522114037e-09,9.57074473242685e-09,0.447725369439856,0.654351410145918,0.867035990529585
"420","Pattern_24","UKB_IDP_0021_Volume_of_left_amygdala",0.211323661530904,0.34248945780442,0.0703103385856072,1.62068674810622,0.332713989887617,0.0463616447546095,1.19627627158896e-09,6.28921215171418e-09,0.190210831298307,0.849143923917397,0.952043345677671
"421","Pattern_24","UKB_IDP_0024_Volume_of_right_accumbens",0.211323661530904,0.323979252128272,0.0488281549264944,1.53309501539606,0.231058626245475,0.01746334546103,1.04333584643222e-10,7.39073249311812e-09,0.0141168124729683,0.988736787378396,0.994629312049295
"422","Pattern_24","UKB_IDP_0026_Volume_of_grey_matter_in_Left_Frontal_Pole",0.211323661530904,0.323326220595281,0.0345224052049593,1.53000481939879,0.163362706073076,0.00078930632849624,6.02172772999278e-09,6.43499822030657e-09,0.935777683821316,0.34938766372321,0.673516598785779
"423","Pattern_24","UKB_IDP_0137_IDP_T1_FAST_ROIs_L_cerebellum_I-IV",0.211323661530904,0.29779737710643,0.0266445346900163,1.40920034675284,0.126084010171856,0.00114936002910727,4.52843819649134e-09,8.14817032764078e-09,0.555761356771061,0.57837400585396,0.818882158654176
"424","Pattern_24","UKB_IDP_0138_IDP_T1_FAST_ROIs_R_cerebellum_I-IV",0.211323661530904,0.30980814461737,0.0269816948301249,1.46603623263486,0.12767947817419,0.000256543857193577,6.08520326693733e-09,8.52354125561205e-09,0.713928997871715,0.475271085229012,0.76100592126963
"425","Pattern_24","UKB_IDP_0139_IDP_T1_FAST_ROIs_L_cerebellum_V",0.211323661530904,0.336979595624999,0.0296538048620911,1.59461365179743,0.140324110642739,3.13768186516261e-05,1.79784036685659e-08,8.43178093404481e-09,2.13221901863875,0.0329888456894022,0.242069874576027
"426","Pattern_24","UKB_IDP_0140_IDP_T1_FAST_ROIs_R_cerebellum_V",0.211323661530904,0.339715948656516,0.0308289900441873,1.60756228713573,0.145885178312978,3.59915316267246e-05,1.44097684812613e-08,8.76775153392042e-09,1.64349644552691,0.100280260169745,0.398871763815358
"427","Pattern_24","UKB_IDP_0141_IDP_T1_FAST_ROIs_L_cerebellum_VI",0.211323661530904,0.341462839280029,0.0307170774702265,1.61582870941356,0.145355599310087,1.1166090547801e-05,1.53479245059164e-08,9.04079283446329e-09,1.6976303723508,0.0895775466607696,0.385530549806609
"428","Pattern_24","UKB_IDP_0142_IDP_T1_FAST_ROIs_V_cerebellum_VI",0.211323661530904,0.271710610958467,0.0295300835222615,1.28575574069699,0.139738651641445,0.0378726927129065,-1.98604244579461e-09,8.92117135556485e-09,-0.222621264253125,0.823830285253879,0.94645486675332
"429","Pattern_24","UKB_IDP_0143_IDP_T1_FAST_ROIs_R_cerebellum_VI",0.211323661530904,0.342402554935216,0.0344800622402482,1.62027551697112,0.163162335871253,5.5455178129739e-05,1.4518048122005e-08,9.14080233270123e-09,1.58826846852017,0.11222564437683,0.413176766840649
"430","Pattern_24","UKB_IDP_0144_IDP_T1_FAST_ROIs_L_cerebellum_crus_I",0.211323661530904,0.272365565002608,0.0241606210799343,1.28885503416653,0.114329937806804,0.0133963600582389,7.97476876684564e-09,1.07769302724661e-08,0.739985187360848,0.459308982370807,0.756716967989538
"431","Pattern_24","UKB_IDP_0145_IDP_T1_FAST_ROIs_V_cerebellum_crus_I",0.211323661530904,0.265827495003381,0.0598578317422431,1.25791637849559,0.283251914663089,0.345470988955416,1.48923800492428e-09,5.56274684274984e-09,0.267716300421844,0.788917701755844,0.927523132230075
"432","Pattern_24","UKB_IDP_0146_IDP_T1_FAST_ROIs_R_cerebellum_crus_I",0.211323661530904,0.299688592111151,0.0237501800759443,1.41814972322598,0.112387699057879,0.000363020910899486,1.71704783907374e-08,1.06710961790213e-08,1.60906415823461,0.107602313433683,0.40400073537636
"433","Pattern_24","UKB_IDP_0147_IDP_T1_FAST_ROIs_L_cerebellum_crus_II",0.211323661530904,0.283036143641306,0.0259322195007496,1.33934904208498,0.122713279302882,0.00476559615562979,5.67011727746731e-09,9.99898546693956e-09,0.567069258797792,0.570667127671417,0.818315126472221
"434","Pattern_24","UKB_IDP_0148_IDP_T1_FAST_ROIs_V_cerebellum_crus_II",0.211323661530904,0.287235955456829,0.0320553649796554,1.35922287819542,0.151688479876957,0.0182221128924253,8.52005277166733e-09,8.55173352382747e-09,0.996295399982722,0.319106638176835,0.65483020833202
"435","Pattern_24","UKB_IDP_0149_IDP_T1_FAST_ROIs_R_cerebellum_crus_II",0.211323661530904,0.277075495170662,0.0259577218406776,1.31114278999062,0.122833958358617,0.0056993860006614,3.42622507999037e-09,1.00400927993993e-08,0.341254323883876,0.732912130458068,0.903965898707259
"436","Pattern_24","UKB_IDP_0150_IDP_T1_FAST_ROIs_L_cerebellum_VIIb",0.211323661530904,0.27422656297627,0.0299139179406368,1.29766142129885,0.141554985958173,0.0275157986326106,1.58051181220046e-09,1.0104250003619e-08,0.156420497477237,0.875701581386527,0.960300915669594
"437","Pattern_24","UKB_IDP_0151_IDP_T1_FAST_ROIs_V_cerebellum_VIIb",0.211323661530904,0.284486436497752,0.0266609443871591,1.34621194066406,0.12616166213484,0.00396671437365611,6.47425441543074e-09,7.91215890305206e-09,0.818266480079582,0.413205041799471,0.721921452339306
"438","Pattern_24","UKB_IDP_0152_IDP_T1_FAST_ROIs_R_cerebellum_VIIb",0.211323661530904,0.276144314711165,0.0270057791785757,1.3067363716428,0.127793447183984,0.0129490541117957,5.68046656588699e-09,1.06154820628834e-08,0.53511150339074,0.592572755893918,0.827967711452566
"439","Pattern_24","UKB_IDP_0153_IDP_T1_FAST_ROIs_L_cerebellum_VIIIa",0.211323661530904,0.3120444375355,0.0310445389347164,1.47661854462931,0.146905172425173,0.00106973289742045,1.33372373743383e-08,1.06097945857862e-08,1.25706838775239,0.208728872971149,0.54836424899087
"440","Pattern_24","UKB_IDP_0154_IDP_T1_FAST_ROIs_V_cerebellum_VIIIa",0.211323661530904,0.313494459973554,0.0277627811573521,1.48348016356753,0.131375639415997,0.000402258477232369,1.69771895618754e-08,1.05997203182276e-08,1.60166391679985,0.109229948408871,0.406365961912723
"441","Pattern_24","UKB_IDP_0155_IDP_T1_FAST_ROIs_R_cerebellum_VIIIa",0.211323661530904,0.301924071881806,0.0276325504286729,1.42872818734334,0.130759377480463,0.000845543908399772,1.39868592489279e-08,9.12727697300449e-09,1.53242410527219,0.125417812794808,0.434888648462143
"442","Pattern_24","UKB_IDP_0156_IDP_T1_FAST_ROIs_L_cerebellum_VIIIb",0.211323661530904,0.32516096515772,0.0272517014269601,1.53868697334761,0.128957170387542,3.55891257280485e-05,1.59940391262428e-08,9.02912614214048e-09,1.77138284197801,0.0764970598621079,0.36663455717695
"443","Pattern_24","UKB_IDP_0157_IDP_T1_FAST_ROIs_V_cerebellum_VIIIb",0.211323661530904,0.316268832120114,0.0272362165870404,1.49660870831477,0.12888389492086,0.000565806957168234,2.15345719850802e-08,1.28052288487355e-08,1.68170145488705,0.0926267457848475,0.385530549806609
"444","Pattern_24","UKB_IDP_0158_IDP_T1_FAST_ROIs_R_cerebellum_VIIIb",0.211323661530904,0.304942810054218,0.0282418716854977,1.4430130911281,0.133642733051772,0.00113151970222069,1.04233443154401e-08,7.57077563412543e-09,1.37678684710411,0.168578158528815,0.501682002316422
"445","Pattern_24","UKB_IDP_0159_IDP_T1_FAST_ROIs_L_cerebellum_IX",0.211323661530904,0.309376662836129,0.0271617395663019,1.46399442729174,0.128531463867002,0.000731417268197784,1.17788355262495e-08,1.20976425400743e-08,0.973647178549975,0.330231752609547,0.663581840937787
"446","Pattern_24","UKB_IDP_0160_IDP_T1_FAST_ROIs_V_cerebellum_IX",0.211323661530904,0.326843482548199,0.0310011953147456,1.54664877648073,0.146700067044845,7.747429126021e-05,1.25675703943139e-08,9.90976151879558e-09,1.26820109348518,0.204726146645563,0.547205276662177
"447","Pattern_24","UKB_IDP_0161_IDP_T1_FAST_ROIs_R_cerebellum_IX",0.211323661530904,0.310497601307634,0.0278951952754001,1.46929879530896,0.132002233319816,0.000732783678730587,1.06058244031977e-08,1.14660106104842e-08,0.924979468752629,0.35497658724138,0.677151345393633
"448","Pattern_24","UKB_IDP_0162_IDP_T1_FAST_ROIs_L_cerebellum_X",0.211323661530904,0.269237878634733,0.0281039564813612,1.27405457904845,0.132990107580789,0.0407059829378584,-1.98650191133642e-10,7.76874655033971e-09,-0.0255704301648193,0.979599971665168,0.992756358335072
"449","Pattern_24","UKB_IDP_0163_IDP_T1_FAST_ROIs_V_cerebellum_X",0.211323661530904,0.352057112417431,0.0349061710495581,1.66596163376597,0.165178715893362,2.26811568284827e-05,1.66417583453037e-08,8.12200461774162e-09,2.04897179065272,0.0404648734336268,0.269934955068206
"450","Pattern_24","UKB_IDP_0164_IDP_T1_FAST_ROIs_R_cerebellum_X",0.211323661530904,0.262690292772395,0.0296856021362635,1.24307089357327,0.140474577816845,0.0908759500429498,-4.73282378954466e-09,7.34332652823634e-09,-0.644506787400253,0.519246857715909,0.79001620421812
"451","Pattern_24","UKB_IDP_0193_aseg_lh_volume_Cerebellum-White-Matter",0.211323661530904,0.378074211433596,0.0309062433411923,1.78907656953647,0.146250746922027,3.55535363335156e-08,2.02631227466455e-08,9.01282323743835e-09,2.24825476022591,0.0245599496621167,0.214956406549826
"452","Pattern_24","UKB_IDP_0194_aseg_lh_volume_Cerebellum-Cortex",0.211323661530904,0.326310873580867,0.0280080019144903,1.54412842942885,0.132536043108426,2.13774434401591e-05,1.68584284295249e-08,1.02754086450405e-08,1.64065771122998,0.100868487925728,0.399961366027257
"453","Pattern_24","UKB_IDP_0210_aseg_rh_volume_Cerebellum-White-Matter",0.211323661530904,0.368182377495122,0.0342444686148419,1.74226764209875,0.162047488514835,3.74250551146512e-06,1.43054356197461e-08,8.78851337857817e-09,1.62774237274479,0.103579524345858,0.400590709968198
"454","Pattern_24","UKB_IDP_0211_aseg_rh_volume_Cerebellum-Cortex",0.211323661530904,0.32506153728528,0.0274881934187351,1.53821647292319,0.130076268883479,2.7041908848699e-05,1.66831488127498e-08,1.05723505008042e-08,1.57799808202356,0.114566050428663,0.417628424865738
"455","Pattern_24","UKB_IDP_0434_Volume_of_V1_in_the_right_hemisphere",0.211323661530904,0.291473847115283,0.0298839882541805,1.37927691108389,0.141413356354373,0.00537124285271894,6.99392651325422e-09,7.96051475858434e-09,0.878577168104891,0.379630579839836,0.696207539744543
"456","Pattern_24","UKB_IDP_0442_Volume_of_entorhinal_in_the_left_hemisphere_DKT_parcellation",0.211323661530904,0.236851913640987,0.035475792269582,1.12080167419563,0.167874207803247,0.472140086140116,-4.32673125345326e-09,6.11887822332609e-09,-0.707111842324155,0.479496977236488,0.76347886585647
"457","Pattern_12","Demontis 2023 -  Attention Deficit Hyperactivity Disorder",0.190978054850533,0.221981281663781,0.0151180608379969,1.16233921136914,0.0791612463004134,0.0427952454463405,3.11273272001934e-09,1.73169484976442e-09,1.79750648357175,0.0722552497617148,0.356749817849023
"458","Pattern_12","Grove 2019  - Autism Spectrum Disorder",0.190978054850533,0.203733241321977,0.0250864404031711,1.0667887547678,0.131357712396876,0.616334978451693,1.35694842376014e-09,5.15634790913579e-09,0.263160757899203,0.792426675680813,0.929884169479509
"459","Pattern_12","Chambers_total_cerebellar_volume",0.190978054850533,0.289480647973184,0.0244564127886163,1.51577964389543,0.128058759461954,6.43190365820459e-06,7.2067262864392e-09,9.99313999885074e-09,0.721167349528577,0.470806557636978,0.758315076410866
"460","Pattern_12","Davies reaction time",0.190978054850533,0.205826518380293,0.0123235344489478,1.07774957987388,0.0645285368446792,0.233078582630077,1.819270358827e-10,1.27108211384774e-09,0.143127681446151,0.886189343373865,0.960581364948613
"461","Pattern_12","Gui_age_onset_walking",0.190978054850533,0.196673169320654,0.0165396228299557,1.02982077953709,0.0866048344816384,0.730743556848012,1.79865642061151e-09,4.44329702102831e-09,0.404802202530959,0.68562290967362,0.882107346907777
"462","Pattern_12","Huang_neurodev_disorders",0.190978054850533,0.271095341260717,0.134644223584008,1.41951043261429,0.705024583528123,0.524301702206852,4.33390339604011e-09,6.49857135550274e-09,0.666900947755283,0.504835405530788,0.78180367160273
"463","Pattern_12","Lee_cognitive_performance",0.190978054850533,0.233400266867931,0.0101799591156234,1.22213134409919,0.0533043397242194,3.12182048935207e-05,1.0056072571403e-09,4.67557651893286e-10,2.15076633452214,0.0314946475732178,0.237804262863564
"464","Pattern_12","Lee_educ_attainment",0.190978054850533,0.219400711768374,0.00825008304702931,1.14882682169994,0.0431991154873063,0.000631340415200059,1.61448006014519e-09,6.68119685370979e-10,2.41645336231747,0.0156725338293949,0.172803896315816
"465","Pattern_12","Alzheimer's Disease",0.190978054850533,0.388594167635644,0.0608716524773877,2.03475822360727,0.318736372747268,0.000153758794271119,1.41302879835712e-09,4.77399143267215e-09,0.295984778834471,0.767241705604293,0.918790292361247
"466","Pattern_12","Anorexia Nervosa",0.190978054850533,0.169061441005842,0.0253477005545402,0.8852401451997,0.132725723771657,0.384063617538796,-4.64861155222624e-09,7.10602581928177e-09,-0.65417881533902,0.512996608371162,0.785547442335123
"467","Pattern_12","Autism Spectrum Disorder",0.190978054850533,0.176488878251974,0.0266654129876108,0.924131719689476,0.139625534506989,0.582555873071695,5.97029354253455e-10,2.02782845964162e-08,0.0294418076349007,0.976512229573334,0.992756358335072
"468","Pattern_12","Bipolar Disorder",0.190978054850533,0.233929040377194,0.0349412168448523,1.22490010991198,0.182959329396242,0.224433467838101,-1.33876535373214e-09,1.73698528710266e-08,-0.0770740756224388,0.938564616295487,0.980615404826539
"469","Pattern_12","Body Mass Index",0.190978054850533,0.228912178289967,0.0177425709133096,1.19863079802086,0.0929037157028098,0.0315579657658352,1.42681995565546e-09,3.23245849947759e-09,0.441403951786561,0.658920581830838,0.869428411657618
"470","Pattern_12","Celiac Disease",0.190978054850533,0.341001932283131,0.0565667618217751,1.78555558412202,0.296195088310259,0.0015818492210877,6.30940641147212e-09,1.90276755631434e-08,0.331591023324648,0.740198098788347,0.90838613276909
"471","Pattern_12","Coronary Artery Disease",0.190978054850533,0.369983711271616,0.0473437499127179,1.93731008288455,0.247901519102658,3.55873502972703e-05,4.98049305800422e-09,3.84343241890122e-09,1.29584509760369,0.195028857423029,0.535511494962845
"472","Pattern_12","Crohn's Disease",0.190978054850533,0.296103823456058,0.0282607113219461,1.55045993995383,0.147978841569331,0.000159009564477229,-1.56312941061673e-08,1.65675169071673e-08,-0.943490457487021,0.34543009397959,0.672529954243885
"473","Pattern_12","Depressive Symptoms",0.190978054850533,0.185239696873546,0.0317085115697597,0.969952788651666,0.166032226030242,0.855951810474512,1.33073442734289e-09,1.80751641928166e-09,0.736222594244398,0.461595244167054,0.756716967989538
"474","Pattern_12","Ever Smoked",0.190978054850533,0.219896363552231,0.0272023700630289,1.15142215541116,0.142437151139269,0.286381582969841,4.71989606468518e-09,2.97651935896278e-09,1.58570984948336,0.112805143830113,0.414592998394613
"475","Pattern_12","Fasting Glucose",0.190978054850533,0.287035313182757,0.0497545743649369,1.50297537278512,0.260525087051896,0.049155037604661,-2.56973268460285e-09,5.7723497193349e-09,-0.445179659852441,0.65618992469382,0.868481626255784
"476","Pattern_12","HDL Cholesterol",0.190978054850533,0.362608808841604,0.0344857449478237,1.89869359139402,0.180574385757639,4.21845175973476e-06,5.0405044998906e-09,4.79743764960812e-09,1.05066597380423,0.293412028837413,0.630895894720951
"477","Pattern_12","Height",0.190978054850533,0.277709619384765,0.0175520561136228,1.45414414028937,0.0919061414012188,2.26241053924788e-06,-7.07808173624141e-09,4.24510952931683e-09,-1.66734961427026,0.0954449065095357,0.39047846614307
"478","Pattern_12","Inflammatory Bowel Disease",0.190978054850533,0.305703574218596,0.0267712891183665,1.60072619054504,0.14017992349602,6.63107264386283e-05,-1.19163713631987e-08,1.02512534079266e-08,-1.16243066959837,0.245060571363793,0.580076636109178
"479","Pattern_12","LDL Cholesterol",0.190978054850533,0.355564568437268,0.0475489969705748,1.86180851363025,0.248976234509187,0.000750627124289899,-2.63152506321106e-09,5.28438481739887e-09,-0.49798134582227,0.618497190339588,0.843901418742798
"480","Pattern_12","Systemic Lupus Erythematosus",0.190978054850533,0.39737798428197,0.0570510803447197,2.08075207694922,0.298731078758604,7.71253008294638e-07,1.658049945898e-08,2.02475716431108e-08,0.818888296889738,0.412850147604224,0.721894095399991
"481","Pattern_12","Multiple Sclerosis",0.190978054850533,0.711317151502438,0.270473008303774,3.72460151015331,1.41625177047414,6.32108790376319e-06,-1.23959764482931e-08,1.12690015587619e-08,-1.10000663179029,0.271329232403402,0.607855715424372
"482","Pattern_12","Neuroticism",0.190978054850533,0.173716025943729,0.016000920691691,0.909612500136133,0.0837840803448014,0.263932831158084,-1.09829987918511e-09,1.97493540646593e-09,-0.556119392861801,0.57812923864608,0.818882158654176
"483","Pattern_12","Primary Biliary Cirrhosis",0.190978054850533,0.338354635244926,0.0441521729709116,1.77169379753991,0.23118977206814,0.000391174691565259,-1.41227309115186e-08,2.28061356652304e-08,-0.619251376858629,0.535750770752994,0.796499146450718
"484","Pattern_12","Rheumatoid Arthritis",0.190978054850533,0.280804830788782,0.0367246935750367,1.47035129773706,0.192297976873724,0.0150257387033991,-5.68720467616208e-09,7.19382462718156e-09,-0.790567600810454,0.429196359489422,0.731834818103757
"485","Pattern_12","Schizophrenia",0.190978054850533,0.225813908833707,0.0118343288616273,1.18240762798866,0.0619669567317001,0.00429376570487223,5.13199190112664e-09,6.7330624166662e-09,0.762207682558167,0.445936061596041,0.746031398644949
"486","Pattern_12","Subjective Well-Being",0.190978054850533,0.186134379661074,0.041390636872117,0.974637529986103,0.216729806492745,0.906119910161625,-1.91090323671118e-09,1.25153723856202e-09,-1.52684488949506,0.126799586216067,0.436617345417137
"487","Pattern_12","Triglycerides",0.190978054850533,0.332918552291994,0.0357162756983367,1.74322935979502,0.187017695443016,6.38628730896642e-05,3.14525957008856e-09,4.51663051864117e-09,0.696373005741195,0.486195263762115,0.76809467059078
"488","Pattern_12","Type 1 Diabetes",0.190978054850533,0.343977326858673,0.0917201375890196,1.80113535624751,0.480265325043777,0.0422944617199858,-2.36756182118309e-08,1.17713382366984e-08,-2.01129368095292,0.0442944455668959,0.282211317863337
"489","Pattern_12","Type 2 Diabetes",0.190978054850533,0.27070979972009,0.0392300547751652,1.41749165856756,0.205416558493425,0.0387479335933455,-9.16875733891126e-11,4.78675523918884e-09,-0.0191544310932117,0.984717909645514,0.994439478539555
"490","Pattern_12","Ulcerative Colitis",0.190978054850533,0.325037281049849,0.0379617671270943,1.70196141805003,0.198775546000846,0.000303722989871954,-4.68749731913487e-09,1.09273264574814e-08,-0.428970191141821,0.6679449179178,0.874899453064725
"491","Pattern_12","Years of Education (EduYears)",0.190978054850533,0.238846247460837,0.02437947520468,1.25064760790326,0.127655898599241,0.0534598024166073,3.27594928356508e-09,2.4635474504815e-09,1.32976910305697,0.1835943587756,0.523010435708805
"492","Pattern_12","Years of Education (College)",0.190978054850533,0.216713384666181,0.0102844462436408,1.13475542954812,0.0538514556119538,0.0119002838499341,1.87510321082078e-09,1.35670089000104e-09,1.38210509379068,0.166939434680714,0.500348052113464
"493","Pattern_12","Savage cognition-intelligence",0.190978054850533,0.226768088051533,0.013599281384418,1.18740390475236,0.0712086076856386,0.00905453805219792,3.44129280656109e-09,2.70341924053829e-09,1.27294085762143,0.203039029410033,0.547205276662177
"494","Pattern_12","Tissink 2022 - Cerebellar Volume",0.190978054850533,0.306948834686463,0.0281534153800623,1.60724662803113,0.147417018159999,1.3281650389404e-05,1.52189212968274e-08,1.2238367026736e-08,1.24354182740066,0.213668237556252,0.553676483385967
"495","Pattern_12","Tissink 2022 - Subcortical Volume",0.190978054850533,0.280932995814155,0.0268009651954215,1.47102239591886,0.140335313480897,0.000596885800308857,-7.57213784857101e-09,1.01460355069564e-08,-0.746314936842014,0.455477190475925,0.754284405706435
"496","Pattern_12","UKB_IDP_0021_Volume_of_left_amygdala",0.190978054850533,0.33618574303864,0.0710813233934841,1.76033703611523,0.372196289511457,0.0218531926661472,2.13063556135116e-09,6.90895116045554e-09,0.308387700516135,0.757787339791294,0.918790292361247
"497","Pattern_12","UKB_IDP_0024_Volume_of_right_accumbens",0.190978054850533,0.266984258678314,0.0456855903883949,1.39798396672992,0.239219058043869,0.0843517495059811,-9.64095216935141e-09,7.63676149718531e-09,-1.26243986706993,0.206790551318829,0.547205276662177
"498","Pattern_12","UKB_IDP_0026_Volume_of_grey_matter_in_Left_Frontal_Pole",0.190978054850533,0.2846082679336,0.0353982168413086,1.49026686943872,0.185352274474743,0.00650392647916708,1.10510749165686e-09,7.49078130366616e-09,0.147529002230514,0.882714489706828,0.960300915669594
"499","Pattern_12","UKB_IDP_0137_IDP_T1_FAST_ROIs_L_cerebellum_I-IV",0.190978054850533,0.264965528837226,0.0272021601982721,1.38741348603953,0.142436052244649,0.00639934494469325,-2.52813121160824e-09,8.98212646443294e-09,-0.281462437833516,0.778355734267112,0.922780849409725
"500","Pattern_12","UKB_IDP_0138_IDP_T1_FAST_ROIs_R_cerebellum_I-IV",0.190978054850533,0.278416972439223,0.0261684872296499,1.45784798497986,0.137023530007835,0.000871077344221528,-3.30896166677589e-10,9.04673120035565e-09,-0.036576323464168,0.970822822033558,0.9907849285027
"501","Pattern_12","UKB_IDP_0139_IDP_T1_FAST_ROIs_L_cerebellum_V",0.190978054850533,0.280641996342654,0.0295738922616019,1.46949866340557,0.154854924482018,0.00272177305307413,4.24603150843827e-09,9.0679376916892e-09,0.468246656825816,0.639608210383601,0.856567823597421
"502","Pattern_12","UKB_IDP_0140_IDP_T1_FAST_ROIs_R_cerebellum_V",0.190978054850533,0.281060096262797,0.0288056299565738,1.47168791976002,0.150832146547509,0.00234070859118995,-1.01024538770993e-09,8.745222322178e-09,-0.115519691837672,0.908033213132903,0.968581984917567
"503","Pattern_12","UKB_IDP_0141_IDP_T1_FAST_ROIs_L_cerebellum_VI",0.190978054850533,0.292269856611452,0.0280225691765842,1.53038450852478,0.146731880783453,0.000176861125988757,3.14140769551298e-09,9.33547407176061e-09,0.336502214174168,0.736492182161886,0.905927955861557
"504","Pattern_12","UKB_IDP_0142_IDP_T1_FAST_ROIs_V_cerebellum_VI",0.190978054850533,0.245938963348423,0.0257906737185091,1.28778651317244,0.135045221497799,0.0311554101566241,-5.17770289401661e-09,8.32302774398138e-09,-0.62209367231303,0.533880275506817,0.796499146450718
"505","Pattern_12","UKB_IDP_0143_IDP_T1_FAST_ROIs_R_cerebellum_VI",0.190978054850533,0.287993367323971,0.0288613339615831,1.50799193943705,0.151123824065394,0.000377163814641649,1.22031028829792e-09,8.22341347963684e-09,0.148394616337815,0.882031348574601,0.960300915669594
"506","Pattern_12","UKB_IDP_0144_IDP_T1_FAST_ROIs_L_cerebellum_crus_I",0.190978054850533,0.240474855638145,0.0193551453332588,1.25917533208907,0.101347483868798,0.0114142928211018,7.8819709445098e-10,9.62192599007297e-09,0.0819167696014467,0.934712899043301,0.979288013459795
"507","Pattern_12","UKB_IDP_0145_IDP_T1_FAST_ROIs_V_cerebellum_crus_I",0.190978054850533,0.23225015639442,0.0549711982600808,1.21610913136689,0.287840392463434,0.443953732204129,-3.68447999159513e-10,6.03719870876387e-09,-0.0610296292922506,0.95133561226637,0.982893391788414
"508","Pattern_12","UKB_IDP_0146_IDP_T1_FAST_ROIs_R_cerebellum_crus_I",0.190978054850533,0.245532187881441,0.0194919755518481,1.28565655396168,0.10206395476749,0.00625140655905573,-1.09568363162448e-09,9.66843948614268e-09,-0.113325799183505,0.909772264200037,0.968609033577714
"509","Pattern_12","UKB_IDP_0147_IDP_T1_FAST_ROIs_L_cerebellum_crus_II",0.190978054850533,0.259890661979243,0.0243254244213021,1.36084044935238,0.127372877686602,0.00338424295755594,2.42136811322043e-09,9.98997873493984e-09,0.242379706450397,0.808485957543758,0.937701357858788
"510","Pattern_12","UKB_IDP_0148_IDP_T1_FAST_ROIs_V_cerebellum_crus_II",0.190978054850533,0.293657800894259,0.0296807221991555,1.53765206753251,0.155414307797745,0.000519130736542873,1.67227301048435e-08,8.89056899524273e-09,1.88095161443455,0.0599785010830387,0.326240390817587
"511","Pattern_12","UKB_IDP_0149_IDP_T1_FAST_ROIs_R_cerebellum_crus_II",0.190978054850533,0.254153021773529,0.0231566522239227,1.33079699640065,0.121252948366481,0.00232020413342451,4.50055363525359e-10,9.59088386602189e-09,0.0469253271974018,0.962572742140756,0.990003094177569
"512","Pattern_12","UKB_IDP_0150_IDP_T1_FAST_ROIs_L_cerebellum_VIIb",0.190978054850533,0.258674365482235,0.0278116460544546,1.35447167311806,0.145627444348101,0.00816002282593689,2.2885177171201e-09,1.00457093936462e-08,0.227810463894921,0.819793591564271,0.945027498834652
"513","Pattern_12","UKB_IDP_0151_IDP_T1_FAST_ROIs_V_cerebellum_VIIb",0.190978054850533,0.284122719455503,0.0279864619315051,1.48772443869464,0.146542815892686,0.00042917118493745,1.35889314752411e-08,8.69534734856582e-09,1.56278190283939,0.118103902235279,0.425253983006216
"514","Pattern_12","UKB_IDP_0152_IDP_T1_FAST_ROIs_R_cerebellum_VIIb",0.190978054850533,0.237029463516026,0.0227409246694232,1.24113455706487,0.119076114201818,0.0365292705850957,-3.72723683858612e-09,1.01009958629247e-08,-0.368996967147248,0.71212998537806,0.898619621500231
"515","Pattern_12","UKB_IDP_0153_IDP_T1_FAST_ROIs_L_cerebellum_VIIIa",0.190978054850533,0.289582293268753,0.0269163559802714,1.51631187936955,0.140939523137028,0.000125719659513028,1.26348108318641e-08,9.52447405404561e-09,1.32656257554688,0.184653422570363,0.525324175440818
"516","Pattern_12","UKB_IDP_0154_IDP_T1_FAST_ROIs_V_cerebellum_VIIIa",0.190978054850533,0.27102428628423,0.0258802058117225,1.41913837428255,0.135514029776758,0.00148218809480883,6.45784180766149e-09,9.7802422067848e-09,0.66029467073745,0.509064749385037,0.784315074271782
"517","Pattern_12","UKB_IDP_0155_IDP_T1_FAST_ROIs_R_cerebellum_VIIIa",0.190978054850533,0.261343399359174,0.025797311606596,1.36844727821587,0.135079978832049,0.00539679759189384,6.67716291754466e-09,9.70594090991561e-09,0.687945968301049,0.491486807408497,0.773479738764403
"518","Pattern_12","UKB_IDP_0156_IDP_T1_FAST_ROIs_L_cerebellum_VIIIb",0.190978054850533,0.276746921887569,0.023245755435753,1.4491032600796,0.121719510935149,0.000239220210192779,4.77528559091334e-09,8.49098775864436e-09,0.562394591377404,0.573847203283197,0.818456148317003
"519","Pattern_12","UKB_IDP_0157_IDP_T1_FAST_ROIs_V_cerebellum_VIIIb",0.190978054850533,0.260562014901582,0.0239651448130197,1.36435579001738,0.125486380263825,0.00369335769128308,4.00615283574113e-09,1.07514328448464e-08,0.372615714905519,0.70943447504775,0.89742729074357
"520","Pattern_12","UKB_IDP_0158_IDP_T1_FAST_ROIs_R_cerebellum_VIIIb",0.190978054850533,0.24567034488427,0.028701157297888,1.28637997217294,0.150285106424142,0.060292127239618,-2.29990212195034e-09,9.16183256036236e-09,-0.251030796164144,0.801790299455932,0.934397457416333
"521","Pattern_12","UKB_IDP_0159_IDP_T1_FAST_ROIs_L_cerebellum_IX",0.190978054850533,0.255243951025015,0.022905195645232,1.33650932419842,0.119936270495364,0.00457144561255621,-5.53278558523696e-09,1.01638520537031e-08,-0.544359122506228,0.58619436953498,0.82552907004733
"522","Pattern_12","UKB_IDP_0160_IDP_T1_FAST_ROIs_V_cerebellum_IX",0.190978054850533,0.264288595374267,0.0287198898471259,1.383868924527,0.150383193868024,0.00508691760281794,-6.53631443538181e-09,9.79582399192655e-09,-0.667255193720187,0.504609141282559,0.78180367160273
"523","Pattern_12","UKB_IDP_0161_IDP_T1_FAST_ROIs_R_cerebellum_IX",0.190978054850533,0.259563497524153,0.0241700632758849,1.35912734961772,0.126559375080039,0.00436321526827055,-5.06283461018982e-09,1.04168146726713e-08,-0.486025216851776,0.626949287117539,0.847193757685312
"524","Pattern_12","UKB_IDP_0162_IDP_T1_FAST_ROIs_L_cerebellum_X",0.190978054850533,0.225852030143249,0.0254638418270254,1.18260723893124,0.133333863133931,0.171310294900054,-8.49059495123119e-09,7.45346641197835e-09,-1.13914714066278,0.254641788354968,0.589689356527665
"525","Pattern_12","UKB_IDP_0163_IDP_T1_FAST_ROIs_V_cerebellum_X",0.190978054850533,0.299833067321428,0.034267727414813,1.56998702053013,0.179432801541686,0.000592726850771518,8.54838381051775e-09,8.60779805895159e-09,0.993097625196719,0.320662381192847,0.656252199638104
"526","Pattern_12","UKB_IDP_0164_IDP_T1_FAST_ROIs_R_cerebellum_X",0.190978054850533,0.243884209520513,0.0273514167560784,1.27702740354847,0.143217589986895,0.0528056935180767,-6.39420302147457e-09,7.33972563357864e-09,-0.871177390095021,0.38365730321301,0.699587743529658
"527","Pattern_12","UKB_IDP_0193_aseg_lh_volume_Cerebellum-White-Matter",0.190978054850533,0.333584300191372,0.0318913598898681,1.74671535141798,0.166989657082996,1.63158930107352e-06,1.02334043647075e-08,1.03190798171226e-08,0.99169737477242,0.321345172064088,0.656252199638104
"528","Pattern_12","UKB_IDP_0194_aseg_lh_volume_Cerebellum-Cortex",0.190978054850533,0.290024174959932,0.0249480424931763,1.51862566192182,0.130633032746624,1.64968372703088e-05,6.80482295772411e-09,9.6338954037642e-09,0.706341793483174,0.479975608827344,0.76347886585647
"529","Pattern_12","UKB_IDP_0210_aseg_rh_volume_Cerebellum-White-Matter",0.190978054850533,0.333787291765927,0.0360945340180574,1.74777825665447,0.188998333061389,2.12816368915291e-05,8.34852474481724e-09,1.00447345776959e-08,0.831134429709568,0.405897691621341,0.716210852214108
"530","Pattern_12","UKB_IDP_0211_aseg_rh_volume_Cerebellum-Cortex",0.190978054850533,0.295939025830916,0.0251697479201892,1.5495970260171,0.131793927526846,5.42074337371845e-06,9.86515824162767e-09,9.71300486966022e-09,1.01566491255891,0.309788982030939,0.645327081709752
"531","Pattern_12","UKB_IDP_0434_Volume_of_V1_in_the_right_hemisphere",0.190978054850533,0.283150589115841,0.029337259540243,1.48263416620012,0.153615867347709,0.00077777274796662,1.17340326511301e-08,8.59035975836572e-09,1.36595357833563,0.171953534322352,0.506466614768258
"532","Pattern_12","UKB_IDP_0442_Volume_of_entorhinal_in_the_left_hemisphere_DKT_parcellation",0.190978054850533,0.203099103670148,0.0349673907319578,1.06346828084044,0.1830963812011,0.730405916471724,-9.22375054928325e-09,7.36528084022864e-09,-1.25232842431531,0.210450215561083,0.550614071763884
"533","Pattern_1","Demontis 2023 -  Attention Deficit Hyperactivity Disorder",0.236605571083114,0.273916340754904,0.0138402195282197,1.15769184766441,0.0584949013028857,0.00674653338246516,2.50589019546651e-09,1.36896618496307e-09,1.83049824239019,0.0671754693549585,0.343628362469596
"534","Pattern_1","Grove 2019  - Autism Spectrum Disorder",0.236605571083114,0.272903494216533,0.024478621550321,1.15341110932958,0.103457502873938,0.136134739104703,5.4859871333549e-09,4.25769360046421e-09,1.28848800504498,0.197576141646978,0.537649653995869
"535","Pattern_1","Chambers_total_cerebellar_volume",0.236605571083114,0.355010543229935,0.023633092567283,1.50043188587993,0.0998839226781402,1.80530892873652e-08,1.92718442391234e-08,7.86788182682495e-09,2.44943234574488,0.0143081586547892,0.165800738003263
"536","Pattern_1","Davies reaction time",0.236605571083114,0.298728984120646,0.0136667207271187,1.26256107475893,0.0577616184798872,1.02632268516877e-05,3.95791415116787e-09,1.16270438594414e-09,3.40405884678414,0.00066392448407861,0.0388161152431933
"537","Pattern_1","Gui_age_onset_walking",0.236605571083114,0.255122759267027,0.0176660944740198,1.07826184353625,0.0746647443386448,0.294935455277098,4.45527237896871e-09,3.92562773775012e-09,1.13491973172223,0.256408951662184,0.590517585646242
"538","Pattern_1","Huang_neurodev_disorders",0.236605571083114,0.31764971627997,0.148007008283789,1.34252847397404,0.625543209343104,0.559613264821,3.33100339854922e-09,5.95015742242065e-09,0.559817692553435,0.575603794418955,0.818773311847284
"539","Pattern_1","Lee_cognitive_performance",0.236605571083114,0.298672085548994,0.0109123235992505,1.26232059617936,0.0461203155500393,2.66154767230288e-08,1.48782254927222e-09,4.19777556019648e-10,3.54431180975903,0.000393639408043256,0.0349026941798354
"540","Pattern_1","Lee_educ_attainment",0.236605571083114,0.293319610858913,0.00840740528399697,1.23969866608034,0.0355334206439444,3.01953239891131e-10,2.97217148644669e-09,5.55575577364352e-10,5.34971587582496,8.8092423420826e-08,0.000187460677039518
"541","Pattern_1","Alzheimer's Disease",0.236605571083114,0.409537720581396,0.0617069708984431,1.73088790220216,0.260801005724277,0.00161475964476856,2.96349989602262e-10,4.09962961000699e-09,0.0722870156071873,0.942373497707435,0.981101175695411
"542","Pattern_1","Anorexia Nervosa",0.236605571083114,0.223195977020186,0.0281199748598329,0.943325112753927,0.118847475700202,0.635117720929208,-3.88461820515052e-09,6.12819558366691e-09,-0.633892660917014,0.526150875491218,0.79361817645691
"543","Pattern_1","Autism Spectrum Disorder",0.236605571083114,0.271602770222789,0.0253157547249306,1.14791367328955,0.106995598662543,0.17152531983544,3.69898471280645e-08,1.57434019920109e-08,2.3495459969094,0.0187963215879783,0.188946526989261
"544","Pattern_1","Bipolar Disorder",0.236605571083114,0.316487195139032,0.0382702272799159,1.3376151444374,0.161746940719635,0.0302866135397516,1.3639031032367e-08,1.44070760574107e-08,0.946689736211353,0.343796902045104,0.670577275483027
"545","Pattern_1","Body Mass Index",0.236605571083114,0.283468307138465,0.0159445796342579,1.1980626907508,0.0673888597012661,0.00388440222342012,2.17452942753719e-09,2.55126626902334e-09,0.852333389869818,0.394029078850837,0.70818241725781
"546","Pattern_1","Celiac Disease",0.236605571083114,0.280317202628692,0.0488774342349214,1.18474472661602,0.206577698112408,0.360026365067779,-3.7525510051697e-08,1.61070754202755e-08,-2.32975317197933,0.0198192004644535,0.193989092096007
"547","Pattern_1","Coronary Artery Disease",0.236605571083114,0.388434386410524,0.0428035215325019,1.64169585962148,0.18090665125322,0.000307455424333317,3.51371816214537e-09,2.99066614780921e-09,1.17489481890826,0.240036798698255,0.577173228960323
"548","Pattern_1","Crohn's Disease",0.236605571083114,0.362747910018596,0.0321101354813205,1.53313342690131,0.135711662807977,6.43745945105561e-05,2.35345565804856e-09,1.78793971084953e-08,0.131629475186852,0.895277370542631,0.964590653881668
"549","Pattern_1","Depressive Symptoms",0.236605571083114,0.257885822074689,0.0279862963253887,1.08993977146929,0.118282490971262,0.446459039126854,2.01239011930784e-09,1.18020909129104e-09,1.70511321608824,0.0881733112330304,0.385530549806609
"550","Pattern_1","Ever Smoked",0.236605571083114,0.267645335612899,0.0301818669917573,1.13118780080999,0.127561945619426,0.303495990275841,3.32822101027414e-09,2.66877709512497e-09,1.24709591383775,0.212362331046634,0.551843125046487
"551","Pattern_1","Fasting Glucose",0.236605571083114,0.32223551411292,0.0464891230039535,1.36191008790628,0.19648363642132,0.0645971990815371,-2.8563096157739e-09,4.6232512484732e-09,-0.617814058173278,0.536697915439594,0.796499146450718
"552","Pattern_1","HDL Cholesterol",0.236605571083114,0.398565804034105,0.0329133349366346,1.68451572044387,0.139106339660417,3.15359908475028e-05,5.73915848310206e-09,4.2027657305879e-09,1.36556706963994,0.172074888382261,0.506466614768258
"553","Pattern_1","Height",0.236605571083114,0.311956387489618,0.0174865944106285,1.31846594339081,0.0739060975216256,2.45612016260583e-05,-5.92127717735936e-09,3.57727143324316e-09,-1.65524961911854,0.097873873905603,0.393715696920838
"554","Pattern_1","Inflammatory Bowel Disease",0.236605571083114,0.327326884632167,0.026836941511898,1.3834284760657,0.113424808169334,0.00138882561739509,-1.60551510164097e-08,9.37889799155477e-09,-1.71183768400793,0.0869265852724053,0.385530549806609
"555","Pattern_1","LDL Cholesterol",0.236605571083114,0.392736711991916,0.0398749714476785,1.6598793941921,0.168529300747831,0.000101712472730653,-1.16183770927067e-10,3.50518254782217e-09,-0.0331462824951168,0.973557934915012,0.9907849285027
"556","Pattern_1","Systemic Lupus Erythematosus",0.236605571083114,0.380199595000174,0.048423272221299,1.60689198170494,0.204658208171646,0.00109723641005222,-1.39270473201447e-08,1.91072978749231e-08,-0.728886282681706,0.466071226350628,0.757677287757171
"557","Pattern_1","Multiple Sclerosis",0.236605571083114,0.763519213355459,0.251553951714867,3.2269705648108,1.0631784812307,1.15417823867814e-05,-8.84396005718342e-09,8.14401100356765e-09,-1.08594647690298,0.277502672770684,0.612578514165991
"558","Pattern_1","Neuroticism",0.236605571083114,0.257175611828597,0.0156437122586265,1.08693810822509,0.0661172608363107,0.191313533523153,2.91748302177069e-09,1.50760423537078e-09,1.93517831359313,0.0529684179931033,0.307130227491346
"559","Pattern_1","Primary Biliary Cirrhosis",0.236605571083114,0.373597822438433,0.0429093606866342,1.57898996514836,0.181353974423371,0.00112627233228176,-1.23126772458349e-08,1.75213073973377e-08,-0.702725941998241,0.482226557495482,0.764093904951887
"560","Pattern_1","Rheumatoid Arthritis",0.236605571083114,0.316926601484622,0.0351189306096426,1.33947227038578,0.148428164429426,0.0198758284110165,-6.25890650468058e-09,6.55209174452816e-09,-0.955253184589116,0.339449675992067,0.667175455808263
"561","Pattern_1","Schizophrenia",0.236605571083114,0.304591196325236,0.0131582437122253,1.28733738149488,0.0556125692729488,2.38348800915448e-07,1.76634750229306e-08,6.17123665787631e-09,2.86222616343628,0.00420676604213658,0.0994666459740737
"562","Pattern_1","Subjective Well-Being",0.236605571083114,0.29846117938444,0.041711802083044,1.26142921326057,0.176292561041987,0.129730351629778,1.54412621241183e-10,1.08115218260821e-09,0.142822281381954,0.886430539480695,0.960581364948613
"563","Pattern_1","Triglycerides",0.236605571083114,0.365332938468604,0.0339499390281985,1.54405890273932,0.143487487943691,0.00013421269025653,2.95222865602935e-09,3.79705800596777e-09,0.777504228639484,0.436861340589212,0.740306181872265
"564","Pattern_1","Type 1 Diabetes",0.236605571083114,0.474861841960918,0.106327385077807,2.00697658887377,0.449386650496309,0.00313810173131238,-6.61331428655246e-09,9.38732329763929e-09,-0.704494143523913,0.481125095947066,0.76347886585647
"565","Pattern_1","Type 2 Diabetes",0.236605571083114,0.267383695145583,0.0374052474668975,1.13008199224378,0.158091152696307,0.412237931275085,-4.46932596182357e-09,3.81254783975374e-09,-1.1722675097271,0.241089671656733,0.578397769205782
"566","Pattern_1","Ulcerative Colitis",0.236605571083114,0.298185707957656,0.0367938771942787,1.26026494893018,0.155507230982967,0.0976450947501595,-2.29033646749213e-08,9.74389114510328e-09,-2.35053576993532,0.0187464057470832,0.188946526989261
"567","Pattern_1","Years of Education (EduYears)",0.236605571083114,0.295739752194212,0.0247858359193458,1.24992725589849,0.104755926945774,0.0209760096420137,3.36328108023246e-09,2.00872375744341e-09,1.67433728394443,0.0940643309317575,0.387173880508278
"568","Pattern_1","Years of Education (College)",0.236605571083114,0.295449393221746,0.0114214862270775,1.24870007020233,0.0482722624610786,6.9399270624139e-07,5.0258784027519e-09,1.26694512767264e-09,3.96692665923453,7.28053840122252e-05,0.0153033352089234
"569","Pattern_1","Savage cognition-intelligence",0.236605571083114,0.305420197710012,0.0143045312167178,1.29084110873588,0.0604572882677092,2.63314363691785e-06,8.38532596915147e-09,2.55683577912381e-09,3.27957158516649,0.00103964830638689,0.0480950346954632
"570","Pattern_1","Tissink 2022 - Cerebellar Volume",0.236605571083114,0.361218866575882,0.0263147989256854,1.5266710116855,0.111218002201823,4.96478313241552e-07,1.92461581636507e-08,9.45474608652927e-09,2.03560814722162,0.0417897190366731,0.271952667003182
"571","Pattern_1","Tissink 2022 - Subcortical Volume",0.236605571083114,0.338117401489681,0.0267702045716302,1.42903398234401,0.113142748283921,5.85774417074956e-05,-5.6861519633528e-10,9.08689686608928e-09,-0.0625752888708634,0.950104707468245,0.982893391788414
"572","Pattern_1","UKB_IDP_0021_Volume_of_left_amygdala",0.236605571083114,0.350512767575832,0.0708294345574489,1.48142229268433,0.299356579953767,0.0877455249831752,-1.14117630550277e-09,5.93293158754489e-09,-0.192346108945275,0.847471102919818,0.952043345677671
"573","Pattern_1","UKB_IDP_0024_Volume_of_right_accumbens",0.236605571083114,0.351820183389088,0.0477008022552227,1.48694801131924,0.201604729917651,0.0123112104993694,1.08909309118361e-09,6.85225139434964e-09,0.158939453400917,0.873716576448333,0.960300915669594
"574","Pattern_1","UKB_IDP_0026_Volume_of_grey_matter_in_Left_Frontal_Pole",0.236605571083114,0.33571106996577,0.037000122392373,1.41886375890888,0.156378914591896,0.00489549605187329,2.76495947756667e-09,6.08113456842723e-09,0.45467822598798,0.649340747849327,0.863623194639605
"575","Pattern_1","UKB_IDP_0137_IDP_T1_FAST_ROIs_L_cerebellum_I-IV",0.236605571083114,0.307411665852171,0.0283222702691196,1.29925793566452,0.1197024657512,0.009238130978087,7.04425272149158e-10,7.7005695797743e-09,0.0914770348935415,0.927113553216437,0.978180293171119
"576","Pattern_1","UKB_IDP_0138_IDP_T1_FAST_ROIs_R_cerebellum_I-IV",0.236605571083114,0.316188353920283,0.0280374781688701,1.33635210900936,0.118498808124096,0.00318610233213256,3.16006266031934e-11,7.72386364071591e-09,0.00409129783656621,0.996735625729467,0.998546746323358
"577","Pattern_1","UKB_IDP_0139_IDP_T1_FAST_ROIs_L_cerebellum_V",0.236605571083114,0.355351071295891,0.030041169626992,1.50187110839865,0.12696729620301,4.29211322989681e-05,1.54904732816166e-08,7.43584516623469e-09,2.08321622294625,0.0372315190210631,0.260620633147442
"578","Pattern_1","UKB_IDP_0140_IDP_T1_FAST_ROIs_R_cerebellum_V",0.236605571083114,0.342089129326298,0.0293368030257391,1.44582026433406,0.123990330791635,0.000317613595866367,7.586852100669e-09,7.87977606250301e-09,0.962825851964508,0.335634924879101,0.667175455808263
"579","Pattern_1","UKB_IDP_0141_IDP_T1_FAST_ROIs_L_cerebellum_VI",0.236605571083114,0.350270147047517,0.0290837582638916,1.48039687080942,0.122920851486101,2.4951621584114e-05,8.90014809899091e-09,7.54242367281477e-09,1.18001168922263,0.237995565831913,0.576336899613276
"580","Pattern_1","UKB_IDP_0142_IDP_T1_FAST_ROIs_V_cerebellum_VI",0.236605571083114,0.317591465930266,0.0266568890741959,1.34228228218136,0.112663826773681,0.00165757455272771,4.43947509974815e-09,7.18839510073923e-09,0.617589188898592,0.536846172880787,0.796499146450718
"581","Pattern_1","UKB_IDP_0143_IDP_T1_FAST_ROIs_R_cerebellum_VI",0.236605571083114,0.365290910924249,0.0304488879412779,1.54388127571151,0.1286904944879,5.87590104987589e-06,1.28836532402994e-08,7.29886592435008e-09,1.76515822784436,0.0775371768470914,0.368301590023684
"582","Pattern_1","UKB_IDP_0144_IDP_T1_FAST_ROIs_L_cerebellum_crus_I",0.236605571083114,0.280881129659415,0.0208351261928716,1.18712813216367,0.0880584768037972,0.0310867968662864,-1.23907188707648e-09,7.94115904324939e-09,-0.156031617088665,0.876008099595402,0.960300915669594
"583","Pattern_1","UKB_IDP_0145_IDP_T1_FAST_ROIs_V_cerebellum_crus_I",0.236605571083114,0.301192306001038,0.0627338925334672,1.27297216469698,0.265141231655235,0.300231489112218,1.04086668294749e-09,5.68791948375937e-09,0.182996029729228,0.854801133834364,0.953526292210817
"584","Pattern_1","UKB_IDP_0146_IDP_T1_FAST_ROIs_R_cerebellum_crus_I",0.236605571083114,0.297005321320718,0.0215708770842384,1.25527611188997,0.0911680861337834,0.00438672198821386,2.93837926531896e-09,8.1289415236136e-09,0.361471325237526,0.717747137087602,0.900785355623769
"585","Pattern_1","UKB_IDP_0147_IDP_T1_FAST_ROIs_L_cerebellum_crus_II",0.236605571083114,0.299037665866529,0.0251310179722282,1.26386570061566,0.106214819275749,0.0126693859731623,3.00033180312781e-09,8.45916742198169e-09,0.354684054997098,0.722826297588568,0.903636929502467
"586","Pattern_1","UKB_IDP_0148_IDP_T1_FAST_ROIs_V_cerebellum_crus_II",0.236605571083114,0.322794995071829,0.0284862926884158,1.36427470238407,0.120395697185039,0.00176981234493775,1.18903513123366e-08,6.67433648233497e-09,1.78150312676127,0.0748302945442972,0.363357746783683
"587","Pattern_1","UKB_IDP_0149_IDP_T1_FAST_ROIs_R_cerebellum_crus_II",0.236605571083114,0.299216539146328,0.0237767508097336,1.26462169836745,0.100491086075828,0.0059432654700556,3.18035121002784e-09,8.37159890183069e-09,0.379897705004998,0.704021350995893,0.893550304177715
"588","Pattern_1","UKB_IDP_0150_IDP_T1_FAST_ROIs_L_cerebellum_VIIb",0.236605571083114,0.292065588328463,0.0272822350511377,1.2343986111209,0.11530681600711,0.0387216988637154,-2.28600525530661e-10,8.28439880342773e-09,-0.027594099578605,0.977985887729231,0.992756358335072
"589","Pattern_1","UKB_IDP_0151_IDP_T1_FAST_ROIs_V_cerebellum_VIIb",0.236605571083114,0.365767474060788,0.0299121712507877,1.54589544272524,0.126422091896899,2.21334630352276e-06,2.52486042136764e-08,7.43209329570935e-09,3.39723994426344,0.000680692525462756,0.0388161152431933
"590","Pattern_1","UKB_IDP_0152_IDP_T1_FAST_ROIs_R_cerebellum_VIIb",0.236605571083114,0.268900304343614,0.0228494623402444,1.13649185483108,0.0965719540568973,0.163042650585421,-6.68615255938827e-09,8.41491736310447e-09,-0.794559503187038,0.426869783133443,0.730208117771678
"591","Pattern_1","UKB_IDP_0153_IDP_T1_FAST_ROIs_L_cerebellum_VIIIa",0.236605571083114,0.289703631484933,0.027857069764048,1.22441593475061,0.11773632225364,0.0568519946923131,-1.7658331730049e-09,8.76195952686777e-09,-0.201534048130458,0.840281008994626,0.949611251800618
"592","Pattern_1","UKB_IDP_0154_IDP_T1_FAST_ROIs_V_cerebellum_VIIIa",0.236605571083114,0.353112419041365,0.0266147634818662,1.49240957186644,0.112485785351677,2.33638781010908e-05,2.13657558661723e-08,9.68692524847325e-09,2.20562823787039,0.027410040257599,0.223908734616106
"593","Pattern_1","UKB_IDP_0155_IDP_T1_FAST_ROIs_R_cerebellum_VIIIa",0.236605571083114,0.286653709881148,0.0259063040307966,1.21152561441782,0.109491521743148,0.0559396344766585,7.36748706812882e-10,7.5104465895672e-09,0.0980965243579928,0.921855647377315,0.974826951911327
"594","Pattern_1","UKB_IDP_0156_IDP_T1_FAST_ROIs_L_cerebellum_VIIIb",0.236605571083114,0.324589084639265,0.0268440963867995,1.37185731998358,0.113455047841497,0.00123757440837866,8.31941820938808e-09,8.16476898154348e-09,1.0189410414666,0.308230957793995,0.644951305983895
"595","Pattern_1","UKB_IDP_0157_IDP_T1_FAST_ROIs_V_cerebellum_VIIIb",0.236605571083114,0.336485548683079,0.0252389716835501,1.42213704919433,0.106671079501692,0.000101182356168766,1.89300121117209e-08,1.03112321798749e-08,1.83586323937773,0.0663778856745661,0.343534901775246
"596","Pattern_1","UKB_IDP_0158_IDP_T1_FAST_ROIs_R_cerebellum_VIIIb",0.236605571083114,0.31659990873031,0.0289654387942822,1.33809152202547,0.122420780971837,0.00527729587507561,7.68789114774688e-09,6.79766969009423e-09,1.13095979920147,0.258072012132021,0.59305185945289
"597","Pattern_1","UKB_IDP_0159_IDP_T1_FAST_ROIs_L_cerebellum_IX",0.236605571083114,0.33961971963271,0.0287967335172917,1.43538344459949,0.121707757706077,0.000362744569325033,1.39492726409077e-08,1.11321628797547e-08,1.25306041526542,0.210183720647874,0.550614071763884
"598","Pattern_1","UKB_IDP_0160_IDP_T1_FAST_ROIs_V_cerebellum_IX",0.236605571083114,0.355418267202543,0.0302628907576333,1.5021551080794,0.127904387961358,1.70777927323312e-05,1.42742017907958e-08,8.83218437143314e-09,1.61615758803273,0.10606024590999,0.402310522810087
"599","Pattern_1","UKB_IDP_0161_IDP_T1_FAST_ROIs_R_cerebellum_IX",0.236605571083114,0.344021525649657,0.0272758078411272,1.45398742757756,0.115279651769255,5.31705869425782e-05,1.4520600617674e-08,9.54062615504433e-09,1.52197564202814,0.128015184082481,0.438385140772806
"600","Pattern_1","UKB_IDP_0162_IDP_T1_FAST_ROIs_L_cerebellum_X",0.236605571083114,0.300425006530924,0.0297482359183569,1.26972921709182,0.125729228530748,0.0292630935178403,2.16502080855809e-11,7.27826004486536e-09,0.00297464063555336,0.997626583663146,0.998546746323358
"601","Pattern_1","UKB_IDP_0163_IDP_T1_FAST_ROIs_V_cerebellum_X",0.236605571083114,0.314460895251124,0.0316946788901217,1.32905110311482,0.133955759135477,0.00844266788443361,1.88349692507002e-10,6.64817599934217e-09,0.0283310328315074,0.977398129908038,0.992756358335072
"602","Pattern_1","UKB_IDP_0164_IDP_T1_FAST_ROIs_R_cerebellum_X",0.236605571083114,0.307296875172773,0.0371951332354052,1.29877277938154,0.157203116837597,0.0624554503175991,3.97333190816291e-10,8.28711294648437e-09,0.0479459123318515,0.961759348692999,0.989663391691829
"603","Pattern_1","UKB_IDP_0193_aseg_lh_volume_Cerebellum-White-Matter",0.236605571083114,0.352065877556593,0.0320484057936067,1.48798642375551,0.135450765790924,6.87693711442565e-05,3.51186918278518e-09,8.27438003865731e-09,0.424426865381815,0.67125453142374,0.876337204214551
"604","Pattern_1","UKB_IDP_0194_aseg_lh_volume_Cerebellum-Cortex",0.236605571083114,0.345132125185937,0.0242081920186214,1.45868131340281,0.102314547826592,3.10222954435242e-06,1.35615230517061e-08,7.562329505818e-09,1.79329967588329,0.0729250192111384,0.359223242780793
"605","Pattern_1","UKB_IDP_0210_aseg_rh_volume_Cerebellum-White-Matter",0.236605571083114,0.3494581140502,0.0342781688581928,1.47696485949371,0.144874732667016,0.00031296940944362,2.03204882566863e-09,7.84893441448843e-09,0.258894866278618,0.795716359299977,0.932425337329488
"606","Pattern_1","UKB_IDP_0211_aseg_rh_volume_Cerebellum-Cortex",0.236605571083114,0.334222519367327,0.0234058819218877,1.41257248439819,0.0989236297976507,9.66093857853659e-06,8.65097360446802e-09,7.45037000922638e-09,1.16114684153335,0.245582188406838,0.580665441033058
"607","Pattern_1","UKB_IDP_0434_Volume_of_V1_in_the_right_hemisphere",0.236605571083114,0.286520970254984,0.0275690949245993,1.21096459793136,0.116519212960184,0.0725629880009593,-1.59267577969502e-09,7.54608661490347e-09,-0.21105983286085,0.832840582902935,0.947239316096978
"608","Pattern_1","UKB_IDP_0442_Volume_of_entorhinal_in_the_left_hemisphere_DKT_parcellation",0.236605571083114,0.29124321121588,0.0386148184783278,1.23092288098987,0.163203335836768,0.142327896357529,1.25770326102689e-09,6.01137026966419e-09,0.209220727489334,0.83427593227757,0.947757550807674
"609","Pattern_20","Demontis 2023 -  Attention Deficit Hyperactivity Disorder",0.190475542878307,0.206480361092632,0.0143848470930781,1.08402558130284,0.075520704000662,0.271028514438799,2.23507083311716e-09,1.64135362509604e-09,1.36172412753918,0.173284963891867,0.507920665512249
"610","Pattern_20","Grove 2019  - Autism Spectrum Disorder",0.190475542878307,0.182058803571761,0.0253172127070936,0.955811968406234,0.132915818611256,0.736195734357084,-2.92177992673804e-09,5.16551979892682e-09,-0.565631347951675,0.571644413135418,0.818362708148217
"611","Pattern_20","Chambers_total_cerebellar_volume",0.190475542878307,0.290935827851966,0.0219077501953991,1.52741828927529,0.115016079567736,1.74102414576759e-06,1.78029881979123e-08,1.04175264808677e-08,1.70894580691572,0.0874609883814093,0.385530549806609
"612","Pattern_20","Davies reaction time",0.190475542878307,0.230973965024704,0.0121177416871822,1.21261743914425,0.0636183601530623,0.00102677372964068,3.49631176652208e-09,1.26343905522675e-09,2.76729752183779,0.00565231446394071,0.117715323576852
"613","Pattern_20","Gui_age_onset_walking",0.190475542878307,0.190244623232212,0.0156829304779077,0.998787667736204,0.0823356649411278,0.98824950819337,1.7834120643427e-09,4.04153613516775e-09,0.441270844722677,0.659016930452884,0.869428411657618
"614","Pattern_20","Huang_neurodev_disorders",0.190475542878307,0.375396725721112,0.172326482391636,1.97083951067119,0.904717108493731,0.124490277941473,1.0422671363154e-08,6.14771263817777e-09,1.69537386936865,0.0900045196967395,0.385530549806609
"615","Pattern_20","Lee_cognitive_performance",0.190475542878307,0.229604534541864,0.00950295019930812,1.20542790466572,0.0498906581690619,5.07198331001823e-05,1.16096585926908e-09,4.62570266972659e-10,2.50981513979951,0.0120794378757269,0.155788144239678
"616","Pattern_20","Lee_educ_attainment",0.190475542878307,0.210346356841954,0.00828033882608302,1.10432212799279,0.0434719266366561,0.0172581243502256,1.3336415484653e-09,6.77643026217242e-10,1.9680591356632,0.0490612339691337,0.300006626110105
"617","Pattern_20","Alzheimer's Disease",0.190475542878307,0.359492986419535,0.0566951354571656,1.88734459546448,0.297650473128655,0.0017755777657556,-3.67951684001733e-10,4.22963456781764e-09,-0.086993729151307,0.930676496623653,0.979288013459795
"618","Pattern_20","Anorexia Nervosa",0.190475542878307,0.184900902277344,0.0245548187774867,0.970733037340519,0.128913236872487,0.820805989300145,2.33065691518387e-09,6.58150579329091e-09,0.354122139884722,0.723247350560993,0.903636929502467
"619","Pattern_20","Autism Spectrum Disorder",0.190475542878307,0.20892575395183,0.0226789030174183,1.09686393746262,0.119064645648012,0.417938288487123,3.13815942820342e-08,1.74019876632229e-08,1.80333390008979,0.07133579170224,0.355488619298861
"620","Pattern_20","Bipolar Disorder",0.190475542878307,0.233704132729952,0.0370329983828463,1.22695086832887,0.194423902529608,0.239827164120428,1.18278311935668e-09,1.77897766543386e-08,0.0664866761589286,0.946990365122767,0.982893391788414
"621","Pattern_20","Body Mass Index",0.190475542878307,0.240149419345627,0.0176867032124051,1.26078873810616,0.0928555075635351,0.00536512671560701,5.352051043908e-09,3.31747696097867e-09,1.61328958930558,0.106681607275818,0.403113848569831
"622","Pattern_20","Celiac Disease",0.190475542878307,0.227484998253335,0.0454247005037271,1.19430030131833,0.238480488451729,0.40840327754936,-3.4158501204695e-08,1.82023245372736e-08,-1.87660104261669,0.0605727943803261,0.327172837203131
"623","Pattern_20","Coronary Artery Disease",0.190475542878307,0.333921812095219,0.0429828338247728,1.75309547382972,0.225660644801176,0.000631402126873438,3.03386260088974e-09,3.56386441763506e-09,0.851284517412415,0.394611323316768,0.70818241725781
"624","Pattern_20","Crohn's Disease",0.190475542878307,0.299828070002002,0.0278844300244429,1.57410271928485,0.146393755350827,4.37523160626377e-05,-2.49122342098567e-09,1.75317902151371e-08,-0.142097492065284,0.887002999118433,0.960581364948613
"625","Pattern_20","Depressive Symptoms",0.190475542878307,0.183321221122903,0.0271561340603761,0.962439683083226,0.142570188539774,0.792452139819317,1.55017895834406e-09,1.29755081814261e-09,1.19469614343357,0.232205769787337,0.574287127705421
"626","Pattern_20","Ever Smoked",0.190475542878307,0.192745871952744,0.0267183668475126,1.01191926816498,0.140271902858325,0.932354447453132,2.21709286011456e-09,2.87392797416042e-09,0.771450391258412,0.440440016351856,0.742406407082644
"627","Pattern_20","Fasting Glucose",0.190475542878307,0.243310360822009,0.0458866289934916,1.27738373727832,0.240905621268175,0.246722577034976,-6.62316736351407e-09,5.17921841228385e-09,-1.27879669021208,0.200968659754551,0.544791475105332
"628","Pattern_20","HDL Cholesterol",0.190475542878307,0.304508404426413,0.0305694752141849,1.59867455855453,0.160490290523626,0.000344757550568173,-8.62826516242577e-10,4.34342902904996e-09,-0.198650999123451,0.842535757012581,0.950325448128607
"629","Pattern_20","Height",0.190475542878307,0.263416277148334,0.0171209876064137,1.38294015687162,0.0898854905343524,2.09894789683909e-05,-6.18982798343019e-09,4.41511986716014e-09,-1.40196148002015,0.160926749727914,0.490999354024907
"630","Pattern_20","Inflammatory Bowel Disease",0.190475542878307,0.293751402297808,0.0264412077837696,1.54220010537249,0.13881681282653,0.000334877077262352,-1.12658252777403e-08,1.12093933957985e-08,-1.00503433860774,0.314880315359064,0.651181060334391
"631","Pattern_20","LDL Cholesterol",0.190475542878307,0.303884945419155,0.0361112196885751,1.59540138763801,0.189584547931417,0.00173602368726874,-7.43640417980115e-09,3.63323144484873e-09,-2.04677414381201,0.0406802654918487,0.270523765520794
"632","Pattern_20","Systemic Lupus Erythematosus",0.190475542878307,0.332855163332876,0.0463513498783033,1.7474955487883,0.243345414208462,0.000230241923699273,-1.40843301064402e-08,1.98020573898118e-08,-0.711255897767807,0.476925675468834,0.762507766639879
"633","Pattern_20","Multiple Sclerosis",0.190475542878307,0.555905360118704,0.203453380887172,2.91851306324333,1.06813388119416,0.000714459421592403,-2.2384484288401e-08,9.38198482376502e-09,-2.38590071385534,0.0170373500440107,0.184037974079466
"634","Pattern_20","Neuroticism",0.190475542878307,0.194262131755259,0.0142067713983895,1.01987965919263,0.074585803424989,0.789723917257498,2.3542035738746e-09,1.69391643104737e-09,1.38979912510735,0.164589883863006,0.496804642355286
"635","Pattern_20","Primary Biliary Cirrhosis",0.190475542878307,0.343657672454732,0.0456398146577661,1.80420891449718,0.239609841600109,0.000189551467174871,-5.10933991489636e-10,2.0526155931329e-08,-0.0248918498524022,0.980141228097163,0.992756358335072
"636","Pattern_20","Rheumatoid Arthritis",0.190475542878307,0.293475880373056,0.0332165015273345,1.54075361034962,0.174387225915697,0.000993837848218978,1.90800105174845e-09,6.77963057799007e-09,0.281431418688614,0.778379522880853,0.922780849409725
"637","Pattern_20","Schizophrenia",0.190475542878307,0.228699701952098,0.0116316186464045,1.20067751741866,0.0610662055119369,0.00136023226715313,1.07618235522225e-08,6.49555404990001e-09,1.65679839926637,0.097560240765056,0.393715696920838
"638","Pattern_20","Subjective Well-Being",0.190475542878307,0.239350733200813,0.0418597145340562,1.25659562158975,0.219764248477821,0.23988917182928,4.62619819714381e-10,1.34864239508076e-09,0.34302630660419,0.731578669702179,0.903965898707259
"639","Pattern_20","Triglycerides",0.190475542878307,0.291122084109775,0.0362824179487326,1.52839613795336,0.190483341853043,0.00547182894877074,-1.55600819021026e-09,4.56432721849447e-09,-0.340906362695772,0.7331740747062,0.903965898707259
"640","Pattern_20","Type 1 Diabetes",0.190475542878307,0.44854263801757,0.108340668842984,2.35485685584389,0.568790445249977,0.000141510022350839,1.43651665181301e-09,9.64798999382322e-09,0.148892842211973,0.881638189344731,0.960300915669594
"641","Pattern_20","Type 2 Diabetes",0.190475542878307,0.232838428409437,0.0384696252644805,1.2224059051938,0.201966219301227,0.270317009256169,-2.50689913838166e-09,4.38985368965383e-09,-0.571066672287966,0.56795444910681,0.817511501842868
"642","Pattern_20","Ulcerative Colitis",0.190475542878307,0.272088140403104,0.0353190655968133,1.42846759374739,0.185425724810131,0.0280138381308274,-2.00843211210895e-08,1.07804355606697e-08,-1.86303429096718,0.0624574418882679,0.330370400174421
"643","Pattern_20","Years of Education (EduYears)",0.190475542878307,0.195944386053713,0.0255871479725685,1.02871152428687,0.134332983573203,0.8310198269557,-5.65841138071417e-10,2.59660506669074e-09,-0.217915749040942,0.827494756054557,0.946816582816432
"644","Pattern_20","Years of Education (College)",0.190475542878307,0.212033022209322,0.0112304833895122,1.11317715127757,0.0589602382531978,0.0546536705372375,2.1785342733275e-09,1.53206596691443e-09,1.42195853205659,0.155038289526235,0.483047555068564
"645","Pattern_20","Savage cognition-intelligence",0.190475542878307,0.23513546409811,0.0129168063155583,1.23446538356021,0.0678134637149226,0.000770794308519479,7.29126133073913e-09,2.89444269427963e-09,2.5190553418622,0.0117670160362057,0.154569198302751
"646","Pattern_20","Tissink 2022 - Cerebellar Volume",0.190475542878307,0.294643730121617,0.025072581148791,1.54688484237507,0.131631498563622,2.7107408909941e-05,1.79649571325383e-08,1.15064197907717e-08,1.56129860192885,0.118453313323601,0.425791639784836
"647","Pattern_20","Tissink 2022 - Subcortical Volume",0.190475542878307,0.282366171085819,0.0269380918727794,1.48242743828912,0.141425463162952,0.00047986549452954,4.66217118113275e-10,1.03481866910157e-08,0.0450530254269616,0.964065043652007,0.990120855642602
"648","Pattern_20","UKB_IDP_0021_Volume_of_left_amygdala",0.190475542878307,0.277282186187076,0.0620333882087002,1.45573642682425,0.325676395359233,0.153706066927931,-3.28837232801292e-09,6.26857836612878e-09,-0.524580237487512,0.599875027933112,0.831618279766556
"649","Pattern_20","UKB_IDP_0024_Volume_of_right_accumbens",0.190475542878307,0.299102019064069,0.0429679083842631,1.57029093890107,0.225582285972088,0.00771940734597566,1.21726288916146e-09,7.16341235488135e-09,0.169927798213651,0.865066919228922,0.956682460374822
"650","Pattern_20","UKB_IDP_0026_Volume_of_grey_matter_in_Left_Frontal_Pole",0.190475542878307,0.23545872407097,0.029186995189611,1.23616250418775,0.153232245718067,0.113737445247896,-6.04733040485128e-09,6.1448914361751e-09,-0.98412322946025,0.325054926639845,0.659405990361859
"651","Pattern_20","UKB_IDP_0137_IDP_T1_FAST_ROIs_L_cerebellum_I-IV",0.190475542878307,0.269420822820909,0.025029036436832,1.41446412883064,0.131402888048587,0.00103961667770168,6.43843266960831e-09,7.77194115807184e-09,0.828420151241294,0.40743259822762,0.716542619031715
"652","Pattern_20","UKB_IDP_0138_IDP_T1_FAST_ROIs_R_cerebellum_I-IV",0.190475542878307,0.258222687604066,0.0236205846950176,1.35567371906136,0.124008491263934,0.00365815140813973,-1.11373534770543e-09,8.01623020192711e-09,-0.138935050472688,0.889501473286486,0.961587341579788
"653","Pattern_20","UKB_IDP_0139_IDP_T1_FAST_ROIs_L_cerebellum_V",0.190475542878307,0.296286047177087,0.0293660991449889,1.55550703623079,0.154172544680713,0.000426182174713839,1.67668246572722e-08,9.31238898302043e-09,1.80048585683477,0.0717839548171652,0.355488619298861
"654","Pattern_20","UKB_IDP_0140_IDP_T1_FAST_ROIs_R_cerebellum_V",0.190475542878307,0.290999018440656,0.0275096358688159,1.52775004099383,0.144426079343905,0.000421249095792273,1.18432345248782e-08,8.97994050288178e-09,1.31885445355429,0.187217775487864,0.527823349615774
"655","Pattern_20","UKB_IDP_0141_IDP_T1_FAST_ROIs_L_cerebellum_VI",0.190475542878307,0.285072068965623,0.0254702932651394,1.49663345045696,0.133719494273404,0.000120175779198401,1.00822664263919e-08,8.4506097097145e-09,1.19308153763174,0.232837441319905,0.574287127705421
"656","Pattern_20","UKB_IDP_0142_IDP_T1_FAST_ROIs_V_cerebellum_VI",0.190475542878307,0.252309637442085,0.024397464868725,1.3246301001661,0.128087126042803,0.0114141600258471,4.52061150359893e-09,8.26861981226287e-09,0.5467189937666,0.584571803092797,0.824912995345804
"657","Pattern_20","UKB_IDP_0143_IDP_T1_FAST_ROIs_R_cerebellum_VI",0.190475542878307,0.291173947576533,0.02984841390393,1.52866842207958,0.15670470577422,0.000361136215974758,1.08162456361852e-08,9.05020185374353e-09,1.19513860695948,0.232032880243129,0.574287127705421
"658","Pattern_20","UKB_IDP_0144_IDP_T1_FAST_ROIs_L_cerebellum_crus_I",0.190475542878307,0.207341642242673,0.019041113941922,1.08854732271398,0.0999661880690223,0.373210713266075,-7.47794873424629e-09,8.5696006094717e-09,-0.872613447817061,0.382873808149543,0.699360913083458
"659","Pattern_20","UKB_IDP_0145_IDP_T1_FAST_ROIs_V_cerebellum_crus_I",0.190475542878307,0.179626513869222,0.0617823775694969,0.943042404052803,0.324358585023007,0.860184002882179,-5.14705138741577e-09,6.80057946456785e-09,-0.756854826008984,0.449136841921985,0.749801045122025
"660","Pattern_20","UKB_IDP_0146_IDP_T1_FAST_ROIs_R_cerebellum_crus_I",0.190475542878307,0.2148711605123,0.0202076624644442,1.12807742802749,0.106090588634545,0.224860650233266,-7.06720945052e-09,9.0962968605886e-09,-0.776932586835419,0.437198544220109,0.740306181872265
"661","Pattern_20","UKB_IDP_0147_IDP_T1_FAST_ROIs_L_cerebellum_crus_II",0.190475542878307,0.226936613667905,0.0231597390486915,1.19142127245645,0.121589043394868,0.113114186295036,-3.58197369127374e-09,9.16434611211628e-09,-0.390859713006471,0.695900934171216,0.889757883597266
"662","Pattern_20","UKB_IDP_0148_IDP_T1_FAST_ROIs_V_cerebellum_crus_II",0.190475542878307,0.253194345817644,0.0264146169230203,1.32927483492937,0.138677210332963,0.0192472675803415,1.08535105086173e-08,8.20272430552923e-09,1.3231592461667,0.185782425609723,0.526965135642524
"663","Pattern_20","UKB_IDP_0149_IDP_T1_FAST_ROIs_R_cerebellum_crus_II",0.190475542878307,0.219042555599732,0.0211244452834708,1.14997732669372,0.110903714798529,0.167546057553892,-7.19321063712268e-09,9.00381155977074e-09,-0.798907283806574,0.424344175142992,0.728709686169568
"664","Pattern_20","UKB_IDP_0150_IDP_T1_FAST_ROIs_L_cerebellum_VIIb",0.190475542878307,0.230920523630083,0.022493746499039,1.21233687086859,0.118092570621573,0.0712011795492639,-1.20093236257712e-09,8.49364822325245e-09,-0.141391817863308,0.887560417735382,0.960696118484686
"665","Pattern_20","UKB_IDP_0151_IDP_T1_FAST_ROIs_V_cerebellum_VIIb",0.190475542878307,0.276183050277997,0.0224390108996974,1.44996594368258,0.117805207748028,8.40099923472857e-05,1.83273150113556e-08,7.44391712741579e-09,2.46205253197359,0.0138144431445709,0.164426848346699
"666","Pattern_20","UKB_IDP_0152_IDP_T1_FAST_ROIs_R_cerebellum_VIIb",0.190475542878307,0.219501446898892,0.0226321552049479,1.15238651420529,0.118819218798118,0.199813487178529,-3.26867806874321e-09,9.89726552725159e-09,-0.330260722999002,0.741202967944776,0.909095052326504
"667","Pattern_20","UKB_IDP_0153_IDP_T1_FAST_ROIs_L_cerebellum_VIIIa",0.190475542878307,0.256360160988786,0.0251705025011859,1.34589542108601,0.13214558741154,0.0107959384152054,6.92703580610892e-09,9.32865187268767e-09,0.742554862229325,0.457751224883131,0.756716967989538
"668","Pattern_20","UKB_IDP_0154_IDP_T1_FAST_ROIs_V_cerebellum_VIIIa",0.190475542878307,0.27470040457117,0.0249108525357938,1.44218202725729,0.130782420458615,0.000948929842039985,1.62982221835795e-08,1.06279472111621e-08,1.53352494698714,0.125146564768588,0.434888648462143
"669","Pattern_20","UKB_IDP_0155_IDP_T1_FAST_ROIs_R_cerebellum_VIIIa",0.190475542878307,0.239800049048575,0.0237451503543565,1.25895453781056,0.124662463198895,0.0398748804970281,5.0689584940702e-09,8.5706765355549e-09,0.591430381608961,0.554232088776257,0.810588237055584
"670","Pattern_20","UKB_IDP_0156_IDP_T1_FAST_ROIs_L_cerebellum_VIIIb",0.190475542878307,0.288443023463676,0.0263129384445234,1.51433102174151,0.138143396505947,0.000271209597661925,1.75923366892177e-08,1.01376792761143e-08,1.73534161123715,0.0826803155073153,0.378954420168994
"671","Pattern_20","UKB_IDP_0157_IDP_T1_FAST_ROIs_V_cerebellum_VIIIb",0.190475542878307,0.257718101341535,0.0244170817488287,1.35302463217647,0.128190115013498,0.00928956881252641,1.11121186650828e-08,1.23332668173478e-08,0.900987453660913,0.367594990506757,0.688043304740264
"672","Pattern_20","UKB_IDP_0158_IDP_T1_FAST_ROIs_R_cerebellum_VIIIb",0.190475542878307,0.258306337464982,0.0287174818936359,1.35611288232428,0.150767292533631,0.0194515649386785,7.68624526150295e-09,8.36719052339216e-09,0.918617215660921,0.35829582403928,0.679828187444519
"673","Pattern_20","UKB_IDP_0159_IDP_T1_FAST_ROIs_L_cerebellum_IX",0.190475542878307,0.279693437483794,0.0258816767768267,1.46839553917159,0.135879265052743,0.00106805496236349,1.51024503078774e-08,1.27945621467084e-08,1.18038039400689,0.237848956186344,0.576336899613276
"674","Pattern_20","UKB_IDP_0160_IDP_T1_FAST_ROIs_V_cerebellum_IX",0.190475542878307,0.272285546280418,0.0261679333228751,1.42950397812688,0.137382117029027,0.00123321249800567,5.57481205117383e-09,9.42261406356448e-09,0.591641768787984,0.554090497778276,0.810588237055584
"675","Pattern_20","UKB_IDP_0161_IDP_T1_FAST_ROIs_R_cerebellum_IX",0.190475542878307,0.280194020249364,0.0247364047485876,1.47102360762598,0.129866566461981,0.000514721464608659,1.24747355184222e-08,1.129856713421e-08,1.10409889769571,0.269550239398465,0.606403819107296
"676","Pattern_20","UKB_IDP_0162_IDP_T1_FAST_ROIs_L_cerebellum_X",0.190475542878307,0.259609637139082,0.028261661602993,1.36295522887651,0.148374227871602,0.0114776619156157,9.0196530558171e-09,8.34670131281476e-09,1.08062487416066,0.27986401323234,0.615019578747919
"677","Pattern_20","UKB_IDP_0163_IDP_T1_FAST_ROIs_V_cerebellum_X",0.190475542878307,0.313413435493552,0.0303100376942625,1.64542613060716,0.159128238913209,3.04883808693997e-05,1.84100425588604e-08,8.03223012651776e-09,2.29202130278627,0.0219044139453652,0.200246442317876
"678","Pattern_20","UKB_IDP_0164_IDP_T1_FAST_ROIs_R_cerebellum_X",0.190475542878307,0.228720430395408,0.031439431835061,1.20078634211603,0.165057578311496,0.225838688462959,-4.96749485574744e-09,8.73897689275757e-09,-0.568429796383173,0.56974316283412,0.818315126472221
"679","Pattern_20","UKB_IDP_0193_aseg_lh_volume_Cerebellum-White-Matter",0.190475542878307,0.322057675085002,0.0260914895855196,1.69080854275744,0.13698078604343,8.52051373920014e-07,1.27672428907003e-08,8.8063279164946e-09,1.44978054550828,0.147119726284789,0.470266861605841
"680","Pattern_20","UKB_IDP_0194_aseg_lh_volume_Cerebellum-Cortex",0.190475542878307,0.271266868017523,0.0232231887801624,1.42415589906381,0.121922155617634,0.000418461145927706,5.920280643472e-09,9.17881959674536e-09,0.644993681493776,0.518931280358596,0.79001620421812
"681","Pattern_20","UKB_IDP_0210_aseg_rh_volume_Cerebellum-White-Matter",0.190475542878307,0.334636032092804,0.0288676104469698,1.75684514156549,0.15155547011835,1.50086763935636e-07,1.39507628701369e-08,8.31279717939898e-09,1.67822726442913,0.0933027411421071,0.385530549806609
"682","Pattern_20","UKB_IDP_0211_aseg_rh_volume_Cerebellum-Cortex",0.190475542878307,0.267073852316578,0.0230799049853046,1.40214249179071,0.12116991313709,0.000580804345638622,3.59802559827904e-09,9.3038185599301e-09,0.386725684201872,0.698959299572423,0.891717859406544
"683","Pattern_20","UKB_IDP_0434_Volume_of_V1_in_the_right_hemisphere",0.190475542878307,0.238923737143481,0.0273843051198245,1.25435388466711,0.143768090674612,0.0712707951252791,3.22512651638591e-09,8.25901794501834e-09,0.390497579476895,0.696168644825868,0.889757883597266
"684","Pattern_20","UKB_IDP_0442_Volume_of_entorhinal_in_the_left_hemisphere_DKT_parcellation",0.190475542878307,0.228277210437843,0.0331315207315606,1.19845942942757,0.173941075221022,0.243248377713819,-7.79551948536121e-10,6.80263215579426e-09,-0.114595634554799,0.908765640034954,0.968609033577714
"685","Pattern_15","Demontis 2023 -  Attention Deficit Hyperactivity Disorder",0.206354786884051,0.215712962710634,0.0128903216036529,1.04534993332546,0.062466792257627,0.469652386956945,7.49356845770384e-10,1.32139827573067e-09,0.567093857721304,0.570650415779066,0.818315126472221
"686","Pattern_15","Grove 2019  - Autism Spectrum Disorder",0.206354786884051,0.218755227822787,0.0274983568113393,1.06009281939122,0.133257663786546,0.654675806352824,1.88961413336218e-09,5.36498252925681e-09,0.352212541803737,0.724678871854145,0.903636929502467
"687","Pattern_15","Chambers_total_cerebellar_volume",0.206354786884051,0.324902982462974,0.0222260729692875,1.57448725745109,0.107708056134293,3.305669227412e-07,2.51779241511e-08,1.02116534842202e-08,2.46560698421728,0.0136781321461835,0.164426848346699
"688","Pattern_15","Davies reaction time",0.206354786884051,0.236667661278054,0.0134960089292106,1.14689688013409,0.0654019668407005,0.0274947344840839,2.07991065517106e-09,1.23665882553316e-09,1.68187911833674,0.0925922826432242,0.385530549806609
"689","Pattern_15","Gui_age_onset_walking",0.206354786884051,0.228448831297973,0.0170090602943386,1.1070682427461,0.0824262938174331,0.193071875632253,7.17372804867968e-09,4.24724002970485e-09,1.68903287747036,0.0912131295867843,0.385530549806609
"690","Pattern_15","Huang_neurodev_disorders",0.206354786884051,0.280058389817696,0.138560462426965,1.35716933949809,0.67146715866989,0.565589363573109,2.64316355504132e-09,6.02148125631522e-09,0.43895570583554,0.660693631666762,0.870561020549145
"691","Pattern_15","Lee_cognitive_performance",0.206354786884051,0.249539660505521,0.0102219055594007,1.20927488173916,0.0495355872948289,3.08630136575406e-05,1.22190778842593e-09,4.4517042424491e-10,2.74480900320032,0.0060546124250228,0.12154920038159
"692","Pattern_15","Lee_educ_attainment",0.206354786884051,0.237049377611587,0.00819515264396952,1.14874668618559,0.0397138964775956,0.000243066727021167,2.05435961687554e-09,6.08298317705605e-10,3.37722389998419,0.000732214214799803,0.0399526115152303
"693","Pattern_15","Alzheimer's Disease",0.206354786884051,0.419705937739469,0.0644466045441508,2.03390453925015,0.312309714338552,0.000134027077030832,4.07533963132475e-09,3.95809256950044e-09,1.02962211210717,0.303187431078717,0.64133484426989
"694","Pattern_15","Anorexia Nervosa",0.206354786884051,0.230663999019811,0.0274136924481691,1.11780299600909,0.132847378353149,0.369499598579106,1.13120274778102e-08,6.56029338862275e-09,1.72431731444026,0.084650575258979,0.380702567991731
"695","Pattern_15","Autism Spectrum Disorder",0.206354786884051,0.229702255908515,0.0255176906673642,1.11314236697394,0.123659310514092,0.360405920849825,3.40336344387244e-08,1.78421501337608e-08,1.90748503871886,0.0564578066242637,0.318304318831109
"696","Pattern_15","Bipolar Disorder",0.206354786884051,0.267464895560104,0.0357930815686347,1.29614097932407,0.173454088994536,0.0800222942130306,1.05055991711921e-08,1.51652512463368e-08,0.692741518128803,0.488471778939599,0.770547031566691
"697","Pattern_15","Body Mass Index",0.206354786884051,0.248756932868699,0.0174239411812836,1.20548176577301,0.0844368160505717,0.0154951451474524,3.29345085887988e-09,3.04194345498515e-09,1.08267984188942,0.278950554510032,0.615019578747919
"698","Pattern_15","Celiac Disease",0.206354786884051,0.242049077906751,0.0477559924393507,1.17297534775753,0.231426627704955,0.442306773678964,-3.67920860834001e-08,1.72362085863569e-08,-2.13458115797707,0.0327952378839784,0.241481890024589
"699","Pattern_15","Coronary Artery Disease",0.206354786884051,0.339034767748895,0.0415893405668107,1.64297021100555,0.201542892194593,0.00157385296834551,2.52175725959031e-09,3.38880651366452e-09,0.744143181212014,0.456789857903612,0.755869998148435
"700","Pattern_15","Crohn's Disease",0.206354786884051,0.290820734549569,0.0281132126311158,1.40932390733915,0.136237269101552,0.00134859597681578,-1.58059977506033e-08,1.65035950366158e-08,-0.957730586307722,0.338198629269487,0.667175455808263
"701","Pattern_15","Depressive Symptoms",0.206354786884051,0.204973575573035,0.0286468314208303,0.993306618509448,0.13882319791751,0.961554881808823,1.36259812648171e-09,1.30229028109974e-09,1.04630906508114,0.29541836144894,0.631174973055567
"702","Pattern_15","Ever Smoked",0.206354786884051,0.184212042055478,0.0266266238650604,0.892695753934629,0.129033226062362,0.404962671299352,-5.07262107986023e-10,2.50924699152928e-09,-0.202157105178741,0.839793905849172,0.949611251800618
"703","Pattern_15","Fasting Glucose",0.206354786884051,0.266915631953211,0.0489257271888409,1.29347923536753,0.237095188958867,0.216559466245147,-4.69977031243769e-09,5.15667237708789e-09,-0.91139594854226,0.362086787544379,0.681273814230273
"704","Pattern_15","HDL Cholesterol",0.206354786884051,0.332841827781386,0.0332800579504126,1.61295908278787,0.161275919269623,0.000366523743803136,1.27165062922358e-09,4.27953138308606e-09,0.297147167619685,0.766354155147886,0.918790292361247
"705","Pattern_15","Height",0.206354786884051,0.280317343619149,0.0188293372601783,1.3584242355214,0.0912473974774245,0.000195820645697101,-4.76520183728891e-09,4.23990418158718e-09,-1.12389375636906,0.261058100379334,0.598103307370146
"706","Pattern_15","Inflammatory Bowel Disease",0.206354786884051,0.266444312313446,0.0271712381157861,1.291195209652,0.131672439132965,0.0313728949604418,-2.61074308690209e-08,1.00844494683812e-08,-2.58888013181863,0.0096288605710814,0.144297290811699
"707","Pattern_15","LDL Cholesterol",0.206354786884051,0.292038100094852,0.03490392616949,1.41522328851497,0.169145221666712,0.0124437958050329,-9.76354273068886e-09,3.92331814024901e-09,-2.48859317079731,0.0128249628100251,0.158671632905427
"708","Pattern_15","Systemic Lupus Erythematosus",0.206354786884051,0.317677147852989,0.0441837942333529,1.53947069825663,0.21411567378943,0.0095566616562656,-3.14408104323002e-08,1.94936654862183e-08,-1.6128731897307,0.10677206098238,0.403113848569831
"709","Pattern_15","Multiple Sclerosis",0.206354786884051,0.709232444669821,0.262970297156479,3.43695659005154,1.27436005302964,6.85048406460778e-06,-7.61758721302216e-09,9.84188475208383e-09,-0.773996790747757,0.43893268908445,0.74130854156485
"710","Pattern_15","Neuroticism",0.206354786884051,0.208281155316498,0.0143652640318571,1.00933522532496,0.0696143968781726,0.893383702502585,1.79034074675109e-09,1.55789035925247e-09,1.14920843826915,0.250470042212399,0.587121637456937
"711","Pattern_15","Primary Biliary Cirrhosis",0.206354786884051,0.330814543260218,0.0436478516718165,1.60313481579712,0.211518483922264,0.00103927596555967,-1.46041955973374e-08,1.89691950608944e-08,-0.769890106061718,0.441365083374693,0.742406407082644
"712","Pattern_15","Rheumatoid Arthritis",0.206354786884051,0.279787478968824,0.0332737007779585,1.35585649935048,0.161245112267033,0.0246166765699602,-5.10579619529459e-09,6.57708229498731e-09,-0.776301096184541,0.437571226000023,0.740306181872265
"713","Pattern_15","Schizophrenia",0.206354786884051,0.244725409089824,0.0113599293925572,1.18594490966343,0.0550504767255059,0.000802726003251757,9.99840161702832e-09,5.86092315331996e-09,1.70594313480542,0.0880186676061377,0.385530549806609
"714","Pattern_15","Subjective Well-Being",0.206354786884051,0.2597223518554,0.0407370569644835,1.25862043608097,0.197412706434444,0.190718298726877,3.40921227666584e-10,1.16073377736227e-09,0.293711817744562,0.768978123164938,0.919404250616361
"715","Pattern_15","Triglycerides",0.206354786884051,0.288021537164072,0.0316531731999394,1.39575893301622,0.153391998692645,0.00992095777200642,-3.73604745424716e-09,3.93317518153994e-09,-0.949880765998428,0.342172841004125,0.66863526690246
"716","Pattern_15","Type 1 Diabetes",0.206354786884051,0.420912977757701,0.103914243310334,2.03975388268656,0.503570791254395,0.00169824054994302,-7.33530175168078e-09,1.01703490507126e-08,-0.721243854572213,0.470759494193366,0.758315076410866
"717","Pattern_15","Type 2 Diabetes",0.206354786884051,0.260849862223677,0.0376111151662023,1.26408437702124,0.182264321240755,0.155227270098794,-1.10416136865246e-09,4.10679668522695e-09,-0.26886195087874,0.788035917949491,0.92699858120316
"718","Pattern_15","Ulcerative Colitis",0.206354786884051,0.230282643162386,0.0332087147389126,1.11595493683304,0.160930188440805,0.477491060621499,-3.55980087433021e-08,9.43616777508288e-09,-3.7725069744205,0.000161615447334842,0.021494854495534
"719","Pattern_15","Years of Education (EduYears)",0.206354786884051,0.23816264825755,0.0247074675040277,1.15414162110701,0.119732950599835,0.209104588341814,2.01840223629404e-09,2.20172055502603e-09,0.916738607761322,0.359279629870826,0.680322379405448
"720","Pattern_15","Years of Education (College)",0.206354786884051,0.242489066761574,0.0110382121770353,1.17510754377521,0.0534914277672537,0.0012699941862808,3.82548536896791e-09,1.32440772457163e-09,2.88844990707467,0.0038714568763623,0.0979744121378931
"721","Pattern_15","Savage cognition-intelligence",0.206354786884051,0.248157415165636,0.0139109369237063,1.20257648932115,0.0674127173581038,0.00319944493491416,5.57240800794449e-09,2.62135934388714e-09,2.12577036450154,0.0335223847570963,0.245139638361172
"722","Pattern_15","Tissink 2022 - Cerebellar Volume",0.206354786884051,0.311964545248116,0.025990076935729,1.51178729584502,0.125948505136121,3.28228227616364e-05,1.68941860845509e-08,1.07074540166948e-08,1.57779674404484,0.114612312087214,0.417628424865738
"723","Pattern_15","Tissink 2022 - Subcortical Volume",0.206354786884051,0.317924623963563,0.0257435747067715,1.54066997312838,0.124753949716885,9.42786744835692e-06,8.97909137994356e-09,9.57658494265917e-09,0.937608911079141,0.348445430226493,0.673516598785779
"724","Pattern_15","UKB_IDP_0021_Volume_of_left_amygdala",0.206354786884051,0.323165658302899,0.0676530027601626,1.5660681449783,0.32784799316614,0.0643647741772347,4.86512888757169e-10,5.97111967144248e-09,0.081477665082475,0.93506208649562,0.979288013459795
"725","Pattern_15","UKB_IDP_0024_Volume_of_right_accumbens",0.206354786884051,0.34710772212084,0.0479914815179424,1.68209193187205,0.232567813146531,0.00149299959909196,8.58563224948581e-09,7.51543356094758e-09,1.1424001263346,0.253287738787946,0.589365808945296
"726","Pattern_15","UKB_IDP_0026_Volume_of_grey_matter_in_Left_Frontal_Pole",0.206354786884051,0.262324760934432,0.0337551107110166,1.27123176978603,0.163578035773812,0.0943554058987939,-2.75206268768158e-09,6.47453105020033e-09,-0.425059771332231,0.670793102964514,0.876272389876296
"727","Pattern_15","UKB_IDP_0137_IDP_T1_FAST_ROIs_L_cerebellum_I-IV",0.206354786884051,0.30960344926953,0.0243943228338302,1.50034537092417,0.118215444391591,1.31213267087051e-05,1.45963675535012e-08,7.16064485152092e-09,2.03841523440461,0.041508424019397,0.271921710739496
"728","Pattern_15","UKB_IDP_0138_IDP_T1_FAST_ROIs_R_cerebellum_I-IV",0.206354786884051,0.308946060066091,0.0267863706766182,1.49715964786262,0.12980736275175,7.70953810484259e-05,1.09985755425976e-08,8.31068009910505e-09,1.32342665238457,0.185693533316153,0.526965135642524
"729","Pattern_15","UKB_IDP_0139_IDP_T1_FAST_ROIs_L_cerebellum_V",0.206354786884051,0.324158237299688,0.0285582994669882,1.5708782054173,0.138394170051577,4.50011286011658e-05,1.85926538747908e-08,8.02698705031919e-09,2.31626807894893,0.0205436360938161,0.195164542891253
"730","Pattern_15","UKB_IDP_0140_IDP_T1_FAST_ROIs_R_cerebellum_V",0.206354786884051,0.327750617823857,0.0279465260268408,1.58828696330663,0.1354295020185,2.45826812632472e-05,1.67212750060074e-08,8.34984161140178e-09,2.00258589135084,0.0452217554737901,0.286404451334004
"731","Pattern_15","UKB_IDP_0141_IDP_T1_FAST_ROIs_L_cerebellum_VI",0.206354786884051,0.308685620567384,0.0250468009409339,1.49589755211655,0.121377368168384,3.33590264524371e-05,1.0834143567127e-08,8.57102627235779e-09,1.26404274387397,0.206214685483097,0.547205276662177
"732","Pattern_15","UKB_IDP_0142_IDP_T1_FAST_ROIs_V_cerebellum_VI",0.206354786884051,0.298694737050462,0.027719329147645,1.44748150290449,0.134328500764173,0.000472483189482735,1.36976862031736e-08,8.13414899967237e-09,1.6839728659661,0.0921869127779968,0.385530549806609
"733","Pattern_15","UKB_IDP_0143_IDP_T1_FAST_ROIs_R_cerebellum_VI",0.206354786884051,0.325059691628524,0.0283948079419149,1.5752466736387,0.137601886395152,1.7233249448594e-05,1.58372398218348e-08,8.17669244097449e-09,1.93687605791215,0.0527604957615078,0.306760478088766
"734","Pattern_15","UKB_IDP_0144_IDP_T1_FAST_ROIs_L_cerebellum_crus_I",0.206354786884051,0.249539007168148,0.0201043356785594,1.20927171565136,0.0974260688697076,0.0286194333235561,5.2611476609371e-09,8.5216082900438e-09,0.617389051675133,0.536978141675118,0.796499146450718
"735","Pattern_15","UKB_IDP_0145_IDP_T1_FAST_ROIs_V_cerebellum_crus_I",0.206354786884051,0.303829006356054,0.0618449780772588,1.47236228896775,0.299702173189754,0.0865646688862505,6.63331687804506e-09,5.54581202052779e-09,1.19609479251945,0.231659569556871,0.574287127705421
"736","Pattern_15","UKB_IDP_0146_IDP_T1_FAST_ROIs_R_cerebellum_crus_I",0.206354786884051,0.26621921789566,0.0215825005124522,1.29010439697358,0.104589289341658,0.00439676719841026,8.94886312498507e-09,9.21693251154104e-09,0.970915552845776,0.331590332602332,0.663804541653587
"737","Pattern_15","UKB_IDP_0147_IDP_T1_FAST_ROIs_L_cerebellum_crus_II",0.206354786884051,0.279970223984948,0.0239720876148137,1.35674208586332,0.116169282897631,0.00273514490632552,1.20055920083092e-08,8.95612552174868e-09,1.34048947607482,0.180086263490807,0.520684196614725
"738","Pattern_15","UKB_IDP_0148_IDP_T1_FAST_ROIs_V_cerebellum_crus_II",0.206354786884051,0.274234017584031,0.0303329664082355,1.32894429891816,0.146994246492955,0.0262674468958918,1.00855954471984e-08,8.1429289844205e-09,1.23857096954851,0.215504424563346,0.555870806631274
"739","Pattern_15","UKB_IDP_0149_IDP_T1_FAST_ROIs_R_cerebellum_crus_II",0.206354786884051,0.257511248307941,0.022538632239156,1.24790537789964,0.109222725479202,0.0269817419303096,2.71219776668102e-09,8.89433763581118e-09,0.304935328265584,0.760415408273177,0.918790292361247
"740","Pattern_15","UKB_IDP_0150_IDP_T1_FAST_ROIs_L_cerebellum_VIIb",0.206354786884051,0.277216183570985,0.0253218267559556,1.34339594325355,0.12271014953573,0.00715711193785193,1.00468665204747e-08,8.81578281738079e-09,1.13964542101318,0.254434054113132,0.589689356527665
"741","Pattern_15","UKB_IDP_0151_IDP_T1_FAST_ROIs_V_cerebellum_VIIb",0.206354786884051,0.308964180140468,0.0271797690646072,1.49724745815599,0.131713780305369,5.95180932374265e-05,2.12628900260891e-08,7.98363460332631e-09,2.66330951785169,0.00773762055777938,0.136539054627468
"742","Pattern_15","UKB_IDP_0152_IDP_T1_FAST_ROIs_R_cerebellum_VIIb",0.206354786884051,0.26015430336761,0.0248105998778683,1.26071368295318,0.120232732433821,0.0348895671772856,6.54166315072962e-09,9.82499613558358e-09,0.665818394272688,0.505527186149134,0.78180367160273
"743","Pattern_15","UKB_IDP_0153_IDP_T1_FAST_ROIs_L_cerebellum_VIIIa",0.206354786884051,0.290692131223318,0.0258086658412898,1.40870069268931,0.125069382838167,0.00153732996589127,1.26017829314571e-08,8.95317370123676e-09,1.40752132729384,0.159272857667895,0.489787053637688
"744","Pattern_15","UKB_IDP_0154_IDP_T1_FAST_ROIs_V_cerebellum_VIIIa",0.206354786884051,0.297687154191218,0.0283103369510763,1.4425987334061,0.137192538048481,0.00150609737269062,1.67483789917577e-08,1.11033457387447e-08,1.50840831095757,0.131450057240555,0.444331541499917
"745","Pattern_15","UKB_IDP_0155_IDP_T1_FAST_ROIs_R_cerebellum_VIIIa",0.206354786884051,0.256651855424427,0.024915419685577,1.24374074040084,0.120740691610787,0.0435668650821796,4.20257146989493e-09,7.99965728262904e-09,0.525343939298581,0.599344117439044,0.831423912588191
"746","Pattern_15","UKB_IDP_0156_IDP_T1_FAST_ROIs_L_cerebellum_VIIIb",0.206354786884051,0.304491007895532,0.0251960192441645,1.47557036351486,0.122100483466477,0.000180879922472928,1.54971386473409e-08,8.65977220822443e-09,1.78955499922075,0.0735254783170045,0.359824328883917
"747","Pattern_15","UKB_IDP_0157_IDP_T1_FAST_ROIs_V_cerebellum_VIIIb",0.206354786884051,0.278449368431103,0.0270667040305631,1.34937198518957,0.131165864573675,0.00982621299403688,1.11323034115567e-08,1.21913737472945e-08,0.913129532594898,0.361174419721227,0.680322379405448
"748","Pattern_15","UKB_IDP_0158_IDP_T1_FAST_ROIs_R_cerebellum_VIIIb",0.206354786884051,0.277530431699324,0.029912365661975,1.34491879684509,0.14495600569122,0.0133326152561389,7.89372663977082e-09,7.68263660296509e-09,1.02747624906849,0.304196263628025,0.64164783062153
"749","Pattern_15","UKB_IDP_0159_IDP_T1_FAST_ROIs_L_cerebellum_IX",0.206354786884051,0.290744599793326,0.0256583320460887,1.40895495657531,0.124340861840563,0.00157548333095616,1.11502024393947e-08,1.14144306726631e-08,0.976851387437019,0.328642731349086,0.662685360111907
"750","Pattern_15","UKB_IDP_0160_IDP_T1_FAST_ROIs_V_cerebellum_IX",0.206354786884051,0.302419433636639,0.029157229069853,1.46553146744575,0.141296596556474,0.000840310336163016,9.44539897476275e-09,9.90600171398998e-09,0.953502659041867,0.340335449569228,0.667218257956062
"751","Pattern_15","UKB_IDP_0161_IDP_T1_FAST_ROIs_R_cerebellum_IX",0.206354786884051,0.28699648725736,0.0261091171454466,1.39079151780773,0.126525376705301,0.00215745493023848,7.68058718397488e-09,1.0451272732124e-08,0.734894914795122,0.462403495604696,0.756716967989538
"752","Pattern_15","UKB_IDP_0162_IDP_T1_FAST_ROIs_L_cerebellum_X",0.206354786884051,0.298641691041569,0.0289886466509047,1.44722444073649,0.140479642312311,0.00124326917090013,1.35772177924405e-08,8.22532969592555e-09,1.65065940142996,0.0988081421441078,0.395976886031377
"753","Pattern_15","UKB_IDP_0163_IDP_T1_FAST_ROIs_V_cerebellum_X",0.206354786884051,0.291909822222443,0.0306017392059226,1.41460165102186,0.148296725595794,0.00329305683112204,5.83663924999514e-09,7.17814569783507e-09,0.813112396388871,0.416153619731633,0.725286570670693
"754","Pattern_15","UKB_IDP_0164_IDP_T1_FAST_ROIs_R_cerebellum_X",0.206354786884051,0.282752601306733,0.031612278709232,1.37022554977418,0.153193823058704,0.0197251624440442,4.6089174307348e-09,8.24582435880738e-09,0.558939559003825,0.576202970246679,0.818882158654176
"755","Pattern_15","UKB_IDP_0193_aseg_lh_volume_Cerebellum-White-Matter",0.206354786884051,0.318730618150024,0.0271111380277116,1.54457583932432,0.131381192736493,2.53071775116141e-05,5.47690383947292e-09,8.32944479237715e-09,0.657535283082159,0.510836791795437,0.784315074271782
"756","Pattern_15","UKB_IDP_0194_aseg_lh_volume_Cerebellum-Cortex",0.206354786884051,0.311357327589593,0.0259114102156099,1.50884470523352,0.125567284417634,2.39593035990091e-05,1.65043910389176e-08,9.00627211084508e-09,1.83254412433792,0.0668703941312788,0.343534901775246
"757","Pattern_15","UKB_IDP_0210_aseg_rh_volume_Cerebellum-White-Matter",0.206354786884051,0.334488656623705,0.0303970149482231,1.62093965288845,0.147304627177381,9.67531028540283e-06,8.44607266155576e-09,8.34589696462631e-09,1.01200298749841,0.311536625000863,0.647499629679823
"758","Pattern_15","UKB_IDP_0211_aseg_rh_volume_Cerebellum-Cortex",0.206354786884051,0.306544654717953,0.024324362373267,1.48552238281827,0.117876414405325,1.19843004519423e-05,1.4210260016166e-08,8.34645976302458e-09,1.70254939454911,0.0886524272732201,0.385530549806609
"759","Pattern_15","UKB_IDP_0434_Volume_of_V1_in_the_right_hemisphere",0.206354786884051,0.270146849260374,0.0292421527862037,1.30913778807645,0.141708138821294,0.026355372542973,7.89668740038088e-09,8.45414800098309e-09,0.934060700080318,0.350272582687974,0.673942184412304
"760","Pattern_15","UKB_IDP_0442_Volume_of_entorhinal_in_the_left_hemisphere_DKT_parcellation",0.206354786884051,0.248005699162342,0.034343546313915,1.20184127011162,0.166429608115717,0.21938564068642,9.82326524180279e-10,5.98970820607844e-09,0.164002400514837,0.869729254062629,0.959452489707244
"761","Pattern_10","Demontis 2023 -  Attention Deficit Hyperactivity Disorder",0.238675725649618,0.254520026295584,0.0132715196934715,1.06638421482889,0.0556048155184176,0.232861721859535,2.09167944735092e-09,1.41713340069773e-09,1.47599333014173,0.139945682783871,0.462891155405094
"762","Pattern_10","Grove 2019  - Autism Spectrum Disorder",0.238675725649618,0.250506012279704,0.0269092993900538,1.04956635869813,0.11274418174204,0.664054106499755,3.71885576556952e-09,4.83279197713333e-09,0.769504622414028,0.441593801511598,0.742406407082644
"763","Pattern_10","Chambers_total_cerebellar_volume",0.238675725649618,0.348796271371541,0.0226762373248662,1.46138142210399,0.0950085613572428,5.64828014449301e-07,1.42003199486011e-08,8.41932761343389e-09,1.68663349386037,0.0916738474354571,0.385530549806609
"764","Pattern_10","Davies reaction time",0.238675725649618,0.272764769082899,0.0144446374085198,1.14282576638449,0.060519926646101,0.0200464991190439,2.28061111620936e-09,1.22536665330053e-09,1.86116629668886,0.0627206962737153,0.330370400174421
"765","Pattern_10","Gui_age_onset_walking",0.238675725649618,0.238765450501883,0.0172280552952304,1.00037592784947,0.0721818494458949,0.995844726506607,3.05989603116421e-09,4.04388698392493e-09,0.756671994872202,0.449246396865875,0.749801045122025
"766","Pattern_10","Huang_neurodev_disorders",0.238675725649618,0.214337538300007,0.121094399068258,0.89802822518558,0.507359509387342,0.837783119493677,-2.4620204924475e-09,5.17762334041386e-09,-0.475511703068517,0.634422293708286,0.853134453815307
"767","Pattern_10","Lee_cognitive_performance",0.238675725649618,0.273338890755845,0.0104934299135196,1.14523121281765,0.0439652163409539,0.00108627562150711,8.8444436704721e-10,4.16441006508124e-10,2.12381670686879,0.0336854734246097,0.245488655642361
"768","Pattern_10","Lee_educ_attainment",0.238675725649618,0.271145667193313,0.00825935874433633,1.13604207740573,0.0346049382351571,0.000128775891521368,2.16342225600805e-09,5.48871918387917e-10,3.94157941685595,8.09468241941343e-05,0.0153033352089234
"769","Pattern_10","Alzheimer's Disease",0.238675725649618,0.453949556812541,0.0641193701097858,1.90195109107556,0.268646381760308,0.000227660863529153,1.89854556089814e-09,3.81604937346473e-09,0.497515984489054,0.618825233746654,0.843901418742798
"770","Pattern_10","Anorexia Nervosa",0.238675725649618,0.25710358283804,0.0289526927186052,1.07720876154567,0.121305560671505,0.519665540317195,6.39783176015528e-09,6.35986184737818e-09,1.00597024175812,0.314429885117086,0.650882096818247
"771","Pattern_10","Autism Spectrum Disorder",0.238675725649618,0.256282693418328,0.0252179458815372,1.07376941128298,0.105657774006552,0.486893001203098,3.13278014565453e-08,1.62529686411636e-08,1.92751257620728,0.0539157822919594,0.308421464293789
"772","Pattern_10","Bipolar Disorder",0.238675725649618,0.279513352070182,0.0361286857190039,1.17110087885734,0.151371429250588,0.259784296416684,1.82817401538543e-09,1.41599632158598e-08,0.129108669811924,0.897271661910655,0.965692226698477
"773","Pattern_10","Body Mass Index",0.238675725649618,0.275967549633939,0.0162749221608123,1.15624472862844,0.0681884264372333,0.0244271574113069,2.69211800671904e-09,2.46293146554057e-09,1.09305437215167,0.274369927740712,0.61039660344204
"774","Pattern_10","Celiac Disease",0.238675725649618,0.312811828072302,0.0492875564698949,1.31061433759509,0.206504269907407,0.0994508605880547,-4.28769416091895e-08,1.5317441407633e-08,-2.79922347787294,0.00512256708006084,0.116353821775308
"775","Pattern_10","Coronary Artery Disease",0.238675725649618,0.348323277107104,0.0447950825467081,1.4593996777806,0.187681769584178,0.00919814298988128,-8.978938893486e-10,3.06996516260371e-09,-0.292476898528411,0.769922020375202,0.919404250616361
"776","Pattern_10","Crohn's Disease",0.238675725649618,0.397502509970466,0.0329514766756592,1.66545009505495,0.138059606128663,5.04565362493885e-08,1.33263426870226e-08,1.27629260110992e-08,1.04414478901103,0.296418406377681,0.632676397965602
"777","Pattern_10","Depressive Symptoms",0.238675725649618,0.223159487620224,0.0282289228219085,0.934990297035183,0.118273120339641,0.58108676181702,6.81304083067137e-10,1.19299568130323e-09,0.571086797500288,0.567940807592007,0.817511501842868
"778","Pattern_10","Ever Smoked",0.238675725649618,0.263569126238959,0.0318641307602248,1.10429799897575,0.133503860409341,0.434050500080785,4.57807194437235e-09,2.7908927097433e-09,1.64036113906845,0.100930100355562,0.399961366027257
"779","Pattern_10","Fasting Glucose",0.238675725649618,0.304130060472116,0.0466188714981502,1.27423959702792,0.195323053365669,0.141216652848565,-6.11748476757161e-09,5.13596259156472e-09,-1.19110773462777,0.23361129384906,0.575375964480092
"780","Pattern_10","HDL Cholesterol",0.238675725649618,0.374490137552798,0.0271137203012454,1.56903319989298,0.113600661430685,1.23833762170617e-05,-1.34548422679093e-09,3.29574724715786e-09,-0.40824860824847,0.683091165027365,0.880447001319341
"781","Pattern_10","Height",0.238675725649618,0.319252163324804,0.0170318376120589,1.33759795830044,0.0713597395198122,4.11574411931127e-06,-6.34880483996662e-09,3.59262317354592e-09,-1.76717805716883,0.0771984133050823,0.367912041588988
"782","Pattern_10","Inflammatory Bowel Disease",0.238675725649618,0.382405273119735,0.0272835322747269,1.60219591698703,0.114312137107649,8.4405258004101e-07,1.39025750919345e-09,8.91964165186597e-09,0.1558647267968,0.87613964938284,0.960300915669594
"783","Pattern_10","LDL Cholesterol",0.238675725649618,0.420875305478159,0.0409525318710239,1.76337708551063,0.171582308002043,5.01974361546555e-06,4.61567144432067e-10,3.99611222383188e-09,0.115504049580837,0.908045610860219,0.968581984917567
"784","Pattern_10","Systemic Lupus Erythematosus",0.238675725649618,0.375655009219909,0.0441448695501844,1.57391376185184,0.184957516856951,0.000560165692397105,-3.02566068232245e-08,1.59325955224158e-08,-1.89903815612818,0.0575594593591789,0.322166256512025
"785","Pattern_10","Multiple Sclerosis",0.238675725649618,0.822529185409072,0.293694042506299,3.44622052858683,1.23051492441024,5.36073437727585e-07,-1.35576352306577e-08,8.66702144850696e-09,-1.56427849073723,0.117752181144696,0.424706171993074
"786","Pattern_10","Neuroticism",0.238675725649618,0.27327807043399,0.0153191261395118,1.14497638873913,0.0641838465047787,0.0350412145445221,5.18634945695247e-09,1.44061797307893e-09,3.60008659746764,0.000318111218517713,0.0294322031741606
"787","Pattern_10","Primary Biliary Cirrhosis",0.238675725649618,0.337672122253198,0.0422154407720436,1.4147736278339,0.176873624903175,0.0113714840340898,-4.73834205800125e-08,1.776258705789e-08,-2.66759681039622,0.00763958759844908,0.136539054627468
"788","Pattern_10","Rheumatoid Arthritis",0.238675725649618,0.332583494049255,0.0382847200974654,1.3934533691855,0.160404749973059,0.0100627015067012,-6.45217685135722e-09,6.31192885017651e-09,-1.02221951554108,0.306677016138527,0.643598313947519
"789","Pattern_10","Schizophrenia",0.238675725649618,0.289956602055614,0.0139506285900879,1.21485585208308,0.0584501358574176,0.000238810669151528,1.60827357478843e-08,6.45803040079969e-09,2.49034686270489,0.0127618478808272,0.158671632905427
"790","Pattern_10","Subjective Well-Being",0.238675725649618,0.232571055958078,0.0427293813557105,0.97442274586188,0.179026925504935,0.885139640486452,-1.31751356918696e-09,1.15141658323985e-09,-1.14425446737943,0.252518120457253,0.58920894773359
"791","Pattern_10","Triglycerides",0.238675725649618,0.358772373827776,0.0302961175218286,1.50317914757055,0.12693422190032,2.3965893177022e-05,-4.23281188601132e-10,3.42178929995462e-09,-0.123701710273846,0.901551457460713,0.966499496965439
"792","Pattern_10","Type 1 Diabetes",0.238675725649618,0.439690347809733,0.105133481265191,1.84220806960155,0.440486693730762,0.0144608370233246,-1.59065530840585e-08,1.03929283533248e-08,-1.53051695761666,0.125888819291673,0.434888648462143
"793","Pattern_10","Type 2 Diabetes",0.238675725649618,0.250568357439226,0.0364638684621151,1.0498275715188,0.152775772914775,0.742327034198153,-6.01511031389426e-09,3.50056761357592e-09,-1.71832427705908,0.0857374836230751,0.383296985609042
"794","Pattern_10","Ulcerative Colitis",0.238675725649618,0.366777075387652,0.0387029962987502,1.53671712692765,0.162157237370537,0.000504804321773802,-6.05957327345592e-09,9.50734667373767e-09,-0.63735692842614,0.523892377192682,0.792354640132216
"795","Pattern_10","Years of Education (EduYears)",0.238675725649618,0.282304158659108,0.0247881259942249,1.18279375873162,0.103856921045312,0.0773398605025771,3.01226804490968e-09,1.9779500826174e-09,1.52292419883699,0.127777670812006,0.438385140772806
"796","Pattern_10","Years of Education (College)",0.238675725649618,0.27966595985597,0.0110742435231287,1.17174027268499,0.0463987005506626,0.000280244413850251,4.08398889369272e-09,1.22280490003349e-09,3.33985322890093,0.00083822677199695,0.0424701564478455
"797","Pattern_10","Savage cognition-intelligence",0.238675725649618,0.287072305997702,0.0141412076328911,1.20277127142427,0.0592486210920786,0.000805566255318173,7.30255457743296e-09,2.53440270865269e-09,2.88137104356043,0.00395949221985846,0.0979744121378931
"798","Pattern_10","Tissink 2022 - Cerebellar Volume",0.238675725649618,0.350380143855651,0.0266984943645851,1.46801750744447,0.111860953986494,1.51219729231777e-05,1.42939666205051e-08,1.02424366955467e-08,1.3955630916147,0.16284610332258,0.492680434083424
"799","Pattern_10","Tissink 2022 - Subcortical Volume",0.238675725649618,0.378436123827258,0.0283127437333212,1.58556603440608,0.118624311945677,7.00815464177033e-07,1.24859634695658e-08,9.00777797747404e-09,1.38613135234791,0.165706798410089,0.498056591831454
"800","Pattern_10","UKB_IDP_0021_Volume_of_left_amygdala",0.238675725649618,0.362674270659308,0.0742744948502674,1.51952725679243,0.31119417212668,0.0739129096222727,8.89858598799206e-10,6.00605096368109e-09,0.148160347652764,0.882216224369865,0.960300915669594
"801","Pattern_10","UKB_IDP_0024_Volume_of_right_accumbens",0.238675725649618,0.317821400827562,0.039876080220079,1.33160337090221,0.167072206909797,0.0527009804246729,-5.37195963958368e-09,5.79948092230666e-09,-0.92628283661067,0.354299013103537,0.676793806000293
"802","Pattern_10","UKB_IDP_0026_Volume_of_grey_matter_in_Left_Frontal_Pole",0.238675725649618,0.289118250651609,0.0354284950753376,1.21134333985871,0.148437780921833,0.145906062256499,-5.49872155843113e-09,6.00210306476549e-09,-0.916132478749092,0.359597414678192,0.680322379405448
"803","Pattern_10","UKB_IDP_0137_IDP_T1_FAST_ROIs_L_cerebellum_I-IV",0.238675725649618,0.31201176273849,0.0274124606819632,1.3072622357773,0.114852319427763,0.00798250047630277,1.37257174589246e-10,8.10076486299349e-09,0.0169437302416065,0.986481506078299,0.994439478539555
"804","Pattern_10","UKB_IDP_0138_IDP_T1_FAST_ROIs_R_cerebellum_I-IV",0.238675725649618,0.311462699279468,0.0257968714863857,1.30496177787557,0.108083347882039,0.00482107312907369,-2.69136956048988e-09,7.5262634037222e-09,-0.357597045986834,0.720644889288057,0.903636929502467
"805","Pattern_10","UKB_IDP_0139_IDP_T1_FAST_ROIs_L_cerebellum_V",0.238675725649618,0.328214536877584,0.0276680669231938,1.37514837750786,0.115923254649747,0.00139540439719674,5.37672730439512e-09,7.32998745476747e-09,0.733524762160141,0.463238430701001,0.756716967989538
"806","Pattern_10","UKB_IDP_0140_IDP_T1_FAST_ROIs_R_cerebellum_V",0.238675725649618,0.327373208012989,0.0268856128269521,1.37162339036346,0.112644940132793,0.00138535733646344,1.14990535733729e-10,7.06405058103665e-09,0.016278271851906,0.987012391796036,0.994489758400551
"807","Pattern_10","UKB_IDP_0141_IDP_T1_FAST_ROIs_L_cerebellum_VI",0.238675725649618,0.351928976663506,0.02707943945333,1.47450678407132,0.113457032044739,7.29230169138607e-06,8.89392646790569e-09,7.11665156527942e-09,1.24973470828573,0.211396473980777,0.550614071763884
"808","Pattern_10","UKB_IDP_0142_IDP_T1_FAST_ROIs_V_cerebellum_VI",0.238675725649618,0.272754679853419,0.0273337413692714,1.14278349468111,0.114522502424055,0.203236046007062,-9.35181623295305e-09,7.36132377140827e-09,-1.27039871133993,0.203942642064573,0.547205276662177
"809","Pattern_10","UKB_IDP_0143_IDP_T1_FAST_ROIs_R_cerebellum_VI",0.238675725649618,0.345588796849865,0.0281279178960888,1.44794279313179,0.117849931406017,7.21263957218886e-05,6.98855959433798e-09,7.08731771035326e-09,0.986065515890305,0.324100964188549,0.659356454869246
"810","Pattern_10","UKB_IDP_0144_IDP_T1_FAST_ROIs_L_cerebellum_crus_I",0.238675725649618,0.264259321582964,0.022158069505217,1.10718976914688,0.0928375495451333,0.248954314577489,-5.29850907573469e-09,8.51299959383836e-09,-0.622402129511402,0.533677480527933,0.796499146450718
"811","Pattern_10","UKB_IDP_0145_IDP_T1_FAST_ROIs_V_cerebellum_crus_I",0.238675725649618,0.272887772396654,0.0596755107354184,1.1433411238362,0.250027565949558,0.563710249386049,-1.93920469423583e-09,5.62714983779312e-09,-0.344615791321519,0.730383232492595,0.903636929502467
"812","Pattern_10","UKB_IDP_0146_IDP_T1_FAST_ROIs_R_cerebellum_crus_I",0.238675725649618,0.271377129392062,0.021641231288253,1.13701185427818,0.0906721084825477,0.134314775885633,-5.81671383458978e-09,8.4752296528311e-09,-0.686319317925119,0.49251176974895,0.773479738764403
"813","Pattern_10","UKB_IDP_0147_IDP_T1_FAST_ROIs_L_cerebellum_crus_II",0.238675725649618,0.279447975686547,0.024963976640409,1.17082696585904,0.104593697463213,0.105462232931411,-5.27361683788272e-09,8.2999803253797e-09,-0.635377028757169,0.525182546241819,0.793178465864153
"814","Pattern_10","UKB_IDP_0148_IDP_T1_FAST_ROIs_V_cerebellum_crus_II",0.238675725649618,0.269956310444383,0.0304936720541592,1.13105892821579,0.127761932937096,0.30634401760361,-3.32773109325093e-09,7.81089721327462e-09,-0.426036984278253,0.670080896753836,0.87587969796816
"815","Pattern_10","UKB_IDP_0149_IDP_T1_FAST_ROIs_R_cerebellum_crus_II",0.238675725649618,0.271980602245933,0.0229162510014852,1.13954027585196,0.0960141670842841,0.151000765332726,-8.76833949474915e-09,8.42373022342048e-09,-1.04090934327058,0.297917624992208,0.634603309292712
"816","Pattern_10","UKB_IDP_0150_IDP_T1_FAST_ROIs_L_cerebellum_VIIb",0.238675725649618,0.277696964263352,0.0252176675170596,1.1634906042813,0.105656607719211,0.117745234849955,-6.81738650991595e-09,8.01911882203717e-09,-0.850141600493715,0.395246365388938,0.708579836181684
"817","Pattern_10","UKB_IDP_0151_IDP_T1_FAST_ROIs_V_cerebellum_VIIb",0.238675725649618,0.294948010753002,0.0257236148037009,1.2357687818911,0.107776418124162,0.0273421996026619,2.01843606623821e-09,7.24860397995476e-09,0.278458593105649,0.780660346422199,0.923940610226051
"818","Pattern_10","UKB_IDP_0152_IDP_T1_FAST_ROIs_R_cerebellum_VIIb",0.238675725649618,0.26224269475729,0.0228919699127049,1.09874053611245,0.0959124345402048,0.310934510736582,-1.18085490967871e-08,8.21151349408993e-09,-1.43804782215679,0.150420485773995,0.476284413838381
"819","Pattern_10","UKB_IDP_0153_IDP_T1_FAST_ROIs_L_cerebellum_VIIIa",0.238675725649618,0.307326562200643,0.0265311107714396,1.28763225235484,0.111159652701288,0.00794568978565107,7.97674762996598e-10,8.38905993144629e-09,0.0950851191331372,0.924247217730047,0.976563097978917
"820","Pattern_10","UKB_IDP_0154_IDP_T1_FAST_ROIs_V_cerebellum_VIIIa",0.238675725649618,0.310814645677467,0.0235399146289045,1.30224657254735,0.0986271836603177,0.00239585566627564,3.2154657588977e-09,8.36634857050334e-09,0.384333228743809,0.700731482696953,0.892058823036514
"821","Pattern_10","UKB_IDP_0155_IDP_T1_FAST_ROIs_R_cerebellum_VIIIa",0.238675725649618,0.310678009801716,0.0256202776074743,1.30167409759046,0.107343457478728,0.00527224689415357,6.23470425182729e-09,7.39462198646151e-09,0.84314036109515,0.399149948134307,0.709834268954472
"822","Pattern_10","UKB_IDP_0156_IDP_T1_FAST_ROIs_L_cerebellum_VIIIb",0.238675725649618,0.357339918044859,0.0267557862800163,1.49717746566923,0.112100994800344,8.21245847317366e-06,1.66549007541581e-08,8.023145633384e-09,2.07585671695372,0.0379072048877797,0.26317625163589
"823","Pattern_10","UKB_IDP_0157_IDP_T1_FAST_ROIs_V_cerebellum_VIIIb",0.238675725649618,0.332780858614571,0.0250846719669574,1.39428028430131,0.105099384944501,0.000237835162881784,1.57464334029437e-08,9.72275797658612e-09,1.61954390316652,0.105330288251316,0.401689701431541
"824","Pattern_10","UKB_IDP_0158_IDP_T1_FAST_ROIs_R_cerebellum_VIIIb",0.238675725649618,0.327927954428367,0.0297927213521779,1.37394765863108,0.124825100127335,0.00208683649805869,7.55826035056423e-09,7.04512890956214e-09,1.07283492574644,0.283345187427707,0.619690194086496
"825","Pattern_10","UKB_IDP_0159_IDP_T1_FAST_ROIs_L_cerebellum_IX",0.238675725649618,0.347589712836516,0.0264717152526175,1.4563262011269,0.110910798241287,5.55343551117876e-05,1.71086736102446e-08,1.01265964006319e-08,1.68947916292754,0.0911276417165184,0.385530549806609
"826","Pattern_10","UKB_IDP_0160_IDP_T1_FAST_ROIs_V_cerebellum_IX",0.238675725649618,0.352310998392003,0.0307455656931952,1.47610737301876,0.128817313153707,5.19540779707877e-05,1.07195609507607e-08,8.01861021881658e-09,1.33683526923482,0.181276413880288,0.521482727201182
"827","Pattern_10","UKB_IDP_0161_IDP_T1_FAST_ROIs_R_cerebellum_IX",0.238675725649618,0.341567796620706,0.0260852209839719,1.4310956662687,0.109291470311755,5.59552739705599e-05,1.26129333788158e-08,8.83015250252033e-09,1.42839360647688,0.15317859838994,0.479358907902635
"828","Pattern_10","UKB_IDP_0162_IDP_T1_FAST_ROIs_L_cerebellum_X",0.238675725649618,0.28922853071499,0.0296028256939037,1.21180538962552,0.124029478126994,0.0805662070959123,-2.92875851896236e-09,7.5973208010264e-09,-0.385498861462673,0.699867849841104,0.89186648614069
"829","Pattern_10","UKB_IDP_0163_IDP_T1_FAST_ROIs_V_cerebellum_X",0.238675725649618,0.330626121535141,0.0350434682694158,1.385252398983,0.146824601345763,0.00578033715746151,1.91451567446062e-09,7.58341578182947e-09,0.252460860585802,0.800684863176726,0.934397457416333
"830","Pattern_10","UKB_IDP_0164_IDP_T1_FAST_ROIs_R_cerebellum_X",0.238675725649618,0.291169407888549,0.0365928674004492,1.21993724789589,0.153316250745032,0.157329315059862,-3.35542780329135e-09,8.5492424222039e-09,-0.392482472432493,0.694701759577427,0.888950898605391
"831","Pattern_10","UKB_IDP_0193_aseg_lh_volume_Cerebellum-White-Matter",0.238675725649618,0.364294582272218,0.0305364343714539,1.52631601425195,0.127941097857107,1.42896278079491e-05,4.89567392859914e-09,8.74239867520269e-09,0.55999206973773,0.575484846875165,0.818773311847284
"832","Pattern_10","UKB_IDP_0194_aseg_lh_volume_Cerebellum-Cortex",0.238675725649618,0.327613418915114,0.0250388183531089,1.37262982242299,0.104907268156237,0.00027007261609692,5.01629613650775e-09,8.60216813103478e-09,0.583143233205362,0.559796881877207,0.814806952554512
"833","Pattern_10","UKB_IDP_0210_aseg_rh_volume_Cerebellum-White-Matter",0.238675725649618,0.375155987387777,0.0345516315436477,1.57182296761304,0.144763911158567,1.46357291453984e-05,7.18515288730797e-09,8.3321559061303e-09,0.862340187612375,0.388500344092281,0.703000622643175
"834","Pattern_10","UKB_IDP_0211_aseg_rh_volume_Cerebellum-Cortex",0.238675725649618,0.330446880633039,0.0251540599788926,1.38450141812135,0.1053901058033,0.000146915473048946,6.43537728039929e-09,8.6906695644951e-09,0.740492689618578,0.459001095331837,0.756716967989538
"835","Pattern_10","UKB_IDP_0434_Volume_of_V1_in_the_right_hemisphere",0.238675725649618,0.284774259409358,0.0299568138824939,1.19314295006026,0.125512612566521,0.116133310226299,-2.05267544751591e-09,8.1622741119548e-09,-0.251483277743574,0.801440489283132,0.934397457416333
"836","Pattern_10","UKB_IDP_0442_Volume_of_entorhinal_in_the_left_hemisphere_DKT_parcellation",0.238675725649618,0.277103119653143,0.0402236149282608,1.16100252297939,0.168528302653241,0.3339413865467,-1.91848451579043e-09,6.34549736472231e-09,-0.302337926488822,0.762394469135392,0.918790292361247
"837","Pattern_8","Demontis 2023 -  Attention Deficit Hyperactivity Disorder",0.200268398141931,0.195737502518428,0.0130655665231532,0.977375883236992,0.0652402807650838,0.727634749128485,1.19614832465899e-09,1.49478138504369e-09,0.800216230030204,0.423585527976459,0.728709686169568
"838","Pattern_8","Grove 2019  - Autism Spectrum Disorder",0.200268398141931,0.185311650642843,0.025589097701702,0.925316487085054,0.127774016964808,0.551402866799722,8.05848818268295e-10,5.40186438156951e-09,0.149179757458879,0.881411792456908,0.960300915669594
"839","Pattern_8","Chambers_total_cerebellar_volume",0.200268398141931,0.339814864661469,0.0239700290861896,1.69679723717888,0.119689523202766,9.89119337066856e-10,2.57499751557245e-08,9.70261212827146e-09,2.65392193517602,0.00795622310799158,0.136539054627468
"840","Pattern_8","Davies reaction time",0.200268398141931,0.207657804343063,0.0128657215164119,1.03689751488347,0.0642423948849577,0.567078027924823,8.4010614064268e-10,1.26463812211559e-09,0.664305563742836,0.506494760794127,0.782572654407505
"841","Pattern_8","Gui_age_onset_walking",0.200268398141931,0.207116247991963,0.016789605769003,1.03419336207592,0.0838355223528783,0.683193417165225,7.43216078763236e-09,4.40982026831078e-09,1.6853659186612,0.0919179948811463,0.385530549806609
"842","Pattern_8","Huang_neurodev_disorders",0.200268398141931,0.335453633019455,0.154136608331707,1.67502030341161,0.769650178269611,0.317510895116567,7.91065089477282e-09,6.99865319165728e-09,1.1303104580468,0.258345429376329,0.59305185945289
"843","Pattern_8","Lee_cognitive_performance",0.200268398141931,0.199923148633216,0.00991417740524284,0.99827606595989,0.049504452510858,0.972230829721284,-3.62879107598508e-10,4.28658553665115e-10,-0.846545821833766,0.397248323051668,0.709743864201716
"844","Pattern_8","Lee_educ_attainment",0.200268398141931,0.185713136948661,0.00821791231099437,0.927321228270101,0.0410344936457238,0.0791559694894632,-8.29186569278546e-10,6.82584733265932e-10,-1.21477456038487,0.224452086062183,0.568021020358448
"845","Pattern_8","Alzheimer's Disease",0.200268398141931,0.518898250661216,0.0790468938211429,2.59101413640643,0.394704778959294,1.06768417076154e-05,1.09941584028809e-08,5.00743850084563e-09,2.19556533765202,0.0281230695074752,0.2266889845148
"846","Pattern_8","Anorexia Nervosa",0.200268398141931,0.165168273107161,0.024233212388141,0.824734579392329,0.121003676131502,0.144404620691283,-7.8134474014837e-09,6.17049778181608e-09,-1.26625884616785,0.205420425603888,0.547205276662177
"847","Pattern_8","Autism Spectrum Disorder",0.200268398141931,0.213612603151918,0.0261547148263499,1.06663160605364,0.130598312409799,0.611828769387385,3.41236697783547e-08,1.97733630189531e-08,1.72573930623974,0.084394323262508,0.380702567991731
"848","Pattern_8","Bipolar Disorder",0.200268398141931,0.19953316638403,0.0326673026054442,0.996328767969773,0.163117610709068,0.98203972406923,-1.68243976947167e-08,1.50219961522144e-08,-1.11998415684833,0.26272051351898,0.600055110270451
"849","Pattern_8","Body Mass Index",0.200268398141931,0.195352773373255,0.0136185563618994,0.975454815566095,0.0680015243955157,0.717412268474146,-4.26090490931654e-09,2.19652062355363e-09,-1.93984288771351,0.0523987867002804,0.305746397695509
"850","Pattern_8","Celiac Disease",0.200268398141931,0.419138992431028,0.0693989891954959,2.0928863281464,0.346529906062925,2.47289281592678e-06,9.37281932231332e-09,1.74478137069061e-08,0.537191620667261,0.59113525869483,0.827045253453386
"851","Pattern_8","Coronary Artery Disease",0.200268398141931,0.394971848892006,0.0489499962625696,1.97221255353572,0.24442196930081,1.22513167154281e-05,5.22123920487493e-09,3.69357536366037e-09,1.41360028991006,0.157479296123031,0.486380177285647
"852","Pattern_8","Crohn's Disease",0.200268398141931,0.385175231657114,0.0383704043957888,1.92329511411051,0.191594903398566,5.33241715950607e-08,1.98119797490679e-08,1.68616450754865e-08,1.17497312156514,0.240005469351172,0.577173228960323
"853","Pattern_8","Depressive Symptoms",0.200268398141931,0.147304598086316,0.0279853982410645,0.73553590807632,0.139739462145351,0.0458109975095623,-2.88693355037273e-10,1.34998355740449e-09,-0.213849534280492,0.830664395574997,0.947003702164907
"854","Pattern_8","Ever Smoked",0.200268398141931,0.171641005501006,0.0265616553437493,0.857054867834731,0.132630288104291,0.279462353317573,-3.80776344647678e-10,2.80951201347329e-09,-0.135531132389407,0.892191951247645,0.963259498860978
"855","Pattern_8","Fasting Glucose",0.200268398141931,0.261379227781624,0.0461597884040717,1.3051446469172,0.230489627082142,0.186847541488796,-1.02601375108603e-08,5.85745434032869e-09,-1.751637642349,0.0798361356083308,0.373024099539555
"856","Pattern_8","HDL Cholesterol",0.200268398141931,0.368818662339564,0.0347778796915215,1.84162187225455,0.17365635324488,4.39583949370793e-05,-4.82153974472681e-10,4.89862240757093e-09,-0.098426442039603,0.921593678906269,0.974826951911327
"857","Pattern_8","Height",0.200268398141931,0.348154557665464,0.0204057250733539,1.73843981824194,0.101891887400488,5.45174719384491e-11,8.51788517078935e-09,5.2669734103648e-09,1.61722577790636,0.105829553904063,0.402152304835438
"858","Pattern_8","Inflammatory Bowel Disease",0.200268398141931,0.377400458766248,0.0291243575432916,1.88447334810549,0.145426626534712,4.91565244367299e-09,4.26959474670861e-09,1.09769118961363e-08,0.388961375212591,0.69730471903336,0.890674935235889
"859","Pattern_8","LDL Cholesterol",0.200268398141931,0.335120419246519,0.0368903020877462,1.6733564673994,0.184204309966078,0.000205510074791368,-1.08861621969651e-08,4.27780146331057e-09,-2.54480304668939,0.010933938980835,0.148200141090554
"860","Pattern_8","Systemic Lupus Erythematosus",0.200268398141931,0.376743275329635,0.0574255759796134,1.88119183468295,0.286743073357563,0.000168909864772824,-2.80649485653038e-08,2.15367006314517e-08,-1.30312200766344,0.192533111267615,0.530713032095187
"861","Pattern_8","Multiple Sclerosis",0.200268398141931,0.968452011927032,0.360602541752955,4.83577050054939,1.80059632522448,1.9141773397693e-11,-1.45323405380986e-09,9.79761653350809e-09,-0.14832526348013,0.882086078501194,0.960300915669594
"862","Pattern_8","Neuroticism",0.200268398141931,0.159327780202358,0.0143746070377494,0.795571251783026,0.0717767115087327,0.00290087133613736,-3.16252282762113e-09,1.79567505417245e-09,-1.76118881880809,0.0782064498816984,0.370296303049889
"863","Pattern_8","Primary Biliary Cirrhosis",0.200268398141931,0.370114057374604,0.04940677454825,1.84809016703825,0.246702799875771,6.75868746790535e-05,-3.08354036307283e-08,2.23832087459217e-08,-1.37761319124304,0.168322745987675,0.501682002316422
"864","Pattern_8","Rheumatoid Arthritis",0.200268398141931,0.332419815430907,0.0368470787586957,1.65987154496197,0.183988482958664,0.000132230948644475,-1.5737609410117e-09,7.0820981940641e-09,-0.222216763717109,0.824145144780969,0.94645486675332
"865","Pattern_8","Schizophrenia",0.200268398141931,0.21837454753704,0.0121905349727119,1.09040941837602,0.0608709865651016,0.141703962643066,4.64521984302742e-09,6.76629005528059e-09,0.686523900849059,0.49238279782681,0.773479738764403
"866","Pattern_8","Subjective Well-Being",0.200268398141931,0.141905837178189,0.0468040128079613,0.708578280421556,0.233706432179035,0.18069319900903,-2.7911244161478e-09,1.36504536811931e-09,-2.04471183254024,0.0408832763841755,0.271017815259906
"867","Pattern_8","Triglycerides",0.200268398141931,0.301626677810582,0.0336354299712045,1.50611220047217,0.167951760154225,0.00249394401548709,-6.73260770214243e-09,4.38100303460368e-09,-1.5367731199829,0.124348878057005,0.434409070338861
"868","Pattern_8","Type 1 Diabetes",0.200268398141931,0.562781807826073,0.13435387861083,2.81013786022908,0.670869092963994,1.77012640411368e-05,5.72297202381321e-09,1.16377251119741e-08,0.491760371442767,0.622888754188662,0.84529734207911
"869","Pattern_8","Type 2 Diabetes",0.200268398141931,0.261812434197484,0.0380548076178427,1.30730777609724,0.190019034310511,0.100638346358644,-2.29885842425717e-09,4.08331129807929e-09,-0.562988774659063,0.573442527788213,0.818434405857356
"870","Pattern_8","Ulcerative Colitis",0.200268398141931,0.385756341577152,0.0383832183587946,1.92619676971583,0.191658887347729,2.93699915044502e-06,1.71258294114014e-09,1.16504105988666e-08,0.146997646701546,0.883133877803287,0.960300915669594
"871","Pattern_8","Years of Education (EduYears)",0.200268398141931,0.182452442869997,0.0227478877179362,0.911039607660377,0.113587005883048,0.427537803133619,-1.88254196402571e-09,2.13125277872193e-09,-0.883302995693753,0.377072585675787,0.694064101796251
"872","Pattern_8","Years of Education (College)",0.200268398141931,0.188667304762853,0.00962437137225347,0.942072271577985,0.0480573643248128,0.230565323975864,-1.68230838456791e-09,1.27931744001627e-09,-1.31500465165746,0.188508339148491,0.527823349615774
"873","Pattern_8","Savage cognition-intelligence",0.200268398141931,0.183865748432927,0.0135131994787769,0.91809666496968,0.0674754459722598,0.222693403995158,-4.85096630451889e-09,2.51107662143214e-09,-1.93182727405278,0.0533808285246491,0.307779743040282
"874","Pattern_8","Tissink 2022 - Cerebellar Volume",0.200268398141931,0.334652524343894,0.0253742692014491,1.67102012823173,0.126701314020928,5.82549471790253e-08,2.69180725592927e-08,1.13897142456099e-08,2.36336680436633,0.0181097352236331,0.187987885638494
"875","Pattern_8","Tissink 2022 - Subcortical Volume",0.200268398141931,0.302815247650702,0.0256734576334482,1.51204708511273,0.128195251330933,8.45527025563594e-05,-1.76774171909615e-09,1.04725688004588e-08,-0.168797336429883,0.865956053484233,0.956778027941043
"876","Pattern_8","UKB_IDP_0021_Volume_of_left_amygdala",0.200268398141931,0.354900204208654,0.0695024075938203,1.77212284864402,0.347046305051901,0.0118544410441233,4.07731133225518e-09,6.19410751925766e-09,0.658256467066271,0.510373346002001,0.784315074271782
"877","Pattern_8","UKB_IDP_0024_Volume_of_right_accumbens",0.200268398141931,0.28157457713445,0.0445230620938097,1.40598606543453,0.222316963169876,0.0591892780887324,-9.30184247650572e-09,7.86701269748637e-09,-1.18238559338767,0.23705273692543,0.576336899613276
"878","Pattern_8","UKB_IDP_0026_Volume_of_grey_matter_in_Left_Frontal_Pole",0.200268398141931,0.263253456296517,0.0319144254021832,1.31450323035963,0.15935826969348,0.0545102013766116,-6.21340449142241e-09,7.15143789528266e-09,-0.868832895202934,0.384938537754212,0.69961756847614
"879","Pattern_8","UKB_IDP_0137_IDP_T1_FAST_ROIs_L_cerebellum_I-IV",0.200268398141931,0.32543006641899,0.0305758965121604,1.62496963793736,0.15267459467315,8.47046364909124e-05,1.53340052396643e-08,1.0922280368474e-08,1.40391976055882,0.160342744636454,0.490999354024907
"880","Pattern_8","UKB_IDP_0138_IDP_T1_FAST_ROIs_R_cerebellum_I-IV",0.200268398141931,0.318873891377483,0.0288534506307653,1.59223269540257,0.144073907308714,6.77224718502106e-05,1.1363234624173e-08,9.99853435516075e-09,1.13649003149225,0.255751535198521,0.590517585646242
"881","Pattern_8","UKB_IDP_0139_IDP_T1_FAST_ROIs_L_cerebellum_V",0.200268398141931,0.327744677141323,0.0314698964497118,1.63652718143303,0.157138603702262,0.000150161076357689,1.60154346886646e-08,1.03872539118847e-08,1.54183529395968,0.123113623065675,0.4339160688795
"882","Pattern_8","UKB_IDP_0140_IDP_T1_FAST_ROIs_R_cerebellum_V",0.200268398141931,0.298483073440446,0.0291329293176482,1.49041524379153,0.14546942796737,0.00119176165741712,-9.77042884174234e-10,9.34337311716697e-09,-0.104570680408671,0.916716480764251,0.97392544736212
"883","Pattern_8","UKB_IDP_0141_IDP_T1_FAST_ROIs_L_cerebellum_VI",0.200268398141931,0.338039972255351,0.0276916790019614,1.68793466863294,0.138272834150979,1.43558113386786e-06,1.71924734619082e-08,1.0060170564985e-08,1.70896441077724,0.0874575420371537,0.385530549806609
"884","Pattern_8","UKB_IDP_0142_IDP_T1_FAST_ROIs_V_cerebellum_VI",0.200268398141931,0.282040755810387,0.0272547660302661,1.40831383496913,0.136091197029251,0.00218447498191261,5.35684272543817e-09,8.26935944441668e-09,0.647794156421029,0.517118095430812,0.789475309814676
"885","Pattern_8","UKB_IDP_0143_IDP_T1_FAST_ROIs_R_cerebellum_VI",0.200268398141931,0.347562319734828,0.0305409371036644,1.73548259715199,0.1525000318923,1.82363093382379e-06,1.92344094635024e-08,9.66734057641112e-09,1.98962778971866,0.0466319525557323,0.29186116187823
"886","Pattern_8","UKB_IDP_0144_IDP_T1_FAST_ROIs_L_cerebellum_crus_I",0.200268398141931,0.245390208985972,0.0222413473828964,1.22530669472905,0.111057698514839,0.0477591968922947,4.10976298551001e-10,1.00063306341476e-08,0.0410716289094529,0.967238792362196,0.9907849285027
"887","Pattern_8","UKB_IDP_0145_IDP_T1_FAST_ROIs_V_cerebellum_crus_I",0.200268398141931,0.243769569946564,0.057702336265129,1.21721435937088,0.288125020225283,0.446685986498047,-3.53424656375287e-10,5.75593794534608e-09,-0.0614017488949904,0.951039259573005,0.982893391788414
"888","Pattern_8","UKB_IDP_0146_IDP_T1_FAST_ROIs_R_cerebellum_crus_I",0.200268398141931,0.273778119138576,0.0205741146049135,1.36705601921551,0.102732706686616,0.000713900970173276,1.07849729210038e-08,9.5012250127536e-09,1.13511393599531,0.256327583212622,0.590517585646242
"889","Pattern_8","UKB_IDP_0147_IDP_T1_FAST_ROIs_L_cerebellum_crus_II",0.200268398141931,0.249099306519264,0.0223395139559424,1.24382732787789,0.1115478735697,0.0254066776297755,-6.0525752381021e-09,8.57721028092104e-09,-0.70565778847294,0.480400977402029,0.76347886585647
"890","Pattern_8","UKB_IDP_0148_IDP_T1_FAST_ROIs_V_cerebellum_crus_II",0.200268398141931,0.291157184927865,0.0306186465052356,1.45383489172126,0.152888058172493,0.00390801177432411,1.1941797768031e-08,8.97413118243956e-09,1.33069124188852,0.183290625993842,0.52287126958669
"891","Pattern_8","UKB_IDP_0149_IDP_T1_FAST_ROIs_R_cerebellum_crus_II",0.200268398141931,0.243428696318403,0.0240081605030747,1.21551227541094,0.119879924770058,0.0490844940125664,-9.15830955870492e-09,1.01172382671549e-08,-0.905218332994775,0.365349731368393,0.686199671978765
"892","Pattern_8","UKB_IDP_0150_IDP_T1_FAST_ROIs_L_cerebellum_VIIb",0.200268398141931,0.262248354266779,0.0246752184779702,1.30948445536036,0.123210744715114,0.00831013363975166,-7.20212207283184e-10,8.84586958255492e-09,-0.0814179092922108,0.935109606837549,0.979288013459795
"893","Pattern_8","UKB_IDP_0151_IDP_T1_FAST_ROIs_V_cerebellum_VIIb",0.200268398141931,0.24834531201934,0.0266777132655554,1.24006240786595,0.133209800013724,0.075561564416204,-4.14728013628619e-09,8.9082604298926e-09,-0.465554433317817,0.641534465544268,0.857528481581786
"894","Pattern_8","UKB_IDP_0152_IDP_T1_FAST_ROIs_R_cerebellum_VIIb",0.200268398141931,0.262038966704025,0.0242083511391767,1.30843892064447,0.120879536480938,0.00468931054637726,2.1641288149602e-09,9.68534186913472e-09,0.22344371981921,0.823190180825424,0.94645486675332
"895","Pattern_8","UKB_IDP_0153_IDP_T1_FAST_ROIs_L_cerebellum_VIIIa",0.200268398141931,0.29114218218145,0.0246942238178667,1.453759978522,0.123305644060556,8.35362302044862e-05,6.02924811520423e-09,8.258551012859e-09,0.730061254791109,0.465352743152623,0.757666899333422
"896","Pattern_8","UKB_IDP_0154_IDP_T1_FAST_ROIs_V_cerebellum_VIIIa",0.200268398141931,0.273983537008561,0.0252336958439308,1.36808173206832,0.125999389209912,0.00244786730232674,9.45492187646987e-10,9.61605121389244e-09,0.0983243710558676,0.921674726639223,0.974826951911327
"897","Pattern_8","UKB_IDP_0155_IDP_T1_FAST_ROIs_R_cerebellum_VIIIa",0.200268398141931,0.279725222672184,0.0253871773955471,1.39675168557518,0.126765768494114,0.000351923531710904,7.95475893564086e-09,8.33433199946796e-09,0.954456690248082,0.339852522128584,0.667175455808263
"898","Pattern_8","UKB_IDP_0156_IDP_T1_FAST_ROIs_L_cerebellum_VIIIb",0.200268398141931,0.336762142874345,0.0295203407294395,1.68155408441266,0.147403888997595,1.70817424233288e-06,2.30062881674809e-08,1.04700738240881e-08,2.19733772216115,0.0279963354841829,0.226525482548826
"899","Pattern_8","UKB_IDP_0157_IDP_T1_FAST_ROIs_V_cerebellum_VIIIb",0.200268398141931,0.279758224662111,0.0227853767119162,1.39691647437977,0.113774199640664,0.000403886910571605,7.95019632992398e-09,1.00314159655224e-08,0.792529824029679,0.428051808934706,0.731054774809835
"900","Pattern_8","UKB_IDP_0158_IDP_T1_FAST_ROIs_R_cerebellum_VIIIb",0.200268398141931,0.333963483058229,0.0326282501364728,1.66757953904213,0.16292261005328,4.71942017878462e-05,1.92766187919469e-08,1.01679591618538e-08,1.89581984792633,0.0579838704154631,0.322166256512025
"901","Pattern_8","UKB_IDP_0159_IDP_T1_FAST_ROIs_L_cerebellum_IX",0.200268398141931,0.309686952469461,0.0241066871655833,1.54635956218107,0.120371897859285,1.0451524147338e-05,1.83227629565024e-08,1.12835818497468e-08,1.62384278330144,0.10440936648656,0.400672711361771
"902","Pattern_8","UKB_IDP_0160_IDP_T1_FAST_ROIs_V_cerebellum_IX",0.200268398141931,0.320988847248543,0.0313528810462401,1.60279330252123,0.15655431080055,2.36473069912772e-05,1.22725279310255e-08,1.10624258465305e-08,1.10938849229661,0.267262624572016,0.604394118054464
"903","Pattern_8","UKB_IDP_0161_IDP_T1_FAST_ROIs_R_cerebellum_IX",0.200268398141931,0.311717156242743,0.0258692356326041,1.55649697673133,0.129172829425991,2.45315022371757e-05,1.54720141550741e-08,1.15524292101265e-08,1.33928664470949,0.180477374807079,0.521106992658702
"904","Pattern_8","UKB_IDP_0162_IDP_T1_FAST_ROIs_L_cerebellum_X",0.200268398141931,0.217491355869664,0.0263107698945484,1.08599937827199,0.131377542031878,0.517821275163737,-1.37676278839929e-08,7.74522097133926e-09,-1.77756424702913,0.0754754501949745,0.364198997766226
"905","Pattern_8","UKB_IDP_0163_IDP_T1_FAST_ROIs_V_cerebellum_X",0.200268398141931,0.355151215870839,0.0329356255039077,1.7733762249356,0.164457427180129,4.29856373139401e-06,2.04692595096631e-08,9.51651555742443e-09,2.15091956569059,0.0314825489260882,0.237804262863564
"906","Pattern_8","UKB_IDP_0164_IDP_T1_FAST_ROIs_R_cerebellum_X",0.200268398141931,0.265443720565757,0.033305926747634,1.32543987483055,0.166306452024597,0.0578549232178648,-6.78696981047667e-10,9.32839369021541e-09,-0.0727560396340857,0.942000253487902,0.981101175695411
"907","Pattern_8","UKB_IDP_0193_aseg_lh_volume_Cerebellum-White-Matter",0.200268398141931,0.35829277849956,0.0301717663415106,1.7890629865908,0.150656651880382,4.28970985686169e-07,1.43538963645517e-08,9.75645918547937e-09,1.47121984437906,0.141231672177846,0.46392013040707
"908","Pattern_8","UKB_IDP_0194_aseg_lh_volume_Cerebellum-Cortex",0.200268398141931,0.312734993770789,0.0240260725951899,1.56157934388206,0.119969365202405,2.84470453804358e-07,1.28952297711111e-08,9.24336896484048e-09,1.39507898258324,0.162992023305795,0.492680434083424
"909","Pattern_8","UKB_IDP_0210_aseg_rh_volume_Cerebellum-White-Matter",0.200268398141931,0.361256517006929,0.033205323619932,1.80386181923173,0.165804110523714,1.77306544007324e-06,1.34686854591614e-08,9.60073064873931e-09,1.4028812964282,0.160652239121281,0.490999354024907
"910","Pattern_8","UKB_IDP_0211_aseg_rh_volume_Cerebellum-Cortex",0.200268398141931,0.329294924147309,0.0255773459128734,1.64426802831835,0.127715336768942,1.67783637573308e-08,2.13598549400373e-08,9.582875556515e-09,2.22896090156525,0.0258165063524125,0.218949540143705
"911","Pattern_8","UKB_IDP_0434_Volume_of_V1_in_the_right_hemisphere",0.200268398141931,0.288762545099322,0.0301767764315005,1.44187773896646,0.150681668757914,0.00125654642514339,9.0516285075965e-09,8.94791086709259e-09,1.01159126884973,0.311733522278171,0.647499629679823
"912","Pattern_8","UKB_IDP_0442_Volume_of_entorhinal_in_the_left_hemisphere_DKT_parcellation",0.200268398141931,0.234432384043138,0.0340451991222989,1.17059099797161,0.169997860062629,0.326531228444927,-4.17344610312571e-09,7.44168686103923e-09,-0.560819902941051,0.574920317239128,0.818773311847284
"913","Pattern_4","Demontis 2023 -  Attention Deficit Hyperactivity Disorder",0.238511187817082,0.298063932106703,0.0149859004615522,1.24968532853601,0.0628310168537885,9.61060860301337e-05,4.14519483607092e-09,1.41478489699924e-09,2.92991170944989,0.00339058325327286,0.09493633109164
"914","Pattern_4","Grove 2019  - Autism Spectrum Disorder",0.238511187817082,0.251325253730611,0.0271181034671661,1.05372521947841,0.113697406462809,0.635551353777687,-8.64095165723778e-10,4.64056629401507e-09,-0.18620468084643,0.85228425337046,0.952552989061103
"915","Pattern_4","Chambers_total_cerebellar_volume",0.238511187817082,0.384404367743632,0.0274425199721163,1.61168275275388,0.115057579576361,9.92699371808692e-10,2.89456991555901e-08,8.6005125069821e-09,3.36557840385574,0.000763833560720417,0.0406359454303262
"916","Pattern_4","Davies reaction time",0.238511187817082,0.298437166628611,0.0131844586916405,1.25125017975042,0.0552781561833985,1.23079586837889e-05,3.28569749425876e-09,1.13093538668627e-09,2.90529196710886,0.00366910664683007,0.0952177920055414
"917","Pattern_4","Gui_age_onset_walking",0.238511187817082,0.290706852943122,0.0172466935967269,1.21883948339593,0.0723097887129459,0.00262728980773879,1.0510559350499e-08,3.79233569435958e-09,2.77152662569707,0.00557941090943044,0.117554320943247
"918","Pattern_4","Huang_neurodev_disorders",0.238511187817082,0.259977622358959,0.138368945324038,1.09000179294877,0.580136079109863,0.876856666759347,1.03202232855242e-10,5.99401038699869e-09,0.0172175598959743,0.986263053494396,0.994439478539555
"919","Pattern_4","Lee_cognitive_performance",0.238511187817082,0.305076495820516,0.0114645142025138,1.27908673221017,0.0480669871608125,8.71117879131011e-09,1.432322189426e-09,4.2191322732203e-10,3.39482646352958,0.000686721130911894,0.0388161152431933
"920","Pattern_4","Lee_educ_attainment",0.238511187817082,0.2963959930334,0.00831275646252749,1.24269220134324,0.0348526898826343,6.19571085527998e-11,2.5838738716353e-09,5.52678629131323e-10,4.6751832537772,2.93691247032467e-06,0.00312487486842545
"921","Pattern_4","Alzheimer's Disease",0.238511187817082,0.476191321833729,0.0801851476726494,1.99651566113925,0.336190299526514,0.00150331961115678,6.78188672575721e-09,4.08295593240897e-09,1.66102373820034,0.0967086792494559,0.3934915285714
"922","Pattern_4","Anorexia Nervosa",0.238511187817082,0.250940545412527,0.0274126115325409,1.05211226236053,0.11493218319622,0.648817378981622,2.53074926576998e-09,5.91806864996423e-09,0.427630941014054,0.66891983559037,0.874899453064725
"923","Pattern_4","Autism Spectrum Disorder",0.238511187817082,0.255759327702653,0.0265271293049303,1.07231585253267,0.111219643605458,0.511576252417991,2.09784461045881e-08,1.62240948998936e-08,1.29304261556838,0.195996320406504,0.53609276327126
"924","Pattern_4","Bipolar Disorder",0.238511187817082,0.294719658636634,0.0396039433294409,1.23566387528395,0.16604648063643,0.149322569403272,1.11505947968268e-09,1.49780856065652e-08,0.07444606133069,0.940655458819157,0.980932794945408
"925","Pattern_4","Body Mass Index",0.238511187817082,0.272380266310504,0.0132719995592293,1.14200205367053,0.0556451866291815,0.0099123886841553,-1.25624337866216e-09,2.04841161927337e-09,-0.613276827197353,0.539693312889884,0.79754678460394
"926","Pattern_4","Celiac Disease",0.238511187817082,0.276752516940579,0.0466372955269223,1.16033348151713,0.195535043675558,0.397232618855947,-3.42155182496063e-08,1.44895807407037e-08,-2.36138773522197,0.0182066835478525,0.188076808688496
"927","Pattern_4","Coronary Artery Disease",0.238511187817082,0.377414402791044,0.0419024132055111,1.58237609835095,0.175683218841905,0.000769195374059486,2.01501463736855e-09,2.82893664366062e-09,0.712286944242464,0.476287106997269,0.76205937119563
"928","Pattern_4","Crohn's Disease",0.238511187817082,0.346355174863169,0.0286432966337905,1.4521548361446,0.120092046398081,9.7642447863667e-05,-2.93639620365822e-09,1.47518886017629e-08,-0.199052221917356,0.842221894658123,0.950325448128607
"929","Pattern_4","Depressive Symptoms",0.238511187817082,0.271408696577055,0.0318443056256612,1.1379285771081,0.133512838190564,0.300237902149681,2.30799297157773e-09,1.38488123173654e-09,1.66656383138623,0.0956011658179227,0.39047846614307
"930","Pattern_4","Ever Smoked",0.238511187817082,0.239287886188887,0.0313168393074041,1.00325644418995,0.131301343111089,0.980213954023659,-2.02242885833359e-10,2.74604429138475e-09,-0.0736488069285196,0.941289834247426,0.980932794945408
"931","Pattern_4","Fasting Glucose",0.238511187817082,0.368379054837156,0.0452621477311353,1.54449381686729,0.189769495281905,0.00109139965801897,2.41206791456612e-09,4.22632022798887e-09,0.570725308175223,0.568185860538347,0.817511501842868
"932","Pattern_4","HDL Cholesterol",0.238511187817082,0.36078382046093,0.0286233421620126,1.51264946421558,0.120008383774284,0.000182831723718877,4.71294346199191e-10,3.74069374528344e-09,0.125991160541661,0.899738921682658,0.966499496965439
"933","Pattern_4","Height",0.238511187817082,0.330047717271079,0.0192552014246025,1.38378295916332,0.080730810159604,1.02173057174319e-05,-2.60418312210995e-09,3.84778412957364e-09,-0.676800733724766,0.498532392558761,0.777769011264694
"934","Pattern_4","Inflammatory Bowel Disease",0.238511187817082,0.353064154743801,0.0270109850589429,1.48028341133655,0.113248293743177,5.60112893248145e-05,-3.48312626796483e-09,8.82208288916518e-09,-0.394819036697402,0.692976444677688,0.888345707394049
"935","Pattern_4","LDL Cholesterol",0.238511187817082,0.445954400799758,0.0463526220334835,1.86974206485344,0.194341500110394,9.45644605355525e-06,6.22970943132398e-09,3.68685612727755e-09,1.68970776625453,0.0910838767380753,0.385530549806609
"936","Pattern_4","Systemic Lupus Erythematosus",0.238511187817082,0.327496626007673,0.0418063050632757,1.37308706147083,0.175280268594099,0.0180006090685944,-3.70347158286964e-08,1.66670236121712e-08,-2.2220353609898,0.0262809159750624,0.220111516463595
"937","Pattern_4","Multiple Sclerosis",0.238511187817082,0.669583923794268,0.231753566029579,2.80734807420348,0.97166748507963,0.000215486524939663,-1.20773555583169e-08,9.50423303236056e-09,-1.27073436827519,0.203823164501557,0.547205276662177
"938","Pattern_4","Neuroticism",0.238511187817082,0.250886549557206,0.0174961419344576,1.05188587526391,0.0733556446328031,0.453779030434201,1.68905906468773e-09,1.68858497760461e-09,1.00028075997916,0.317174655545393,0.652423184548935
"939","Pattern_4","Primary Biliary Cirrhosis",0.238511187817082,0.335404282278163,0.0432592541743802,1.40624129772642,0.181372012651903,0.0200839637725666,-2.70831324113859e-08,1.86836053727414e-08,-1.44956671215605,0.147179384318369,0.470266861605841
"940","Pattern_4","Rheumatoid Arthritis",0.238511187817082,0.290879709919431,0.0350505914863318,1.21956421659562,0.146955754181279,0.137819301421862,-1.11879305960173e-08,6.18493883549403e-09,-1.8088991489798,0.070466672660163,0.353662923162327
"941","Pattern_4","Schizophrenia",0.238511187817082,0.306152863836567,0.0127229279193631,1.28359959395851,0.0533431074483621,9.28905326082275e-08,1.48221984252396e-08,5.6951353593647e-09,2.60260687234887,0.00925179745009787,0.143887795073155
"942","Pattern_4","Subjective Well-Being",0.238511187817082,0.313818955894158,0.0452263185398145,1.31574102987081,0.189619275111318,0.0904241829536001,4.75089039063283e-10,1.16304196284825e-09,0.408488304153537,0.682915215477567,0.880447001319341
"943","Pattern_4","Triglycerides",0.238511187817082,0.333877748633742,0.0298235544286652,1.39984103760281,0.125040484270857,0.000167892242815491,-1.70563658021872e-09,3.41152190066008e-09,-0.49996354409705,0.617100747404692,0.843901418742798
"944","Pattern_4","Type 1 Diabetes",0.238511187817082,0.417154171675581,0.092498581145774,1.74899205145674,0.387816529666159,0.0222000319001364,-1.28003560856914e-08,9.91487828840797e-09,-1.29102503463477,0.196694996726462,0.537313161789361
"945","Pattern_4","Type 2 Diabetes",0.238511187817082,0.301950767407867,0.0383168298485613,1.26598156745351,0.160650031553015,0.101754638655827,-1.41896594860738e-09,3.57699963545507e-09,-0.39669166710073,0.691594845779821,0.887109000493947
"946","Pattern_4","Ulcerative Colitis",0.238511187817082,0.336395758253576,0.0366330361244232,1.41039823470069,0.153590430955036,0.00705441783067467,-1.05770782633934e-08,9.085434093508e-09,-1.1641797358864,0.244351180566415,0.579929868649436
"947","Pattern_4","Years of Education (EduYears)",0.238511187817082,0.297894908070951,0.02529185407077,1.24897666561206,0.106040535466063,0.0212776878309617,2.75120477857665e-09,1.98127873412554e-09,1.38860056951599,0.164954244096984,0.497199194671929
"948","Pattern_4","Years of Education (College)",0.238511187817082,0.297275220713488,0.0117820011654139,1.2463785176462,0.0493981069535813,1.10933164940503e-06,4.22410282132222e-09,1.29586791603351e-09,3.2596708113985,0.0011154159283114,0.0499026124541286
"949","Pattern_4","Savage cognition-intelligence",0.238511187817082,0.306079436726523,0.0150325210709251,1.28329173791739,0.0630264819378358,8.01303531917118e-06,6.66013103579056e-09,2.49194735891459e-09,2.67266120689302,0.00752522077931198,0.136539054627468
"950","Pattern_4","Tissink 2022 - Cerebellar Volume",0.238511187817082,0.397557669847181,0.0273198300846074,1.6668302794755,0.114543180697919,2.79424083852479e-10,3.26286903127285e-08,9.41478389367815e-09,3.4656865926193,0.00052887939425566,0.0365209733576596
"951","Pattern_4","Tissink 2022 - Subcortical Volume",0.238511187817082,0.410778052482608,0.0287506545280351,1.72225905309583,0.120542163204875,2.56640820418706e-10,2.25597599200364e-08,8.83162024081573e-09,2.55443047876713,0.0106361667457769,0.148200141090554
"952","Pattern_4","UKB_IDP_0021_Volume_of_left_amygdala",0.238511187817082,0.347136349931629,0.0670597055971604,1.45543004967068,0.281159580860373,0.0896670833928322,-2.39436648723264e-09,5.53743924090597e-09,-0.432395983606476,0.665453636734306,0.874899453064725
"953","Pattern_4","UKB_IDP_0024_Volume_of_right_accumbens",0.238511187817082,0.36708386764189,0.0474743494101427,1.53906351731984,0.199044538936059,0.00520904920733166,1.88715223070793e-09,6.472472859077e-09,0.291565877802236,0.770618567895498,0.919404250616361
"954","Pattern_4","UKB_IDP_0026_Volume_of_grey_matter_in_Left_Frontal_Pole",0.238511187817082,0.340015010229193,0.0356891804596034,1.42557258358026,0.149633150487574,0.00278383107977185,2.1443929581993e-09,5.85707114745145e-09,0.366120353366781,0.714275270562152,0.899395133583586
"955","Pattern_4","UKB_IDP_0137_IDP_T1_FAST_ROIs_L_cerebellum_I-IV",0.238511187817082,0.369162290246366,0.0291030256217037,1.54777766873344,0.12201954083606,5.17150408393052e-06,1.80193535196327e-08,7.79671466560922e-09,2.31114697567616,0.0208247380174445,0.196084258854522
"956","Pattern_4","UKB_IDP_0138_IDP_T1_FAST_ROIs_R_cerebellum_I-IV",0.238511187817082,0.366972607026766,0.0279194719040928,1.53859703767105,0.117057284228968,3.30617851045658e-06,1.45289059440442e-08,7.61935021566598e-09,1.90684317334195,0.0565408987397364,0.318304318831109
"957","Pattern_4","UKB_IDP_0139_IDP_T1_FAST_ROIs_L_cerebellum_V",0.238511187817082,0.384768143109501,0.0302359175966552,1.61320794479706,0.126769389198815,1.33894952593949e-06,2.1978954896066e-08,7.6595340231078e-09,2.86948981880078,0.00411134568273814,0.0987048870182342
"958","Pattern_4","UKB_IDP_0140_IDP_T1_FAST_ROIs_R_cerebellum_V",0.238511187817082,0.381923073745176,0.0303807341065777,1.60127949234012,0.127376557823682,2.00022480400148e-06,1.74687538039955e-08,7.43665885009727e-09,2.34900566990067,0.0188236201699828,0.188946526989261
"959","Pattern_4","UKB_IDP_0141_IDP_T1_FAST_ROIs_L_cerebellum_VI",0.238511187817082,0.37943974846933,0.0302234385660752,1.59086771543953,0.126717068673752,1.24769649851059e-06,1.60768476410032e-08,7.96210767986963e-09,2.0191698338431,0.0434695705391534,0.277787525847803
"960","Pattern_4","UKB_IDP_0142_IDP_T1_FAST_ROIs_V_cerebellum_VI",0.238511187817082,0.304169722849414,0.02909527667299,1.27528492744201,0.121987052009081,0.0190405360001481,-2.21246355973276e-09,7.5555355675823e-09,-0.292826834040135,0.76965451625454,0.919404250616361
"961","Pattern_4","UKB_IDP_0143_IDP_T1_FAST_ROIs_R_cerebellum_VI",0.238511187817082,0.404554780082095,0.0341487553324847,1.69616689172818,0.143174647885591,1.17127975771473e-07,2.17918600552789e-08,7.96338768682575e-09,2.73650623481893,0.00620954182596036,0.123494439305081
"962","Pattern_4","UKB_IDP_0144_IDP_T1_FAST_ROIs_L_cerebellum_crus_I",0.238511187817082,0.320253558306498,0.0212935373552016,1.34271922938938,0.0892768911600576,0.000165509462291203,1.21251044195932e-08,8.55443237590378e-09,1.41740607521165,0.156364237500369,0.485143353999697
"963","Pattern_4","UKB_IDP_0145_IDP_T1_FAST_ROIs_V_cerebellum_crus_I",0.238511187817082,0.375794293885292,0.0712786048592168,1.5755835075271,0.298848056192155,0.022231345108128,8.39779054279259e-09,5.22659456790405e-09,1.60674229341654,0.108110911755991,0.404228487754219
"964","Pattern_4","UKB_IDP_0146_IDP_T1_FAST_ROIs_R_cerebellum_crus_I",0.238511187817082,0.340353506940123,0.0225368408717749,1.42699179042765,0.0944896592819738,9.20504005631732e-06,1.80717046296883e-08,8.94060787778965e-09,2.02130603161584,0.0432480951735964,0.277595189557085
"965","Pattern_4","UKB_IDP_0147_IDP_T1_FAST_ROIs_L_cerebellum_crus_II",0.238511187817082,0.331822191175707,0.027626980392345,1.39122275232719,0.115830962250428,0.000364820927667229,1.14967569976459e-08,8.88907542189433e-09,1.2933580211648,0.195887261895469,0.53609276327126
"966","Pattern_4","UKB_IDP_0148_IDP_T1_FAST_ROIs_V_cerebellum_crus_II",0.238511187817082,0.36038608162115,0.0314888826802522,1.51098187434938,0.13202266513553,6.42880879460996e-05,1.97286969298214e-08,7.31202186937451e-09,2.69811787796377,0.0069732743643399,0.132492212922458
"967","Pattern_4","UKB_IDP_0149_IDP_T1_FAST_ROIs_R_cerebellum_crus_II",0.238511187817082,0.334924643599238,0.0292403023973791,1.40423032841586,0.122595097802305,3.55911824181995e-05,1.39415095454642e-08,8.54157533230318e-09,1.63219418000555,0.102638586446383,0.400590709968198
"968","Pattern_4","UKB_IDP_0150_IDP_T1_FAST_ROIs_L_cerebellum_VIIb",0.238511187817082,0.337569267357081,0.0292767339274736,1.41531837750089,0.122747843383877,0.000184659721471289,1.24098497206746e-08,8.32850170605568e-09,1.49004588804387,0.136212170687775,0.45466072599022
"969","Pattern_4","UKB_IDP_0151_IDP_T1_FAST_ROIs_V_cerebellum_VIIb",0.238511187817082,0.386681652504855,0.0303323761155572,1.62123066864858,0.127173808462267,7.66353208693339e-08,2.94262244541623e-08,7.3778186661279e-09,3.98847217393134,6.65002014225091e-05,0.0153033352089234
"970","Pattern_4","UKB_IDP_0152_IDP_T1_FAST_ROIs_R_cerebellum_VIIb",0.238511187817082,0.328428517573732,0.0289021001170957,1.37699418035522,0.121177125407053,0.000363300463145919,1.38227844856894e-08,9.26309306574034e-09,1.49224285965701,0.135635490253416,0.454539091746882
"971","Pattern_4","UKB_IDP_0153_IDP_T1_FAST_ROIs_L_cerebellum_VIIIa",0.238511187817082,0.363506630845908,0.0304519360802968,1.52406532445215,0.127675084590375,2.72579973372154e-05,2.04832818164506e-08,9.19467839966423e-09,2.22773227361586,0.0258983735159627,0.218949540143705
"972","Pattern_4","UKB_IDP_0154_IDP_T1_FAST_ROIs_V_cerebellum_VIIIa",0.238511187817082,0.390052448010031,0.0297765041978631,1.63536332018592,0.124843217923594,8.48414737729823e-07,3.30967995015003e-08,1.0476696219159e-08,3.15908744599995,0.00158263995531757,0.062349673594311
"973","Pattern_4","UKB_IDP_0155_IDP_T1_FAST_ROIs_R_cerebellum_VIIIa",0.238511187817082,0.333212441886105,0.0297243518609834,1.39705162234004,0.124624560101472,0.000542832886794872,1.3265031784946e-08,8.19577779059111e-09,1.61852018489014,0.105550540392281,0.401809570580993
"974","Pattern_4","UKB_IDP_0156_IDP_T1_FAST_ROIs_L_cerebellum_VIIIb",0.238511187817082,0.374474718343703,0.0303315111802257,1.57005095555892,0.127170182069142,4.16440840147944e-06,2.26793038491516e-08,8.77424732359213e-09,2.58475775901274,0.00974474353495054,0.145012687009614
"975","Pattern_4","UKB_IDP_0157_IDP_T1_FAST_ROIs_V_cerebellum_VIIIb",0.238511187817082,0.372498327129468,0.0285148759893184,1.56176458864958,0.119553620315651,1.31830795730763e-05,3.02927112044609e-08,1.19843788371043e-08,2.52768304608938,0.0114817954189983,0.152662446422411
"976","Pattern_4","UKB_IDP_0158_IDP_T1_FAST_ROIs_R_cerebellum_VIIIb",0.238511187817082,0.315180329098312,0.0309433001469344,1.32144882587239,0.129735214646054,0.0137377456174481,5.57196873726763e-09,7.6404960589238e-09,0.729267928979531,0.465837786092825,0.757677287757171
"977","Pattern_4","UKB_IDP_0159_IDP_T1_FAST_ROIs_L_cerebellum_IX",0.238511187817082,0.370997662063945,0.0285428943946533,1.55547278708146,0.119671092395646,1.00861907982467e-05,2.33477664427785e-08,1.12354596882827e-08,2.07804282962517,0.0377054145278163,0.263072531525223
"978","Pattern_4","UKB_IDP_0160_IDP_T1_FAST_ROIs_V_cerebellum_IX",0.238511187817082,0.386605704102277,0.0352984656486211,1.62091224164617,0.14799501009442,2.74934962322473e-06,2.30324551105299e-08,9.76603431186191e-09,2.358424553409,0.0183526899864622,0.188669199474355
"979","Pattern_4","UKB_IDP_0161_IDP_T1_FAST_ROIs_R_cerebellum_IX",0.238511187817082,0.364699140711758,0.0290456345407833,1.52906513128203,0.121778918660448,2.925406757546e-05,1.87703267004154e-08,1.04898740602357e-08,1.78937579160924,0.0735543153498609,0.359824328883917
"980","Pattern_4","UKB_IDP_0162_IDP_T1_FAST_ROIs_L_cerebellum_X",0.238511187817082,0.370703698951223,0.0318090711357677,1.55424029515765,0.133365111410047,8.58714728893572e-06,1.77477884124434e-08,6.96850526043384e-09,2.54685728849382,0.0108697875691229,0.148200141090554
"981","Pattern_4","UKB_IDP_0163_IDP_T1_FAST_ROIs_V_cerebellum_X",0.238511187817082,0.412838688071874,0.037276159672696,1.73089862932756,0.156286839262583,2.95346041066169e-07,2.34891490387299e-08,7.56780910847328e-09,3.10382419826504,0.00191036808000407,0.0666436602335847
"982","Pattern_4","UKB_IDP_0164_IDP_T1_FAST_ROIs_R_cerebellum_X",0.238511187817082,0.366352790261935,0.0338069091612515,1.53599834714209,0.141741397838237,0.000255405753150089,1.22218380033228e-08,7.69138300314022e-09,1.58902995707442,0.112053629551788,0.413176766840649
"983","Pattern_4","UKB_IDP_0193_aseg_lh_volume_Cerebellum-White-Matter",0.238511187817082,0.429147439252913,0.030243557616155,1.79927592990746,0.126801421320954,3.58237550082423e-10,2.50152585605416e-08,8.2862881060433e-09,3.01887386009396,0.00253716144371429,0.0805832768988657
"984","Pattern_4","UKB_IDP_0194_aseg_lh_volume_Cerebellum-Cortex",0.238511187817082,0.359282213775983,0.0264974591058735,1.50635371474282,0.111095246090489,8.1603795860896e-07,1.60967098140937e-08,8.2691642427723e-09,1.94659452170914,0.0515833659149954,0.303230394108039
"985","Pattern_4","UKB_IDP_0210_aseg_rh_volume_Cerebellum-White-Matter",0.238511187817082,0.428283853728603,0.0327174292117634,1.79565519608691,0.137173562008567,6.17638333485512e-10,2.22981479883157e-08,7.4726436780204e-09,2.9839704593305,0.00284534240892684,0.0864984092313759
"986","Pattern_4","UKB_IDP_0211_aseg_rh_volume_Cerebellum-Cortex",0.238511187817082,0.352958215492961,0.0252871545684475,1.47983924244112,0.106020831978082,5.16284230657364e-07,1.34739895358505e-08,7.73833419995494e-09,1.74120026192834,0.0816484813708652,0.376893640688072
"987","Pattern_4","UKB_IDP_0434_Volume_of_V1_in_the_right_hemisphere",0.238511187817082,0.347988268813355,0.0310271625869614,1.45900186904538,0.130086822638931,0.000214658849808598,1.31281190430688e-08,8.22885575399036e-09,1.59537600798297,0.110628177817824,0.409420456341443
"988","Pattern_4","UKB_IDP_0442_Volume_of_entorhinal_in_the_left_hemisphere_DKT_parcellation",0.238511187817082,0.300865885982383,0.0359928140582187,1.2614330117425,0.150906187620105,0.0740092374468995,2.00598332644051e-09,5.4044661219067e-09,0.37117141290041,0.710509863905636,0.89742729074357
"989","Pattern_26","Demontis 2023 -  Attention Deficit Hyperactivity Disorder",0.204611525337903,0.229196687868736,0.0130973800548945,1.12015531622783,0.064010959467044,0.0641885481582422,1.41927605110722e-09,1.51777405407082e-09,0.935103645566069,0.349734887997315,0.673516598785779
"990","Pattern_26","Grove 2019  - Autism Spectrum Disorder",0.204611525337903,0.242675193058638,0.0289032775423304,1.18602895246431,0.141259283877575,0.187518247097614,5.79155342291921e-09,5.50681904455682e-09,1.05170578078897,0.292934557963467,0.630895894720951
"991","Pattern_26","Chambers_total_cerebellar_volume",0.204611525337903,0.336676878936767,0.0260880941272337,1.64544435305278,0.127500609186852,2.87164418107349e-09,2.25884598654967e-08,1.03876081603642e-08,2.17455833111679,0.0296632297488687,0.23379019594664
"992","Pattern_26","Davies reaction time",0.204611525337903,0.258967439636952,0.0141900897299606,1.26565421575976,0.0693513706352883,0.000168195805159353,3.63144942517078e-09,1.39500002483725e-09,2.60318950574532,0.00923608855052111,0.143887795073155
"993","Pattern_26","Gui_age_onset_walking",0.204611525337903,0.246378320448765,0.0169037046717251,1.2041272848237,0.0826136486877252,0.0131206473528406,1.05177809662545e-08,4.16446967736665e-09,2.52559912332111,0.0115501193016956,0.152662446422411
"994","Pattern_26","Huang_neurodev_disorders",0.204611525337903,0.0126164661778411,0.204558685564763,0.061660584158228,0.999741755636429,0.178773272566873,-1.09274692589352e-08,6.70835324065131e-09,-1.62893468291396,0.103326846943052,0.400590709968198
"995","Pattern_26","Lee_cognitive_performance",0.204611525337903,0.258639919929227,0.0104779704361257,1.26405352534321,0.0512090920529622,2.71486985167993e-07,1.26540412782028e-09,4.82894579176702e-10,2.62045627014015,0.00878121914133254,0.143168878678569
"996","Pattern_26","Lee_educ_attainment",0.204611525337903,0.245593340577749,0.00859067606958333,1.20029084467342,0.0419852989971918,2.79946166285279e-06,2.1066711752986e-09,6.81546832918708e-10,3.09101454741831,0.00199473860879347,0.0684645767663306
"997","Pattern_26","Alzheimer's Disease",0.204611525337903,0.40488153321953,0.0660473865592556,1.97878165734259,0.322794067685985,0.000110515205720928,1.60932769401653e-09,7.09091087137371e-09,0.226956412682248,0.820457635399708,0.945280913985154
"998","Pattern_26","Anorexia Nervosa",0.204611525337903,0.212604854167607,0.0254166499685768,1.03906587772367,0.124219053284524,0.753092536269808,3.60092550116528e-09,6.68856582525862e-09,0.538370346534797,0.590321394289544,0.82696511816961
"999","Pattern_26","Autism Spectrum Disorder",0.204611525337903,0.20818039386978,0.0251895926838506,1.01744216766863,0.123109353895151,0.887529791789911,1.50754637037518e-08,1.85594511201392e-08,0.812279609249494,0.416631208151654,0.725524722542323
"1000","Pattern_26","Bipolar Disorder",0.204611525337903,0.249723732884074,0.0350938906140197,1.22047735322667,0.171514730443774,0.195061477526148,-3.77566900299292e-09,1.60747471210567e-08,-0.234882015533985,0.814300308648522,0.940757076024732
"1001","Pattern_26","Body Mass Index",0.204611525337903,0.242601492790044,0.014203670703145,1.18566875638801,0.0694177450644024,0.00817172309522748,6.89654023688859e-10,2.74550123672382e-09,0.251194213451463,0.801663958168498,0.934397457416333
"1002","Pattern_26","Celiac Disease",0.204611525337903,0.278525670879292,0.052109384332212,1.36124135929941,0.254674726881375,0.115563466177651,-3.14586077919146e-08,1.85215249680631e-08,-1.69848907399143,0.0894154931131048,0.385530549806609
"1003","Pattern_26","Coronary Artery Disease",0.204611525337903,0.335398414002763,0.04043865575251,1.63919609830812,0.197636255756992,0.000653123021541721,2.35590645909434e-10,2.88022273725466e-09,0.0817959815614787,0.934808951617297,0.979288013459795
"1004","Pattern_26","Crohn's Disease",0.204611525337903,0.331522778692405,0.0320337736169343,1.62025466622624,0.156558989353276,1.98399731149079e-05,-4.05245022751619e-09,1.86540631086665e-08,-0.21724222781435,0.828019577359671,0.946816582816432
"1005","Pattern_26","Depressive Symptoms",0.204611525337903,0.241224247622104,0.0271190878818167,1.17893773199598,0.132539395505856,0.167678670877095,3.42692620483152e-09,1.31694678949301e-09,2.60217514646192,0.0092634529722849,0.143887795073155
"1006","Pattern_26","Ever Smoked",0.204611525337903,0.234709593819741,0.0315968096727295,1.14709859785334,0.154423411000673,0.335195623098365,4.35497479687627e-09,3.17615535924297e-09,1.37114665509129,0.170329243566432,0.5041536687647
"1007","Pattern_26","Fasting Glucose",0.204611525337903,0.303739131737038,0.0413544672278062,1.4844673643649,0.202112110544663,0.0111871821484563,-2.21644172043057e-09,4.78809309066451e-09,-0.46290698164412,0.6434310429344,0.858818743669532
"1008","Pattern_26","HDL Cholesterol",0.204611525337903,0.319509244506819,0.0306582593508323,1.56154079775893,0.149836424415497,0.000525574501574764,-3.39793133066045e-09,4.25579427077514e-09,-0.798424715685697,0.424624065249184,0.728709686169568
"1009","Pattern_26","Height",0.204611525337903,0.30388466142285,0.0204882889548176,1.48517861308645,0.100132624107965,7.97474131153235e-06,-3.86855521637423e-09,4.86845766321048e-09,-0.794616177030312,0.42683680527052,0.730208117771678
"1010","Pattern_26","Inflammatory Bowel Disease",0.204611525337903,0.354676502721089,0.0270863240715534,1.73341409842561,0.132379268600936,2.13707021230534e-07,2.53561152779815e-09,1.05512381034843e-08,0.240314122658348,0.810086747464411,0.93841295514658
"1011","Pattern_26","LDL Cholesterol",0.204611525337903,0.375010599565495,0.0401850859143321,1.8327931378557,0.196396981294035,1.5195174831272e-05,-1.82575602518551e-09,4.44753919376764e-09,-0.410509260434164,0.681432411781368,0.879985271490153
"1012","Pattern_26","Systemic Lupus Erythematosus",0.204611525337903,0.390546656487834,0.0558084399420437,1.90872266771323,0.272753159187292,4.28040751221245e-06,3.25286032851952e-09,2.04962461632448e-08,0.158705174723788,0.873901161015311,0.960300915669594
"1013","Pattern_26","Multiple Sclerosis",0.204611525337903,0.6970851332446,0.256565585805431,3.40687129961721,1.25391561096927,3.21848874721664e-05,-1.80498198761175e-08,1.00741301169811e-08,-1.79170009385649,0.0731810195083634,0.359651754073435
"1014","Pattern_26","Neuroticism",0.204611525337903,0.198974795161369,0.0140484983628403,0.97245155097092,0.0686593696989457,0.68944633967204,2.20909184034379e-10,1.67244369211596e-09,0.132087666135346,0.894914951429658,0.964590653881668
"1015","Pattern_26","Primary Biliary Cirrhosis",0.204611525337903,0.403488352736282,0.0504850029438349,1.97197275212111,0.246735871112158,8.06554814937136e-06,1.67812349309654e-08,2.04640423373367e-08,0.82003519413894,0.412196044242725,0.721818650864965
"1016","Pattern_26","Rheumatoid Arthritis",0.204611525337903,0.351391743248343,0.0384422064799348,1.71736045986677,0.187878988812824,3.0838717724472e-05,6.44583465033389e-09,7.24002111665387e-09,0.89030605663661,0.373301569875805,0.691454497628798
"1017","Pattern_26","Schizophrenia",0.204611525337903,0.266327426983248,0.011174423011715,1.30162475717546,0.0546128718470827,3.36628189996382e-08,1.71730798186199e-08,6.19204969815525e-09,2.77340794337232,0.00554725327411229,0.117554320943247
"1018","Pattern_26","Subjective Well-Being",0.204611525337903,0.273916431054644,0.0446434665944411,1.3387145743735,0.218186470780252,0.121835609909127,8.02134540779114e-10,1.40205865066313e-09,0.572111972919057,0.567246118284206,0.817511501842868
"1019","Pattern_26","Triglycerides",0.204611525337903,0.297006153052255,0.0269664610249436,1.45156120879197,0.131793460707603,5.85123939555812e-05,-4.39140812355814e-09,3.72321689878366e-09,-1.17946610228181,0.238212626934345,0.576336899613276
"1020","Pattern_26","Type 1 Diabetes",0.204611525337903,0.453234284328274,0.11026499791268,2.21509655225817,0.538899251792315,0.000132395645472178,-8.12010101248247e-09,9.72836760833672e-09,-0.834682789487104,0.403896334376277,0.713863288665049
"1021","Pattern_26","Type 2 Diabetes",0.204611525337903,0.248750306918439,0.0346580093968667,1.21571991855124,0.169384443714162,0.195167903210476,-4.75531493184399e-09,3.77452563290111e-09,-1.25984438690619,0.207725503975607,0.547205276662177
"1022","Pattern_26","Ulcerative Colitis",0.204611525337903,0.353667053311552,0.0360442550775892,1.72848060600444,0.176159456404347,1.64118966120103e-05,-1.49795542888324e-10,1.01437292936061e-08,-0.0147673048592439,0.988217823679361,0.994629312049295
"1023","Pattern_26","Years of Education (EduYears)",0.204611525337903,0.260103654872076,0.0232580372673197,1.27120725209653,0.113669243357189,0.0201593872012108,3.37061466645254e-09,2.23322186323501e-09,1.50930578011175,0.131220658285526,0.444331541499917
"1024","Pattern_26","Years of Education (College)",0.204611525337903,0.248846385191036,0.0114922656826669,1.21618948287533,0.0561662675828656,0.000154074810874368,3.60869936423922e-09,1.55765721163703e-09,2.31674808634348,0.0205174584606584,0.195164542891253
"1025","Pattern_26","Savage cognition-intelligence",0.204611525337903,0.275700876812718,0.0137664600946747,1.34743571437345,0.0672809611870116,3.64592921701493e-07,1.02094308182077e-08,2.73102170958192e-09,3.73831917277972,0.000185254666417551,0.0219526068874376
"1026","Pattern_26","Tissink 2022 - Cerebellar Volume",0.204611525337903,0.356897365522734,0.0278744968311123,1.7442681439051,0.136231313388038,2.25125623178658e-09,3.18331055692661e-08,1.14101937476534e-08,2.78988300052424,0.00527270917354426,0.116353821775308
"1027","Pattern_26","Tissink 2022 - Subcortical Volume",0.204611525337903,0.348900374477351,0.0270667893173743,1.70518436779729,0.132283796197087,5.91238265608363e-09,1.3116243119166e-08,9.39978573110327e-09,1.39537681968273,0.162902237679958,0.492680434083424
"1028","Pattern_26","UKB_IDP_0021_Volume_of_left_amygdala",0.204611525337903,0.407451707834753,0.0775689237914277,1.9913428980204,0.379103394412058,0.00100543997530735,7.39169528628056e-09,6.10214993045744e-09,1.21132639651914,0.225770335965168,0.569315248879003
"1029","Pattern_26","UKB_IDP_0024_Volume_of_right_accumbens",0.204611525337903,0.346114351548951,0.0464145062271374,1.69156820945138,0.226842090886556,0.000847594589127512,3.2025737538406e-09,6.93414981012972e-09,0.46185528745891,0.644185100043684,0.858913466724912
"1030","Pattern_26","UKB_IDP_0026_Volume_of_grey_matter_in_Left_Frontal_Pole",0.204611525337903,0.296439456371017,0.0336286676157631,1.44879158630711,0.164353731102036,0.00414307363260863,9.56682962627481e-10,6.60348554240775e-09,0.144875453498556,0.884809207213925,0.960581364948613
"1031","Pattern_26","UKB_IDP_0137_IDP_T1_FAST_ROIs_L_cerebellum_I-IV",0.204611525337903,0.31512401226033,0.0277175856707125,1.54010880736031,0.135464439869351,3.91456223877385e-05,1.09434395127461e-08,8.57115973797178e-09,1.27677465445716,0.201681816136088,0.546029140887525
"1032","Pattern_26","UKB_IDP_0138_IDP_T1_FAST_ROIs_R_cerebellum_I-IV",0.204611525337903,0.323028374263102,0.0289773783009498,1.578739876601,0.141621437272878,1.31024596750723e-05,1.08994269550347e-08,8.98368723306976e-09,1.21324648468537,0.225035596552075,0.568736044492654
"1033","Pattern_26","UKB_IDP_0139_IDP_T1_FAST_ROIs_L_cerebellum_V",0.204611525337903,0.346899307214701,0.0294340341207989,1.69540453130301,0.143853255930674,3.50322005370347e-07,2.12569083046185e-08,8.60524504764131e-09,2.47022695889933,0.0135027353893999,0.164086198975785
"1034","Pattern_26","UKB_IDP_0140_IDP_T1_FAST_ROIs_R_cerebellum_V",0.204611525337903,0.326151246156929,0.029508796992373,1.59400232034003,0.144218645277392,2.09794921871509e-05,8.83235963217866e-09,8.83314001163578e-09,0.999911653222286,0.317353264419158,0.652423184548935
"1035","Pattern_26","UKB_IDP_0141_IDP_T1_FAST_ROIs_L_cerebellum_VI",0.204611525337903,0.367823827159483,0.0307539062605136,1.79766915158883,0.150303880535202,5.12272131858019e-09,2.67854342838728e-08,9.13079613421686e-09,2.93352670349267,0.00335134824106405,0.09493633109164
"1036","Pattern_26","UKB_IDP_0142_IDP_T1_FAST_ROIs_V_cerebellum_VI",0.204611525337903,0.315780041202456,0.0298475779195342,1.54331502431725,0.145874372766846,5.14855824717844e-05,1.45783879658616e-08,8.9193898537052e-09,1.63446022709789,0.10216225098788,0.400590709968198
"1037","Pattern_26","UKB_IDP_0143_IDP_T1_FAST_ROIs_R_cerebellum_VI",0.204611525337903,0.383865448228058,0.0340498097582053,1.87606953026781,0.166411983401102,3.05593750294472e-09,2.89889505620585e-08,9.21937853371493e-09,3.14434974722503,0.00166456366692767,0.062349673594311
"1038","Pattern_26","UKB_IDP_0144_IDP_T1_FAST_ROIs_L_cerebellum_crus_I",0.204611525337903,0.299045718264745,0.022432330645927,1.46152919671016,0.109633758943351,1.31111728027685e-05,2.13818513354902e-08,1.08296926795221e-08,1.97437286248402,0.0483393614294866,0.299019706604461
"1039","Pattern_26","UKB_IDP_0145_IDP_T1_FAST_ROIs_V_cerebellum_crus_I",0.204611525337903,0.310191368640228,0.0609471019913841,1.51600144775797,0.297867394765441,0.0672424639606092,6.20644610763059e-09,6.23880775893985e-09,0.994812846851565,0.319827296844006,0.655676770408521
"1040","Pattern_26","UKB_IDP_0146_IDP_T1_FAST_ROIs_R_cerebellum_crus_I",0.204611525337903,0.33439923330208,0.0246245848705909,1.63431279225274,0.120347985432028,5.94358133189041e-08,3.44240973685043e-08,1.18372924546267e-08,2.90810567538605,0.00363625438322886,0.0952177920055414
"1041","Pattern_26","UKB_IDP_0147_IDP_T1_FAST_ROIs_L_cerebellum_crus_II",0.204611525337903,0.311995869708138,0.0271208971745306,1.52482060427875,0.132548238080637,1.91134661525376e-05,1.94321037492502e-08,9.92965935321792e-09,1.95697586976665,0.0503503054301381,0.301435737992978
"1042","Pattern_26","UKB_IDP_0148_IDP_T1_FAST_ROIs_V_cerebellum_crus_II",0.204611525337903,0.312188989890534,0.0284588428765118,1.52576444252089,0.139087193790838,0.000100942537705463,1.79067207044081e-08,8.17890919975579e-09,2.18937761345275,0.0285694053931796,0.229409678060251
"1043","Pattern_26","UKB_IDP_0149_IDP_T1_FAST_ROIs_R_cerebellum_crus_II",0.204611525337903,0.320064118042591,0.0305109746840062,1.56425263686405,0.149116598557287,1.02598859368222e-06,2.60231216713176e-08,1.07489882886957e-08,2.42098334953859,0.015478586243007,0.171554330859995
"1044","Pattern_26","UKB_IDP_0150_IDP_T1_FAST_ROIs_L_cerebellum_VIIb",0.204611525337903,0.303142854590627,0.0303651536572548,1.48155317297012,0.14840392596218,0.000278378329646843,1.36387296907947e-08,1.0236969017028e-08,1.33230155020576,0.182761117955698,0.52287126958669
"1045","Pattern_26","UKB_IDP_0151_IDP_T1_FAST_ROIs_V_cerebellum_VIIb",0.204611525337903,0.33539835380257,0.0285204585303543,1.6391958040911,0.139388328605901,1.50441058706894e-07,2.73906224900066e-08,7.85465765764647e-09,3.48718221517165,0.000488138654514959,0.0365209733576596
"1046","Pattern_26","UKB_IDP_0152_IDP_T1_FAST_ROIs_R_cerebellum_VIIb",0.204611525337903,0.300478774537028,0.0287549108063466,1.46853298728313,0.140534169611705,0.000148158144365946,1.87897524779038e-08,1.08065164466734e-08,1.73874278271125,0.0820800170111432,0.378065532899811
"1047","Pattern_26","UKB_IDP_0153_IDP_T1_FAST_ROIs_L_cerebellum_VIIIa",0.204611525337903,0.31606914708338,0.0295102108193483,1.54472797444529,0.144225555088425,6.68929814852704e-05,1.74055973405233e-08,1.08763053740862e-08,1.60032260421758,0.109527034809276,0.406760087389423
"1048","Pattern_26","UKB_IDP_0154_IDP_T1_FAST_ROIs_V_cerebellum_VIIIa",0.204611525337903,0.305767854892676,0.0242168810750452,1.49438236378777,0.11835541050316,1.42781506060429e-05,1.42140550626665e-08,9.8947551536336e-09,1.43652418296038,0.150853240097307,0.476284413838381
"1049","Pattern_26","UKB_IDP_0155_IDP_T1_FAST_ROIs_R_cerebellum_VIIIa",0.204611525337903,0.28507656815254,0.0275074762560365,1.3932576265279,0.134437569978571,0.00165697788171926,9.93825977072468e-09,9.11479912681648e-09,1.09034325742687,0.275561966927435,0.61039660344204
"1050","Pattern_26","UKB_IDP_0156_IDP_T1_FAST_ROIs_L_cerebellum_VIIIb",0.204611525337903,0.294326891315504,0.0266128880720753,1.43846682550967,0.130065439999657,0.000540900099481663,7.02321713722025e-09,9.59187272790322e-09,0.732204996505987,0.464043455121648,0.756716967989538
"1051","Pattern_26","UKB_IDP_0157_IDP_T1_FAST_ROIs_V_cerebellum_VIIIb",0.204611525337903,0.309270441447795,0.0247763611767376,1.51150059087363,0.121089763325018,5.73447047071225e-05,2.08099607142984e-08,1.254629857263e-08,1.65865339437208,0.0971856557974184,0.393715696920838
"1052","Pattern_26","UKB_IDP_0158_IDP_T1_FAST_ROIs_R_cerebellum_VIIIb",0.204611525337903,0.253435191814998,0.0284934705012088,1.23861640441058,0.139256429735098,0.0825489022447757,-2.53824729886244e-09,7.70840551655714e-09,-0.329283052560021,0.741941752617302,0.909476987079274
"1053","Pattern_26","UKB_IDP_0159_IDP_T1_FAST_ROIs_L_cerebellum_IX",0.204611525337903,0.30594208029614,0.0273571450399298,1.49523385738363,0.13370285468891,0.000251769218983019,1.33536185630829e-08,1.30564365073961e-08,1.02276134499015,0.306420698720594,0.643598313947519
"1054","Pattern_26","UKB_IDP_0160_IDP_T1_FAST_ROIs_V_cerebellum_IX",0.204611525337903,0.324835286877892,0.0319941669063995,1.5875708190995,0.156365419071889,4.20943387022387e-05,1.48198507144741e-08,1.09479266824112e-08,1.35366733303791,0.175842534567509,0.51329617772244
"1055","Pattern_26","UKB_IDP_0161_IDP_T1_FAST_ROIs_R_cerebellum_IX",0.204611525337903,0.30482648577853,0.026679178800263,1.48978160089041,0.130389423353372,0.000127702364788681,1.0451056044306e-08,1.15227514474354e-08,0.906993098999122,0.364410446596889,0.685040132825248
"1056","Pattern_26","UKB_IDP_0162_IDP_T1_FAST_ROIs_L_cerebellum_X",0.204611525337903,0.33063691089125,0.0331633662006024,1.61592515546338,0.16207965873787,4.72921742330086e-05,1.97404150588201e-08,9.18536935215937e-09,2.14911500038693,0.0316252849578894,0.237804262863564
"1057","Pattern_26","UKB_IDP_0163_IDP_T1_FAST_ROIs_V_cerebellum_X",0.204611525337903,0.311545925635106,0.0297515145631399,1.5226215880098,0.145404881342863,8.8045757257161e-05,6.2392722312312e-09,7.42488934975363e-09,0.840318547163027,0.400729804966147,0.711379299587359
"1058","Pattern_26","UKB_IDP_0164_IDP_T1_FAST_ROIs_R_cerebellum_X",0.204611525337903,0.333600551262152,0.036603838860725,1.63040938535223,0.178894315949583,0.000430649033637236,1.39584981541845e-08,9.89750361132285e-09,1.41030493166134,0.158449662953127,0.488577512475992
"1059","Pattern_26","UKB_IDP_0193_aseg_lh_volume_Cerebellum-White-Matter",0.204611525337903,0.320529121049604,0.0291699938598747,1.56652525081503,0.142562809263566,1.20557466815773e-05,-2.74140740407859e-09,8.64430316431805e-09,-0.317134574293342,0.751141491379367,0.916005211263778
"1060","Pattern_26","UKB_IDP_0194_aseg_lh_volume_Cerebellum-Cortex",0.204611525337903,0.339702475368247,0.0272718858049359,1.66023138143,0.133286166357922,3.65447826605374e-08,2.1884698196458e-08,9.85261136778256e-09,2.22120789905706,0.0263368834394943,0.220111516463595
"1061","Pattern_26","UKB_IDP_0210_aseg_rh_volume_Cerebellum-White-Matter",0.204611525337903,0.338750986594015,0.0326644422176681,1.65558116061443,0.159641262454424,2.76058043221499e-06,3.29703731720783e-09,8.82752502535674e-09,0.373495097180378,0.708779993656966,0.89742729074357
"1062","Pattern_26","UKB_IDP_0211_aseg_rh_volume_Cerebellum-Cortex",0.204611525337903,0.345799208034651,0.02791194642096,1.6900280053315,0.136414341151434,2.76086830595861e-09,2.55702441846583e-08,9.99322326651846e-09,2.55875842085201,0.0105046712212976,0.148200141090554
"1063","Pattern_26","UKB_IDP_0434_Volume_of_V1_in_the_right_hemisphere",0.204611525337903,0.305032697920915,0.0293412827933957,1.49078942360247,0.143399951419845,0.000341445242008556,1.3030957302276e-08,9.06047550405972e-09,1.43822002459332,0.15037163526494,0.476284413838381
"1064","Pattern_26","UKB_IDP_0442_Volume_of_entorhinal_in_the_left_hemisphere_DKT_parcellation",0.204611525337903,0.30248924449426,0.038646302725965,1.47835877766279,0.188876470482995,0.00759664609159653,8.75989264207293e-09,6.87305415777386e-09,1.27452693387625,0.202476733537465,0.547205276662177
"1065","Pattern_28","Demontis 2023 -  Attention Deficit Hyperactivity Disorder",0.203638905272716,0.224449045579761,0.0156593607704827,1.1021913778174,0.0768976868615133,0.186220308417082,1.78136650818759e-09,1.6102712220693e-09,1.10625246466147,0.268617260254127,0.606403819107296
"1066","Pattern_28","Grove 2019  - Autism Spectrum Disorder",0.203638905272716,0.214899978585781,0.0277794964066022,1.05529922338752,0.136415467218308,0.684863683558957,1.02289541551548e-09,5.64745039877927e-09,0.181125170348834,0.856269328257596,0.953526292210817
"1067","Pattern_28","Chambers_total_cerebellar_volume",0.203638905272716,0.285618910499001,0.0218463004202357,1.40257535816399,0.107279600580149,2.26999519114048e-05,5.55892009495305e-09,8.67794415351828e-09,0.640580302962575,0.521795400266218,0.791997583285671
"1068","Pattern_28","Davies reaction time",0.203638905272716,0.251874301561055,0.011730460235741,1.23686729323035,0.0576042196849931,6.72891862410394e-05,3.77355234587451e-09,1.12876181932176e-09,3.34308999585221,0.000828510256436803,0.0424701564478455
"1069","Pattern_28","Gui_age_onset_walking",0.203638905272716,0.228315345863979,0.0168896632207951,1.12117743688622,0.082939275273437,0.142215171659245,7.2449418186111e-09,4.1565153806805e-09,1.74303260184856,0.0813279201820416,0.376236423354744
"1070","Pattern_28","Huang_neurodev_disorders",0.203638905272716,0.0798184602529135,0.162125771563102,0.391960760867476,0.796143405632542,0.345267631005835,-7.41882153066218e-09,6.35709110747498e-09,-1.16701513400347,0.243204257876443,0.579550571960886
"1071","Pattern_28","Lee_cognitive_performance",0.203638905272716,0.246732901439008,0.00991535869414564,1.21161966132445,0.048690885864206,1.47786573477998e-05,1.11466127511861e-09,4.37698817169471e-10,2.54663990715567,0.0108765602538982,0.148200141090554
"1072","Pattern_28","Lee_educ_attainment",0.203638905272716,0.238427500583153,0.00797297742870407,1.17083471974006,0.0391525254863581,1.86484746112779e-05,2.24326888245266e-09,6.00168819238335e-10,3.73772980292372,0.000185689343972687,0.0219526068874376
"1073","Pattern_28","Alzheimer's Disease",0.203638905272716,0.397820829619682,0.0773607174991528,1.95356004829684,0.379891639053699,0.010451743578501,2.26638909123704e-09,4.29353369547858e-09,0.527861023572197,0.597595798767121,0.829788911821358
"1074","Pattern_28","Anorexia Nervosa",0.203638905272716,0.181757748201151,0.025501809878032,0.892549230500619,0.125230539045963,0.388045074617631,-2.89696788327605e-09,6.32705095770098e-09,-0.457870167735887,0.647045720707672,0.861647868376675
"1075","Pattern_28","Autism Spectrum Disorder",0.203638905272716,0.196730881918895,0.0256162170114566,0.966077094430606,0.125792352778321,0.787180243610645,6.10931924894947e-09,1.87954662998099e-08,0.325042175144718,0.74514915208985,0.911645123047789
"1076","Pattern_28","Bipolar Disorder",0.203638905272716,0.248589524898247,0.0336959819060041,1.22073689487445,0.165469274453612,0.187163987637961,-1.7699866064859e-09,1.52073860189135e-08,-0.116389930806291,0.907343515210857,0.968581984917567
"1077","Pattern_28","Body Mass Index",0.203638905272716,0.253777575267875,0.0147312052457731,1.24621360995834,0.0723398371546189,0.00120160158453396,3.77458714459947e-09,2.75662926560264e-09,1.36927630846083,0.170912920760086,0.5051426324687
"1078","Pattern_28","Celiac Disease",0.203638905272716,0.264814282326791,0.0475605801144348,1.30041104852802,0.233553505165141,0.172493617239504,-2.65139159614649e-08,1.69989155811869e-08,-1.55974161027121,0.118820954759941,0.426392903421845
"1079","Pattern_28","Coronary Artery Disease",0.203638905272716,0.32435039234221,0.0455852870518329,1.59277222546367,0.223853526372009,0.00852947445801917,9.88872869930114e-11,3.71285810057588e-09,0.026633737221919,0.978751864385778,0.992756358335072
"1080","Pattern_28","Crohn's Disease",0.203638905272716,0.306040144381248,0.026967191249853,1.50285695148182,0.132426518467766,9.59110080893608e-05,-8.3850413288623e-09,1.35807696345369e-08,-0.617420187110643,0.536957610160763,0.796499146450718
"1081","Pattern_28","Depressive Symptoms",0.203638905272716,0.21009047232132,0.0289401395584714,1.03168140704726,0.142114982987727,0.82321258931457,1.96884717788922e-09,1.37398971407313e-09,1.43294171544608,0.151874494530772,0.478090124795094
"1082","Pattern_28","Ever Smoked",0.203638905272716,0.222149536715483,0.0287500481118814,1.09089928772686,0.141181509856277,0.517152161684213,3.36632306318589e-09,2.8575235278961e-09,1.17805611408715,0.238774236235966,0.576336899613276
"1083","Pattern_28","Fasting Glucose",0.203638905272716,0.255959644890251,0.048597837828991,1.25692899668394,0.238647117867326,0.277646947241058,-7.19080699327075e-09,4.84174985035579e-09,-1.48516697795578,0.137499597172873,0.457901631899645
"1084","Pattern_28","HDL Cholesterol",0.203638905272716,0.33836942647009,0.0370496292124008,1.66161483738552,0.181937872641691,0.00117893455017467,1.72364767119e-09,4.91962354897024e-09,0.350361700246513,0.72606726578405,0.903636929502467
"1085","Pattern_28","Height",0.203638905272716,0.246351648116,0.0176510073898335,1.2097474585521,0.0866779722970671,0.017858709592154,-1.57188290749754e-08,3.87980981705998e-09,-4.05144319339002,5.09026854016268e-05,0.0153033352089234
"1086","Pattern_28","Inflammatory Bowel Disease",0.203638905272716,0.304700817789017,0.026705001113462,1.49627998334089,0.131138993689337,0.000596376537817663,-1.22236213539563e-08,1.0035801941242e-08,-1.21800145374766,0.223223420304475,0.56743325668097
"1087","Pattern_28","LDL Cholesterol",0.203638905272716,0.325763801428144,0.0449305958326669,1.59971298702415,0.220638564976056,0.00722664874595767,-5.72214983528842e-09,4.26564979584847e-09,-1.34144857387437,0.179774855859539,0.520491011250475
"1088","Pattern_28","Systemic Lupus Erythematosus",0.203638905272716,0.310120645482242,0.0471109120155502,1.52289487643299,0.231345341168765,0.00925495293683253,-3.60541362205694e-08,1.99075524430363e-08,-1.8110782992402,0.0701287321758765,0.352798917423795
"1089","Pattern_28","Multiple Sclerosis",0.203638905272716,0.657665865793507,0.234857576212576,3.22956885332276,1.1533040599391,8.22391839747447e-05,-1.37954717551309e-08,9.52676300127728e-09,-1.44807546417196,0.147595946646602,0.470890816287811
"1090","Pattern_28","Neuroticism",0.203638905272716,0.203292943874971,0.0154069465790191,0.998301103626142,0.0756581683563164,0.981857177024388,1.12235432746197e-09,1.94474781079001e-09,0.577120756344255,0.563857883679298,0.816549724806935
"1091","Pattern_28","Primary Biliary Cirrhosis",0.203638905272716,0.351712425163433,0.0464528258101562,1.72713767387629,0.228113708173524,0.000305524010590934,-6.06952178613339e-09,2.02377452387676e-08,-0.299910969059268,0.764245067160924,0.918790292361247
"1092","Pattern_28","Rheumatoid Arthritis",0.203638905272716,0.266308413490412,0.0340664073255026,1.30774820820102,0.167288305149158,0.0622671208163299,-9.6193941789088e-09,6.48912463680385e-09,-1.48238702711168,0.138237343814922,0.458922102399617
"1093","Pattern_28","Schizophrenia",0.203638905272716,0.253998451019083,0.012287109763906,1.24729825412745,0.0603377323574344,5.76161932170993e-05,1.54997158463432e-08,6.30480768112048e-09,2.45839629537892,0.0139559076758684,0.164989841856934
"1094","Pattern_28","Subjective Well-Being",0.203638905272716,0.249564410410756,0.0389006064976096,1.22552421933587,0.191027379790288,0.234871540926126,8.99049345944198e-11,1.14772164840057e-09,0.0783333961851363,0.93756285275632,0.980615404826539
"1095","Pattern_28","Triglycerides",0.203638905272716,0.308967940762762,0.0390556840168465,1.51723434355036,0.191788911674528,0.00535250135295022,-1.04357608246649e-09,4.63455779012774e-09,-0.225172741332399,0.821844894210307,0.945855021568164
"1096","Pattern_28","Type 1 Diabetes",0.203638905272716,0.429623713056118,0.104174497094443,2.10973297308175,0.511564806120576,0.00308113672983662,-8.14747494739846e-09,9.49383497546305e-09,-0.858185861504411,0.390789841799436,0.705344175868702
"1097","Pattern_28","Type 2 Diabetes",0.203638905272716,0.244089660472383,0.0371655790063402,1.19863962215617,0.182507261844526,0.277637187998408,-2.9889867459552e-09,4.07936826315382e-09,-0.732708241359991,0.463736396360982,0.756716967989538
"1098","Pattern_28","Ulcerative Colitis",0.203638905272716,0.307175193211661,0.0383307258973403,1.50843078241993,0.188228893913996,0.0107446133319695,-1.26678076362248e-08,1.08285439815299e-08,-1.16985327462603,0.242060020174922,0.578757938433515
"1099","Pattern_28","Years of Education (EduYears)",0.203638905272716,0.227235196903844,0.0235383292280615,1.11587320016049,0.115588566912293,0.31681676533141,9.44745024650923e-10,2.25282593007657e-09,0.419359974527109,0.674953071341622,0.878471031079493
"1100","Pattern_28","Years of Education (College)",0.203638905272716,0.23149225031731,0.00969353897485735,1.13677811225361,0.0476016061954156,0.00389590094925449,2.43424715109517e-09,1.17584533200398e-09,2.07021032855275,0.0384326524680125,0.264675354213368
"1101","Pattern_28","Savage cognition-intelligence",0.203638905272716,0.24073165295276,0.0131874233581764,1.18214961247395,0.0647588600052414,0.00566584342766076,4.10049956017036e-09,2.66034617543735e-09,1.54134059620879,0.123233913479834,0.4339160688795
"1102","Pattern_28","Tissink 2022 - Cerebellar Volume",0.203638905272716,0.28397331552544,0.0261045137729965,1.39449441227912,0.128190208732644,0.00145618310738378,-1.43609434445775e-10,1.05674826365023e-08,-0.01358974879691,0.989157282991912,0.994629312049295
"1103","Pattern_28","Tissink 2022 - Subcortical Volume",0.203638905272716,0.26775264030141,0.0250144180222835,1.31484030491537,0.122837126769975,0.0101554534829566,-1.40621949155371e-08,8.74513625757729e-09,-1.60800180824545,0.107834782750833,0.40400073537636
"1104","Pattern_28","UKB_IDP_0021_Volume_of_left_amygdala",0.203638905272716,0.312343176534044,0.0673007067661265,1.53380895519817,0.330490417221585,0.0957413794672742,-1.28768920726709e-09,6.56191150393515e-09,-0.196236905434471,0.844424743224691,0.951263024659684
"1105","Pattern_28","UKB_IDP_0024_Volume_of_right_accumbens",0.203638905272716,0.232154323636815,0.0409804302819538,1.1400293245827,0.201240672685174,0.485982725289883,-1.51031201594587e-08,6.46476822782738e-09,-2.33621989639904,0.0194797838542357,0.193705514214082
"1106","Pattern_28","UKB_IDP_0026_Volume_of_grey_matter_in_Left_Frontal_Pole",0.203638905272716,0.241166162626588,0.0298328600267011,1.18428333870493,0.146498823428404,0.218572564075679,-9.79687603679853e-09,6.20794412543348e-09,-1.57811923542634,0.114538219954387,0.417628424865738
"1107","Pattern_28","UKB_IDP_0137_IDP_T1_FAST_ROIs_L_cerebellum_I-IV",0.203638905272716,0.27700494233771,0.0250602402738885,1.36027514961712,0.12306214394704,0.00277483385529022,2.25152413677902e-09,7.720201036263e-09,0.291640609642581,0.770561422508731,0.919404250616361
"1108","Pattern_28","UKB_IDP_0138_IDP_T1_FAST_ROIs_R_cerebellum_I-IV",0.203638905272716,0.255962839297986,0.0244185047967688,1.25694468331186,0.119910803704564,0.0285186867440622,-8.7749620343384e-09,7.90276244973981e-09,-1.11036641809059,0.266841163058157,0.604394118054464
"1109","Pattern_28","UKB_IDP_0139_IDP_T1_FAST_ROIs_L_cerebellum_V",0.203638905272716,0.279558225442137,0.0280198938817997,1.37281343694001,0.137595975799787,0.00691855160222928,4.7920312628547e-09,8.25933485347735e-09,0.580195784269136,0.561782596236223,0.816515351117533
"1110","Pattern_28","UKB_IDP_0140_IDP_T1_FAST_ROIs_R_cerebellum_V",0.203638905272716,0.262112767215177,0.027537067024992,1.28714484525515,0.135224980649518,0.0345920540461184,-5.58633883546186e-09,8.15479237188772e-09,-0.685037531393176,0.493320237888951,0.774178072439297
"1111","Pattern_28","UKB_IDP_0141_IDP_T1_FAST_ROIs_L_cerebellum_VI",0.203638905272716,0.307289564293693,0.0258844615362394,1.50899241911641,0.127109608557239,2.84506858918065e-05,9.94517138227826e-09,8.03780990776639e-09,1.23729865428503,0.215976227289818,0.555977725605847
"1112","Pattern_28","UKB_IDP_0142_IDP_T1_FAST_ROIs_V_cerebellum_VI",0.203638905272716,0.24756979489229,0.0248847720764842,1.21572935466699,0.122200480517995,0.0716806982764787,-5.18812562461771e-09,7.71348216938172e-09,-0.672604863885175,0.501198706532217,0.780010784724623
"1113","Pattern_28","UKB_IDP_0143_IDP_T1_FAST_ROIs_R_cerebellum_VI",0.203638905272716,0.301209875330211,0.0281512271641627,1.47913717630149,0.138240907976117,0.000342802419163187,6.66985115909578e-09,8.1327299627218e-09,0.82012450796578,0.412145132200683,0.721818650864965
"1114","Pattern_28","UKB_IDP_0144_IDP_T1_FAST_ROIs_L_cerebellum_crus_I",0.203638905272716,0.245375291833257,0.0216074281021145,1.20495291164843,0.106106581515833,0.0562344022507339,2.25906969654925e-09,1.02526718946198e-08,0.220339607057426,0.825606676059471,0.946521445908324
"1115","Pattern_28","UKB_IDP_0145_IDP_T1_FAST_ROIs_V_cerebellum_crus_I",0.203638905272716,0.327468255045255,0.069037626834128,1.60808296728322,0.339019828954943,0.043436304041239,1.01263230276864e-08,6.19013426936083e-09,1.63588099822138,0.101864495580227,0.400590709968198
"1116","Pattern_28","UKB_IDP_0146_IDP_T1_FAST_ROIs_R_cerebellum_crus_I",0.203638905272716,0.260853636353269,0.0229190879353984,1.28096169051749,0.112547687804081,0.0139588868992162,6.46182711484071e-09,1.11846663068565e-08,0.577739821426719,0.563439789726008,0.816549724806935
"1117","Pattern_28","UKB_IDP_0147_IDP_T1_FAST_ROIs_L_cerebellum_crus_II",0.203638905272716,0.247949210951854,0.0254547167942798,1.21759253527609,0.124999281253209,0.0772390836859976,-2.86427933963386e-09,9.94651154720856e-09,-0.287968231478875,0.773371056674477,0.919404250616361
"1118","Pattern_28","UKB_IDP_0148_IDP_T1_FAST_ROIs_V_cerebellum_crus_II",0.203638905272716,0.293185569139971,0.0308580650217363,1.43973259307858,0.15153324940738,0.0044119417837656,1.57506881965225e-08,8.99489001761641e-09,1.75107068187326,0.079933735615619,0.373024099539555
"1119","Pattern_28","UKB_IDP_0149_IDP_T1_FAST_ROIs_R_cerebellum_crus_II",0.203638905272716,0.246057695987515,0.0253200131038126,1.20830396165208,0.124337798172229,0.066395078728011,-3.87291323320805e-09,1.06634333390374e-08,-0.363195709118358,0.716458692729074,0.900014225577019
"1120","Pattern_28","UKB_IDP_0150_IDP_T1_FAST_ROIs_L_cerebellum_VIIb",0.203638905272716,0.256411382092158,0.0277516566176375,1.25914732132727,0.136278755675258,0.045311504372616,1.43474820350764e-09,9.74915543438634e-09,0.147166409763776,0.883000673000123,0.960300915669594
"1121","Pattern_28","UKB_IDP_0151_IDP_T1_FAST_ROIs_V_cerebellum_VIIb",0.203638905272716,0.271725021940676,0.0255458922467741,1.33434729270803,0.125447012262037,0.00519983114457827,8.50098781575715e-09,7.78991159992299e-09,1.09128167973577,0.275148956515181,0.61039660344204
"1122","Pattern_28","UKB_IDP_0152_IDP_T1_FAST_ROIs_R_cerebellum_VIIb",0.203638905272716,0.240015516194769,0.0258416367871293,1.17863291335876,0.126899311074777,0.141102491809559,-2.47124366977294e-09,1.05223920225455e-08,-0.234855692933508,0.814320739679303,0.940757076024732
"1123","Pattern_28","UKB_IDP_0153_IDP_T1_FAST_ROIs_L_cerebellum_VIIIa",0.203638905272716,0.271891580008597,0.0281666547112811,1.33516520158305,0.138316667306574,0.0131320173252561,4.86623948669805e-09,9.84004644106912e-09,0.494534199187106,0.620928959914246,0.843901418742798
"1124","Pattern_28","UKB_IDP_0154_IDP_T1_FAST_ROIs_V_cerebellum_VIIIa",0.203638905272716,0.292009670841153,0.0275208646984612,1.43395816457612,0.13514541664622,0.00114186735952065,1.44189712687887e-08,1.06966159740301e-08,1.34799373033452,0.17766039914699,0.51748734088221
"1125","Pattern_28","UKB_IDP_0155_IDP_T1_FAST_ROIs_R_cerebellum_VIIIa",0.203638905272716,0.241328502996472,0.0265664786042621,1.18508053592845,0.130458757714711,0.144764099265975,-1.89275505550503e-09,8.80763729897402e-09,-0.214899296060422,0.82984583373257,0.947003702164907
"1126","Pattern_28","UKB_IDP_0156_IDP_T1_FAST_ROIs_L_cerebellum_VIIIb",0.203638905272716,0.279902669748822,0.0258134911768167,1.37450488340611,0.126761097749209,0.00303889407300544,5.32190218516618e-09,8.96663831631502e-09,0.593522566365016,0.552831485296523,0.810210331068183
"1127","Pattern_28","UKB_IDP_0157_IDP_T1_FAST_ROIs_V_cerebellum_VIIIb",0.203638905272716,0.288876005123992,0.02798691063045,1.41856981963798,0.137434006497774,0.00371368379112558,1.56927612530838e-08,1.33105986384779e-08,1.17896735370861,0.238411175694499,0.576336899613276
"1128","Pattern_28","UKB_IDP_0158_IDP_T1_FAST_ROIs_R_cerebellum_VIIIb",0.203638905272716,0.243136703601951,0.0277783298097463,1.19395998164663,0.136409738465964,0.149949042190133,-3.55094534853262e-09,7.47240884960867e-09,-0.475207582989598,0.634639022739488,0.853134453815307
"1129","Pattern_28","UKB_IDP_0159_IDP_T1_FAST_ROIs_L_cerebellum_IX",0.203638905272716,0.281837590650513,0.0276902531303051,1.38400660852636,0.135977224456309,0.00512415142925172,6.30748366018116e-09,1.23072204598594e-08,0.512502695531725,0.608299234273447,0.838825481303809
"1130","Pattern_28","UKB_IDP_0160_IDP_T1_FAST_ROIs_V_cerebellum_IX",0.203638905272716,0.285389979227424,0.0297809441607634,1.40145115612965,0.146243882625868,0.00327151496526606,2.46447419722706e-09,1.0144788141445e-08,0.242930080240791,0.808059562775534,0.937701357858788
"1131","Pattern_28","UKB_IDP_0161_IDP_T1_FAST_ROIs_R_cerebellum_IX",0.203638905272716,0.280023742924021,0.0259887692589742,1.37509943175647,0.127621827588249,0.00285312392054375,3.44610005880603e-09,1.05317962268917e-08,0.327209146907611,0.743509703120496,0.91087429374808
"1132","Pattern_28","UKB_IDP_0162_IDP_T1_FAST_ROIs_L_cerebellum_X",0.203638905272716,0.257561156567597,0.0266513706737087,1.26479346479823,0.130875633209759,0.0438358565146254,3.34463680512688e-10,7.93884019763176e-09,0.0421300432035981,0.966395030412983,0.9907849285027
"1133","Pattern_28","UKB_IDP_0163_IDP_T1_FAST_ROIs_V_cerebellum_X",0.203638905272716,0.253611172999169,0.0286224104668881,1.24539646615921,0.140554725672664,0.0795068054522828,-5.22398735100209e-09,7.22385576277449e-09,-0.72315775986586,0.469582966600436,0.758173408896606
"1134","Pattern_28","UKB_IDP_0164_IDP_T1_FAST_ROIs_R_cerebellum_X",0.203638905272716,0.277520132595393,0.0316318469614742,1.36280507019882,0.155333024006942,0.0240042904508379,2.91103488133931e-09,8.23788129786757e-09,0.353371792586141,0.723809729748303,0.903636929502467
"1135","Pattern_28","UKB_IDP_0193_aseg_lh_volume_Cerebellum-White-Matter",0.203638905272716,0.29754061958168,0.0272443296599734,1.46111873457191,0.13378744903135,0.000369268922365112,-3.24330312208685e-09,8.41462297865285e-09,-0.385436534746099,0.699914018728831,0.89186648614069
"1136","Pattern_28","UKB_IDP_0194_aseg_lh_volume_Cerebellum-Cortex",0.203638905272716,0.259625533265288,0.0241223191652569,1.27493090241079,0.118456338846214,0.015457480197694,-8.5178048303261e-09,8.9243489037852e-09,-0.954445520021447,0.339858173917367,0.667175455808263
"1137","Pattern_28","UKB_IDP_0210_aseg_rh_volume_Cerebellum-White-Matter",0.203638905272716,0.291166590609669,0.0304107999117098,1.42981809011267,0.149336885655437,0.00299488907863203,-6.06033243996007e-09,8.47406508640218e-09,-0.715162366369444,0.474508720436361,0.760357347205253
"1138","Pattern_28","UKB_IDP_0211_aseg_rh_volume_Cerebellum-Cortex",0.203638905272716,0.277244418922235,0.0244348560132512,1.36145113602406,0.119991098854748,0.00102793416791252,-6.77943083515228e-10,9.1524630381398e-09,-0.0740722011867329,0.940952934719102,0.980932794945408
"1139","Pattern_28","UKB_IDP_0434_Volume_of_V1_in_the_right_hemisphere",0.203638905272716,0.255770623608337,0.0273223572722746,1.25600077875987,0.134170615559361,0.0511741830200513,1.38382547681734e-09,7.64342044135811e-09,0.181047933635777,0.856329952046922,0.953526292210817
"1140","Pattern_28","UKB_IDP_0442_Volume_of_entorhinal_in_the_left_hemisphere_DKT_parcellation",0.203638905272716,0.306770937390843,0.0386834105992796,1.50644562236284,0.189960806101734,0.00451725500564018,1.25694519635166e-08,6.78248491439656e-09,1.85322225145485,0.0638505096014866,0.335491072671515
"1141","Pattern_19","Demontis 2023 -  Attention Deficit Hyperactivity Disorder",0.222409481945918,0.253909318711359,0.0141809784926259,1.14162991833729,0.06376067408886,0.0305126164165293,2.85050663978993e-09,1.4622447147375e-09,1.94940464551561,0.0512471201962007,0.302088287472341
"1142","Pattern_19","Grove 2019  - Autism Spectrum Disorder",0.222409481945918,0.267168522210783,0.0255582383182526,1.20124609739322,0.114915236952296,0.0931123473313319,7.85973169787489e-09,4.65852540652098e-09,1.68717158585695,0.0915703633204186,0.385530549806609
"1143","Pattern_19","Chambers_total_cerebellar_volume",0.222409481945918,0.332862712987367,0.0229786442014767,1.49662105264157,0.103316837036041,9.3354993727174e-07,1.73638189745262e-08,9.21436444311682e-09,1.88442936913539,0.059506920333027,0.325528859816662
"1144","Pattern_19","Davies reaction time",0.222409481945918,0.27138572133366,0.0138411785942985,1.22020751525176,0.0622328619859118,0.000482327772019142,3.33564106014035e-09,1.23318098412398e-09,2.7049079600509,0.00683233171991167,0.131584736022505
"1145","Pattern_19","Gui_age_onset_walking",0.222409481945918,0.244575378774233,0.0173537050878985,1.09966255320762,0.0780259228881182,0.201031916783525,6.3050040427886e-09,4.10716537842271e-09,1.53512300135573,0.124753617309425,0.434493776815804
"1146","Pattern_19","Huang_neurodev_disorders",0.222409481945918,0.237237095289931,0.127683714503861,1.06666808093919,0.574092945079152,0.907562590655102,-2.19569868146767e-10,5.81312958208791e-09,-0.0377713699731263,0.969869971528398,0.9907849285027
"1147","Pattern_19","Lee_cognitive_performance",0.222409481945918,0.259459497137287,0.0101529463930904,1.16658469264533,0.0456497911161865,0.000263831113976673,7.06525673290425e-10,4.17658307440438e-10,1.69163562822507,0.0907154689583418,0.385530549806609
"1148","Pattern_19","Lee_educ_attainment",0.222409481945918,0.244810310835864,0.0088096598079523,1.10071885737045,0.0396100909496946,0.0114644542962214,9.62656685804836e-10,6.15358661310512e-10,1.56438309286928,0.117727628804602,0.424706171993074
"1149","Pattern_19","Alzheimer's Disease",0.222409481945918,0.389905773125091,0.0614505751377466,1.75309869756318,0.276294763155328,0.00411192890957087,-9.52292680348191e-11,4.20788731943754e-09,-0.0226311354857164,0.981944507657447,0.992756358335072
"1150","Pattern_19","Anorexia Nervosa",0.222409481945918,0.197905904011245,0.0253411464219531,0.889826738858949,0.113939145940348,0.331472372576763,-4.75246784823034e-09,6.20651428293944e-09,-0.76572253467522,0.443841415645252,0.744157432334759
"1151","Pattern_19","Autism Spectrum Disorder",0.222409481945918,0.261520180481395,0.0246008662993106,1.17584996014238,0.110610690174138,0.106570192602013,4.2316591021481e-08,1.59399292893588e-08,2.6547539987979,0.00793662637816452,0.136539054627468
"1152","Pattern_19","Bipolar Disorder",0.222409481945918,0.270586129758092,0.0374232588000159,1.21661238266761,0.168262874732633,0.188261785188031,2.84407617143318e-09,1.52395011802514e-08,0.186625279777448,0.851954444571486,0.952552989061103
"1153","Pattern_19","Body Mass Index",0.222409481945918,0.278637289750523,0.0177381667929245,1.25281209826421,0.0797545439058111,0.00153067104743038,5.28686289916796e-09,2.91752800560909e-09,1.81210356473141,0.0699701956888765,0.352798917423795
"1154","Pattern_19","Celiac Disease",0.222409481945918,0.251007106911188,0.0484839255359529,1.12858096118503,0.217993968205647,0.544460309707992,-3.7975912451315e-08,1.66549667588466e-08,-2.28015540356113,0.0225984732536302,0.204375818058278
"1155","Pattern_19","Coronary Artery Disease",0.222409481945918,0.33716289660517,0.0422986478642343,1.51595558631424,0.190183653566172,0.00487863145299081,-9.3806106155422e-12,2.90850150424914e-09,-0.00322523835790963,0.99742663657074,0.998546746323358
"1156","Pattern_19","Crohn's Disease",0.222409481945918,0.312171185045101,0.0279756118850378,1.40358757330773,0.12578425901752,0.00108020647537802,-7.23266998127439e-09,1.644494600989e-08,-0.439811111384898,0.660073919318424,0.870283333525159
"1157","Pattern_19","Depressive Symptoms",0.222409481945918,0.239849831550724,0.0288141552866554,1.07841549493401,0.129554527237566,0.543358928843357,2.02686045159435e-09,1.20719080862051e-09,1.6789893007142,0.0931541289788998,0.385530549806609
"1158","Pattern_19","Ever Smoked",0.222409481945918,0.24636811432629,0.0317090045508178,1.1077230708455,0.142570380873097,0.444618868065992,3.73444760937303e-09,2.8386570117594e-09,1.31556845152575,0.188318928264317,0.527823349615774
"1159","Pattern_19","Fasting Glucose",0.222409481945918,0.298124962549344,0.0480600941613416,1.34043279063901,0.216088332839281,0.115962692164076,-2.96139623175275e-09,5.00157322309863e-09,-0.592092947490245,0.553788349267613,0.810588237055584
"1160","Pattern_19","HDL Cholesterol",0.222409481945918,0.349669184881715,0.0314021884293697,1.57218649952497,0.141190870796622,7.6704848218052e-05,1.01371130440877e-09,4.15693700676675e-09,0.243860155388122,0.807339129063683,0.937701357858788
"1161","Pattern_19","Height",0.222409481945918,0.29835225671616,0.01869564152425,1.34145475321375,0.0840595525005363,0.000106334077194307,-4.82128188253894e-09,4.07408950886341e-09,-1.18340106962549,0.236650233612016,0.576336899613276
"1162","Pattern_19","Inflammatory Bowel Disease",0.222409481945918,0.307979098083133,0.0267390265659107,1.38473906502791,0.12022431027654,0.00179590115411741,-1.12347890466452e-08,9.86291295864738e-09,-1.13909441295383,0.254663777560585,0.589689356527665
"1163","Pattern_19","LDL Cholesterol",0.222409481945918,0.409902795294743,0.0450637337227813,1.84300953227532,0.20261606352619,4.86035640778606e-05,3.640099294337e-09,4.19006912363813e-09,0.868744449537003,0.384986923254492,0.69961756847614
"1164","Pattern_19","Systemic Lupus Erythematosus",0.222409481945918,0.360587965862168,0.044738507143656,1.62127964467742,0.201153776144017,0.000441110282229077,-8.77931927452793e-09,1.77634553819192e-08,-0.494234881996217,0.621140307574768,0.843901418742798
"1165","Pattern_19","Multiple Sclerosis",0.222409481945918,0.6290199156148,0.21947524793057,2.82820637911361,0.986807064205732,0.000258693223780773,-1.3550234473791e-08,9.09253858202726e-09,-1.49025867215731,0.136156234594894,0.45466072599022
"1166","Pattern_19","Neuroticism",0.222409481945918,0.225273355545844,0.0152439599562707,1.01287658050758,0.0685400632333536,0.851369708067903,1.4589111854344e-09,1.5281251481953e-09,0.954706613628708,0.33972608439335,0.667175455808263
"1167","Pattern_19","Primary Biliary Cirrhosis",0.222409481945918,0.342447179687043,0.0398068162513669,1.53971483900274,0.178979852401466,0.00141430428811421,-1.42201350723038e-08,1.67071741801074e-08,-0.851139451771275,0.394691892325077,0.70818241725781
"1168","Pattern_19","Rheumatoid Arthritis",0.222409481945918,0.263430228540742,0.0321089514947186,1.18443793958748,0.144368626794996,0.193050193092677,-1.12248368213494e-08,6.12808964331696e-09,-1.83170245128361,0.0669957632691388,0.343534901775246
"1169","Pattern_19","Schizophrenia",0.222409481945918,0.270893146348925,0.0113226997697542,1.21799279409677,0.05090924933006,2.62158086849307e-05,1.21483582807651e-08,5.55266478134637e-09,2.18784291131284,0.0286810469300107,0.229409678060251
"1170","Pattern_19","Subjective Well-Being",0.222409481945918,0.296530420685677,0.0413566142889054,1.33326339367933,0.185948071669722,0.0732413638169714,1.08423986149848e-09,1.17689934093876e-09,0.921268135500553,0.356910452963871,0.678735874805289
"1171","Pattern_19","Triglycerides",0.222409481945918,0.350212718945131,0.0335671294502742,1.57463034345941,0.150924902826025,0.000148259500080512,2.97738675487341e-09,3.87276203124297e-09,0.768801886316214,0.442010928916152,0.742406407082644
"1172","Pattern_19","Type 1 Diabetes",0.222409481945918,0.439485841283445,0.102597519737833,1.97602115448617,0.461300115625379,0.00172893867450029,-3.9211473517242e-09,9.29044941067737e-09,-0.422062182182241,0.672979630616622,0.87643858871002
"1173","Pattern_19","Type 2 Diabetes",0.222409481945918,0.268835433638358,0.0375186400528729,1.20874088319548,0.168691728988407,0.21741019200584,-1.86880434257493e-09,3.85830907344163e-09,-0.484358382649722,0.628131548650415,0.847193757685312
"1174","Pattern_19","Ulcerative Colitis",0.222409481945918,0.28463609092292,0.0353543588484463,1.27978397518201,0.158960663633231,0.0797199858682056,-1.98420084423971e-08,9.48401465158505e-09,-2.09215286683271,0.0364248432337949,0.257957937694641
"1175","Pattern_19","Years of Education (EduYears)",0.222409481945918,0.259467599266338,0.0254124616291539,1.16662112152858,0.114259794172504,0.148408193856518,1.89553231747454e-09,2.12515375306096e-09,0.891950671684017,0.372419372894816,0.691454497628798
"1176","Pattern_19","Years of Education (College)",0.222409481945918,0.246840626155287,0.0123975039377688,1.10984758381529,0.0557417958501581,0.049020593469755,1.44784741817862e-09,1.41815811910487e-09,1.0209351120117,0.307285182372928,0.644239278906002
"1177","Pattern_19","Savage cognition-intelligence",0.222409481945918,0.264665565576225,0.0137757405558178,1.18999227578158,0.0619386387454808,0.00226925326734353,4.56880359802339e-09,2.50211950525218e-09,1.82597337514577,0.0678542724391324,0.346268325540704
"1178","Pattern_19","Tissink 2022 - Cerebellar Volume",0.222409481945918,0.355797834861399,0.0283425694682712,1.59974220410223,0.127434177807055,2.51511129149417e-07,2.69176140933527e-08,1.03773827383704e-08,2.59387311540749,0.00949015033774368,0.144297290811699
"1179","Pattern_19","Tissink 2022 - Subcortical Volume",0.222409481945918,0.333795674307772,0.0279596806608185,1.50081584376398,0.125712628869021,2.20252649343921e-05,4.35235517041133e-09,9.27239227937364e-09,0.469388593501712,0.63879190007679,0.856013327055044
"1180","Pattern_19","UKB_IDP_0021_Volume_of_left_amygdala",0.222409481945918,0.356397063203735,0.072712361914279,1.6024364612764,0.326930134804054,0.0406344730643736,2.22569237397897e-09,5.99843958209832e-09,0.371045226598815,0.710603846288964,0.89742729074357
"1181","Pattern_19","UKB_IDP_0024_Volume_of_right_accumbens",0.222409481945918,0.322973364893459,0.0488406434013837,1.45215645514607,0.219597847061484,0.0353816776825732,-4.84520578244577e-10,7.41370342294221e-09,-0.0653547290204778,0.947891567985269,0.982893391788414
"1182","Pattern_19","UKB_IDP_0026_Volume_of_grey_matter_in_Left_Frontal_Pole",0.222409481945918,0.290820563753366,0.0354742467391206,1.30759067108516,0.159499704908025,0.04142828147631,-1.19853831914392e-09,6.36545082506527e-09,-0.188288049359274,0.850650853041521,0.952552989061103
"1183","Pattern_19","UKB_IDP_0137_IDP_T1_FAST_ROIs_L_cerebellum_I-IV",0.222409481945918,0.316356120752749,0.0265210015152977,1.4224039280379,0.119244023605732,0.000217109075836315,8.53196887793794e-09,7.33456433671046e-09,1.16325503278147,0.24472604419511,0.579929868649436
"1184","Pattern_19","UKB_IDP_0138_IDP_T1_FAST_ROIs_R_cerebellum_I-IV",0.222409481945918,0.285728584731001,0.0271541561717066,1.28469605805961,0.122090820652644,0.0162606554314022,-5.15816768107946e-09,8.06786143193914e-09,-0.639347579850498,0.522596842262401,0.792139848430296
"1185","Pattern_19","UKB_IDP_0139_IDP_T1_FAST_ROIs_L_cerebellum_V",0.222409481945918,0.31592806575311,0.0277193285212256,1.42047930236145,0.12463195489105,0.000642025066882752,7.79328815206657e-09,7.24237843822933e-09,1.07606751270125,0.28189706370405,0.617792947025971
"1186","Pattern_19","UKB_IDP_0140_IDP_T1_FAST_ROIs_R_cerebellum_V",0.222409481945918,0.310094318091439,0.0262556572613826,1.39424954088442,0.118050979803851,0.00099725801633254,2.09624358765985e-09,7.25210613296914e-09,0.289053076337371,0.77254076116588,0.919404250616361
"1187","Pattern_19","UKB_IDP_0141_IDP_T1_FAST_ROIs_L_cerebellum_VI",0.222409481945918,0.330334450481364,0.0274545624428425,1.48525345048773,0.123441510688462,5.07136375086167e-05,9.69343592307316e-09,7.83592709557984e-09,1.23705029473042,0.216068411219942,0.555977725605847
"1188","Pattern_19","UKB_IDP_0142_IDP_T1_FAST_ROIs_V_cerebellum_VI",0.222409481945918,0.324196935859884,0.0280565756307843,1.45765788860889,0.126148289116588,0.000153196847539992,1.30441583415227e-08,7.77033658587737e-09,1.67871213780244,0.0932081592381865,0.385530549806609
"1189","Pattern_19","UKB_IDP_0143_IDP_T1_FAST_ROIs_R_cerebellum_VI",0.222409481945918,0.336016494935606,0.0287377014956455,1.51080112230697,0.129210774847421,3.85816102776446e-05,1.00957153648077e-08,7.71511062843627e-09,1.30856391450785,0.190682111106999,0.52917551289702
"1190","Pattern_19","UKB_IDP_0144_IDP_T1_FAST_ROIs_L_cerebellum_crus_I",0.222409481945918,0.263432274558857,0.0205030835065583,1.18444713891701,0.0921861933545793,0.0413086376240026,1.01507389063302e-09,8.17593571310394e-09,0.124153849327132,0.901193462337427,0.966499496965439
"1191","Pattern_19","UKB_IDP_0145_IDP_T1_FAST_ROIs_V_cerebellum_crus_I",0.222409481945918,0.281607147258619,0.0605628116860173,1.26616520480496,0.272303191195526,0.318975638871049,1.55484046601226e-09,5.77912271606673e-09,0.269044376180072,0.787895533949426,0.92699858120316
"1192","Pattern_19","UKB_IDP_0146_IDP_T1_FAST_ROIs_R_cerebellum_crus_I",0.222409481945918,0.282296749139505,0.0211737078622978,1.26926580049383,0.0952014620826572,0.00323106764205842,6.26246072231381e-09,8.33814679580346e-09,0.751061461938482,0.452615667430216,0.752473547102734
"1193","Pattern_19","UKB_IDP_0147_IDP_T1_FAST_ROIs_L_cerebellum_crus_II",0.222409481945918,0.280201433352109,0.0240439763009937,1.25984481821797,0.108106795135831,0.0200895230503168,2.59107421751699e-09,8.56397439452636e-09,0.302555110297045,0.762228928659072,0.918790292361247
"1194","Pattern_19","UKB_IDP_0148_IDP_T1_FAST_ROIs_V_cerebellum_crus_II",0.222409481945918,0.301751982587427,0.0277685507150108,1.35674063869634,0.124853268269215,0.00362258742406458,1.17740918088062e-08,7.06362811785175e-09,1.66686179005514,0.0955418902247416,0.39047846614307
"1195","Pattern_19","UKB_IDP_0149_IDP_T1_FAST_ROIs_R_cerebellum_crus_II",0.222409481945918,0.268673859061602,0.0225160670299561,1.20801440977653,0.101236992384305,0.0446933605412883,-2.34615413088058e-09,8.53950916245106e-09,-0.274741098844043,0.783515153404506,0.925331877625722
"1196","Pattern_19","UKB_IDP_0150_IDP_T1_FAST_ROIs_L_cerebellum_VIIb",0.222409481945918,0.287743787560604,0.0274408511983138,1.29375683555871,0.123379862037475,0.0176712290402719,4.56552167554218e-09,8.82563161046973e-09,0.517302542984704,0.604944979153008,0.835381515663596
"1197","Pattern_19","UKB_IDP_0151_IDP_T1_FAST_ROIs_V_cerebellum_VIIb",0.222409481945918,0.32148188368114,0.0260836009355098,1.44545044063954,0.117277378227302,3.83368484952324e-05,1.71400277153362e-08,6.96289869701045e-09,2.46162244507382,0.0138310177885616,0.164426848346699
"1198","Pattern_19","UKB_IDP_0152_IDP_T1_FAST_ROIs_R_cerebellum_VIIb",0.222409481945918,0.266167098749042,0.0255326435871365,1.19674348602531,0.114800157636018,0.09140929043582,-1.02443475533347e-09,9.42621661990412e-09,-0.108679313943444,0.913456849737788,0.971752208150284
"1199","Pattern_19","UKB_IDP_0153_IDP_T1_FAST_ROIs_L_cerebellum_VIIIa",0.222409481945918,0.298459882477246,0.0287633914894106,1.34193866136436,0.129326282484687,0.00951988333111369,5.39948650500034e-09,9.31439066679888e-09,0.579692939469116,0.562121705539091,0.816515351117533
"1200","Pattern_19","UKB_IDP_0154_IDP_T1_FAST_ROIs_V_cerebellum_VIIIa",0.222409481945918,0.304343178051872,0.0267395825246458,1.36839120072172,0.120226809984423,0.00210176773556466,9.68748598790658e-09,9.5794420871609e-09,1.01127872581332,0.311883045311005,0.647499629679823
"1201","Pattern_19","UKB_IDP_0155_IDP_T1_FAST_ROIs_R_cerebellum_VIIIa",0.222409481945918,0.267635065295611,0.0259345487031474,1.20334377362873,0.116607207913257,0.0866674961289305,-6.2223928910836e-10,8.01302877638052e-09,-0.077653444967338,0.938103727756267,0.980615404826539
"1202","Pattern_19","UKB_IDP_0156_IDP_T1_FAST_ROIs_L_cerebellum_VIIIb",0.222409481945918,0.31712308967343,0.0264758069559535,1.42585238227632,0.119040819322584,0.000422357326671497,1.12797833028033e-08,8.58934730151921e-09,1.31322938831548,0.189105663951616,0.52809359162927
"1203","Pattern_19","UKB_IDP_0157_IDP_T1_FAST_ROIs_V_cerebellum_VIIIb",0.222409481945918,0.290358625859674,0.0266192433263995,1.30551370076155,0.119685739535477,0.0127380039500883,6.82230365029814e-09,1.1007890748873e-08,0.619764840144021,0.535412619929132,0.796499146450718
"1204","Pattern_19","UKB_IDP_0158_IDP_T1_FAST_ROIs_R_cerebellum_VIIIb",0.222409481945918,0.278514600904735,0.0282287546714198,1.25226046330372,0.126922442444626,0.0476277929151011,1.20493490384623e-09,7.0073245017717e-09,0.171953632736942,0.863473981653782,0.956514504425
"1205","Pattern_19","UKB_IDP_0159_IDP_T1_FAST_ROIs_L_cerebellum_IX",0.222409481945918,0.312471982748297,0.0277679857722567,1.40494002330476,0.124850728167286,0.00167307641460577,1.06663450895339e-08,1.13841336357106e-08,0.936948337998676,0.348785132917597,0.673516598785779
"1206","Pattern_19","UKB_IDP_0160_IDP_T1_FAST_ROIs_V_cerebellum_IX",0.222409481945918,0.30508240684327,0.0273021711478333,1.37171492948063,0.122756327243603,0.00237771669063689,3.20184931978674e-09,8.74060765893248e-09,0.366318847009979,0.714127167659023,0.899395133583586
"1207","Pattern_19","UKB_IDP_0161_IDP_T1_FAST_ROIs_R_cerebellum_IX",0.222409481945918,0.307165047519081,0.0266477977498332,1.38107892177804,0.119814126253453,0.00182390155788945,7.03944596151634e-09,9.95740690615145e-09,0.706955739366997,0.479593983546445,0.76347886585647
"1208","Pattern_19","UKB_IDP_0162_IDP_T1_FAST_ROIs_L_cerebellum_X",0.222409481945918,0.272839442178485,0.0282632658635896,1.22674375117168,0.127077612052809,0.0772521915165356,-5.29641066289424e-10,7.45393599886832e-09,-0.0710552205398377,0.943353806874682,0.981342767255395
"1209","Pattern_19","UKB_IDP_0163_IDP_T1_FAST_ROIs_V_cerebellum_X",0.222409481945918,0.311130360598902,0.033452516456372,1.39890780679287,0.150409578601089,0.0052764933780711,4.13491421300485e-09,7.35963136865125e-09,0.561837136383996,0.574226987517521,0.818456148317003
"1210","Pattern_19","UKB_IDP_0164_IDP_T1_FAST_ROIs_R_cerebellum_X",0.222409481945918,0.280270731818104,0.029998025685926,1.26015639875577,0.134877458566359,0.0602160241071778,-1.21061304074858e-09,7.3541380288993e-09,-0.164616578583551,0.869245781421532,0.959416505635383
"1211","Pattern_19","UKB_IDP_0193_aseg_lh_volume_Cerebellum-White-Matter",0.222409481945918,0.336002365527747,0.0243354687709528,1.51073759350534,0.109417406839113,3.62727662158864e-06,3.67581311989359e-09,7.05973265400547e-09,0.520673133111924,0.602594493531084,0.834301289677389
"1212","Pattern_19","UKB_IDP_0194_aseg_lh_volume_Cerebellum-Cortex",0.222409481945918,0.331670387634668,0.0253759111903992,1.49126010605662,0.11409545568102,8.66995756301251e-06,1.59523710953588e-08,8.54957924207512e-09,1.86586621910612,0.0620600848656503,0.330370400174421
"1213","Pattern_19","UKB_IDP_0210_aseg_rh_volume_Cerebellum-White-Matter",0.222409481945918,0.356717033067535,0.0281326607792,1.60387511335634,0.126490384011779,9.5970906395447e-07,8.77598954791505e-09,7.05948427489922e-09,1.24314882025009,0.213812998346871,0.553676483385967
"1214","Pattern_19","UKB_IDP_0211_aseg_rh_volume_Cerebellum-Cortex",0.222409481945918,0.322208542935333,0.0252628702492616,1.4487176541047,0.113587199737305,3.08680138528756e-05,1.19308254715942e-08,8.42725565880255e-09,1.415742675272,0.156850858811932,0.485143353999697
"1215","Pattern_19","UKB_IDP_0434_Volume_of_V1_in_the_right_hemisphere",0.222409481945918,0.271259749949094,0.0292407070442492,1.2196411213037,0.131472394020321,0.0918127473057489,-3.60726793217736e-10,7.87947548764214e-09,-0.045780559097301,0.963485154154955,0.990003094177569
"1216","Pattern_19","UKB_IDP_0442_Volume_of_entorhinal_in_the_left_hemisphere_DKT_parcellation",0.222409481945918,0.230869499403883,0.0358277183882001,1.03803802510552,0.1610889880896,0.813032529555617,-6.60006064753437e-09,6.20255725654972e-09,-1.06408701678084,0.287289281828602,0.626384827593509
"1217","Pattern_27","Demontis 2023 -  Attention Deficit Hyperactivity Disorder",0.214885905605317,0.252356295407909,0.0138503755338716,1.17437341782394,0.0644545555226443,0.00727399054073211,3.39330440081893e-09,1.44341413965234e-09,2.35088759878453,0.0187286904095311,0.188946526989261
"1218","Pattern_27","Grove 2019  - Autism Spectrum Disorder",0.214885905605317,0.268358925246554,0.0279406091414723,1.24884377358584,0.1300253223345,0.0387275955992679,9.4346169332595e-09,4.78149614381831e-09,1.9731516348616,0.0484782888996893,0.299019706604461
"1219","Pattern_27","Chambers_total_cerebellar_volume",0.214885905605317,0.358697738841417,0.0258291892190547,1.66924739819949,0.120199550297614,1.89209029311133e-11,2.94126828987053e-08,8.67048548717411e-09,3.39227635433036,0.000693144915057023,0.0388161152431933
"1220","Pattern_27","Davies reaction time",0.214885905605317,0.253989445706578,0.0135902534095856,1.18197349887192,0.0632440427923966,0.00462044692597094,2.05646725056027e-09,1.22031269425767e-09,1.68519696651295,0.0919505761454167,0.385530549806609
"1221","Pattern_27","Gui_age_onset_walking",0.214885905605317,0.260182162463434,0.0173615058986528,1.21079212585172,0.0807940653424745,0.00806472511860317,1.17373865356147e-08,4.09225047845367e-09,2.86819846375823,0.00412816491758592,0.0987048870182342
"1222","Pattern_27","Huang_neurodev_disorders",0.214885905605317,0.0773417667593808,0.170142768903774,0.359920147119538,0.791781891997501,0.318206771207497,-7.280410412739e-09,6.34678155086671e-09,-1.14710272511976,0.25133916773813,0.587746976864549
"1223","Pattern_27","Lee_cognitive_performance",0.214885905605317,0.267980911299284,0.011136435514357,1.24708463565538,0.0518248764756651,1.85704202644252e-06,1.29619720131664e-09,4.664368076684e-10,2.77893420932195,0.00545375697154687,0.117554320943247
"1224","Pattern_27","Lee_educ_attainment",0.214885905605317,0.247731500311048,0.00862674873157056,1.15285132178961,0.0401457168969257,0.000162445734365514,1.56731885447607e-09,6.40328468824412e-10,2.44767948136607,0.0143779494950437,0.165800738003263
"1225","Pattern_27","Alzheimer's Disease",0.214885905605317,0.390716472790404,0.0628817163627911,1.81825081402983,0.292628388938112,0.00160802841562038,-5.84202083515511e-11,4.15081287880459e-09,-0.0140744018237642,0.988770622819124,0.994629312049295
"1226","Pattern_27","Anorexia Nervosa",0.214885905605317,0.20151701942914,0.0252646335844531,0.937786118924284,0.117572315938007,0.597825854774394,-2.59136611357665e-09,6.2638373785362e-09,-0.413702648548361,0.679091887178097,0.879985271490153
"1227","Pattern_27","Autism Spectrum Disorder",0.214885905605317,0.250679965400377,0.0260889672463458,1.16657239428631,0.121408461726958,0.152602034646612,4.15944578381626e-08,1.77832819755292e-08,2.3389640840987,0.0193372923637721,0.193191352817404
"1228","Pattern_27","Bipolar Disorder",0.214885905605317,0.225344966123641,0.0361064961310262,1.04867262228698,0.16802635812394,0.772415398826952,-1.78249142964713e-08,1.50905686125089e-08,-1.18119566957178,0.237525001178076,0.576336899613276
"1229","Pattern_27","Body Mass Index",0.214885905605317,0.260084658853511,0.0148162952222332,1.21033837989919,0.0689495906234371,0.0027846163212318,2.72250872374137e-09,2.7242902274066e-09,0.999346066859061,0.317627076688298,0.652423184548935
"1230","Pattern_27","Celiac Disease",0.214885905605317,0.258457342909293,0.0498321658417141,1.20276544979178,0.231900578594677,0.359329209825447,-3.59069162811792e-08,1.7303351059631e-08,-2.07514233268668,0.0379733453426971,0.26317625163589
"1231","Pattern_27","Coronary Artery Disease",0.214885905605317,0.316552851204439,0.0402697153670368,1.47312058607443,0.187400449804281,0.00819339769634508,-1.69023642060745e-09,2.92073854758289e-09,-0.578701719812009,0.562790455345389,0.816549724806935
"1232","Pattern_27","Crohn's Disease",0.214885905605317,0.306764525129556,0.0275404438539682,1.42756931528582,0.128163100210732,0.000323739441886043,-1.37320971890813e-08,1.40484144294883e-08,-0.977483776408034,0.328329705719666,0.662685360111907
"1233","Pattern_27","Depressive Symptoms",0.214885905605317,0.239810666162661,0.0270034469718275,1.11599067182714,0.125664114152861,0.348886575611253,2.4957348833212e-09,1.18005562196099e-09,2.11492987014785,0.0344359249131801,0.249250504133494
"1234","Pattern_27","Ever Smoked",0.214885905605317,0.240002602472524,0.0307536821134493,1.11688387284617,0.14311632969514,0.409322162950264,3.59175231543438e-09,2.91945551769748e-09,1.23028156916983,0.21859168366658,0.559763059978919
"1235","Pattern_27","Fasting Glucose",0.214885905605317,0.326656119641568,0.047017653401577,1.52013748282561,0.218802872478453,0.0136368959985666,2.74335750232914e-10,4.56558589939119e-09,0.0600877425763681,0.952085752330676,0.982893391788414
"1236","Pattern_27","HDL Cholesterol",0.214885905605317,0.300954219751678,0.025921416985926,1.40053029026689,0.120628744416286,0.000734869481828641,-5.93836754995123e-09,3.64697663921141e-09,-1.62829876289948,0.103461551680367,0.400590709968198
"1237","Pattern_27","Height",0.214885905605317,0.31563255895012,0.0198932543710473,1.46883788427634,0.0925758919134761,1.46974626473565e-06,-1.35370365455004e-09,4.53261354490998e-09,-0.298658520329892,0.765200609244419,0.918790292361247
"1238","Pattern_27","Inflammatory Bowel Disease",0.214885905605317,0.316164639040996,0.025658466232325,1.47131398939537,0.119405068285177,0.000129723162594923,-1.15212877305268e-08,9.13555257107898e-09,-1.26114842434387,0.207255376657913,0.547205276662177
"1239","Pattern_27","LDL Cholesterol",0.214885905605317,0.393993491469231,0.044867722348596,1.83350085413644,0.208797883798879,6.69111640202354e-05,1.18657670211348e-09,4.36994607870303e-09,0.271531199869095,0.785982506702107,0.926280985583335
"1240","Pattern_27","Systemic Lupus Erythematosus",0.214885905605317,0.342620675051404,0.0491750187839145,1.59443065419423,0.228842457793554,0.00134296216661202,-2.07463915174075e-08,1.8930358597961e-08,-1.09593230419006,0.273108400760832,0.60919777444345
"1241","Pattern_27","Multiple Sclerosis",0.214885905605317,0.628919202998778,0.232156894129592,2.92675874309746,1.08037283076163,0.00040916611182357,-1.73051695462458e-08,1.01735364430623e-08,-1.70099843285535,0.0889432814630792,0.385530549806609
"1242","Pattern_27","Neuroticism",0.214885905605317,0.204052523396315,0.0144636449095785,0.949585422187254,0.0673084857233214,0.462949449276919,-1.85405794261919e-10,1.63821938228908e-09,-0.113175192691745,0.909891662651246,0.968609033577714
"1243","Pattern_27","Primary Biliary Cirrhosis",0.214885905605317,0.329228389826536,0.0413727568519715,1.53210788254876,0.192533599332295,0.00246623704236004,-2.52999287828401e-08,1.90130194467616e-08,-1.33066338325075,0.183299796575033,0.52287126958669
"1244","Pattern_27","Rheumatoid Arthritis",0.214885905605317,0.306607473361581,0.0353195023438066,1.42683845409913,0.164363978383386,0.00617448114638713,-3.59180407633574e-09,6.79853942370485e-09,-0.528319959991995,0.597277280273274,0.829788911821358
"1245","Pattern_27","Schizophrenia",0.214885905605317,0.263934619361364,0.0119291477787826,1.22825468063101,0.0555138679066882,4.97648999244692e-05,1.03922519123429e-08,6.39707950405529e-09,1.6245306793131,0.104262598195595,0.400672711361771
"1246","Pattern_27","Subjective Well-Being",0.214885905605317,0.250351353642828,0.0415770266648416,1.16504315598367,0.193484195939805,0.397640381767421,-2.22003660418948e-10,1.23274077738962e-09,-0.180089492041506,0.857082311876598,0.953526292210817
"1247","Pattern_27","Triglycerides",0.214885905605317,0.303511582718829,0.0303771847959386,1.4124313172791,0.141364249601985,0.0015411852378001,-3.46743991481442e-09,3.41156468570171e-09,-1.01637818252337,0.30944933099147,0.645327081709752
"1248","Pattern_27","Type 1 Diabetes",0.214885905605317,0.394537889757703,0.0926132215133601,1.83603428361818,0.430987882860329,0.011226464919573,-1.39120104153679e-08,1.01098233960459e-08,-1.37608837171271,0.168794275191451,0.501682002316422
"1249","Pattern_27","Type 2 Diabetes",0.214885905605317,0.236261442394449,0.0344850908364084,1.09947388931311,0.16048093400666,0.537091133037379,-6.85421098388454e-09,3.67581853707208e-09,-1.86467610268492,0.0622268184034524,0.330370400174421
"1250","Pattern_27","Ulcerative Colitis",0.214885905605317,0.308290238117601,0.0345577422620048,1.43466942259042,0.160819027030453,0.0073696832863212,-1.47656271536341e-08,9.64425692054463e-09,-1.53102797605689,0.125762478599329,0.434888648462143
"1251","Pattern_27","Years of Education (EduYears)",0.214885905605317,0.243426445237977,0.0246335123770901,1.13281717827078,0.114635309876185,0.25293812366035,8.89086279424187e-10,2.18303798345466e-09,0.40727018318628,0.683809559592146,0.88061915005771
"1252","Pattern_27","Years of Education (College)",0.214885905605317,0.24972410511976,0.0110940325231175,1.16212417197073,0.0516275485442678,0.00157566322452354,2.56289842220264e-09,1.33905759810999e-09,1.91395681994563,0.0556256732831367,0.315657153990706
"1253","Pattern_27","Savage cognition-intelligence",0.214885905605317,0.26977637736292,0.0141754806441405,1.25544007459671,0.0659674751780918,0.000131902672615286,6.42203089104294e-09,2.63920320948554e-09,2.43332187076826,0.0149609947898117,0.167984635273
"1254","Pattern_27","Tissink 2022 - Cerebellar Volume",0.214885905605317,0.375769151135231,0.0278364565074387,1.7486914745605,0.129540634268337,5.7390373840563e-11,3.67850993751454e-08,1.00260866649809e-08,3.66893889952383,0.000243559275167013,0.0259147068777702
"1255","Pattern_27","Tissink 2022 - Subcortical Volume",0.214885905605317,0.328411663162901,0.0265277855014158,1.52830713693293,0.123450560550675,3.36015243896151e-06,7.8664958323495e-10,8.72783012560376e-09,0.0901311748640998,0.928182976071943,0.978634697361116
"1256","Pattern_27","UKB_IDP_0021_Volume_of_left_amygdala",0.214885905605317,0.414418274437297,0.0770245658626488,1.92855028471929,0.358444010767838,0.000990937278516265,7.3413859427596e-09,5.59340987360715e-09,1.31250634383158,0.189349346998653,0.52809359162927
"1257","Pattern_27","UKB_IDP_0024_Volume_of_right_accumbens",0.214885905605317,0.31830487898777,0.0443354211811898,1.48127387922968,0.206320749870962,0.00795778948819924,-2.26482206734328e-09,6.06718989419612e-09,-0.373290123902305,0.708932526089352,0.89742729074357
"1258","Pattern_27","UKB_IDP_0026_Volume_of_grey_matter_in_Left_Frontal_Pole",0.214885905605317,0.281024796209977,0.0331436174526094,1.3077860803311,0.154238210082911,0.0369705888778134,-3.91663182746751e-09,6.20232638372172e-09,-0.631477865748388,0.527728117326385,0.793643416021588
"1259","Pattern_27","UKB_IDP_0137_IDP_T1_FAST_ROIs_L_cerebellum_I-IV",0.214885905605317,0.354194413798221,0.0269478974131185,1.64829057913539,0.125405606929912,3.20834144127475e-08,2.20721797999538e-08,7.53055145403771e-09,2.93101772621435,0.0033785350247019,0.09493633109164
"1260","Pattern_27","UKB_IDP_0138_IDP_T1_FAST_ROIs_R_cerebellum_I-IV",0.214885905605317,0.337426536378817,0.0259653152379197,1.57025904248263,0.120833030741488,1.28362233012845e-06,1.31231272797541e-08,7.47134227424609e-09,1.75646179736536,0.0790095889872452,0.372799124977512
"1261","Pattern_27","UKB_IDP_0139_IDP_T1_FAST_ROIs_L_cerebellum_V",0.214885905605317,0.352397423852247,0.027835424852132,1.63992804860594,0.129535833323836,4.82305531654447e-07,1.98684927487588e-08,7.72171601975865e-09,2.57306700970594,0.0100801688870082,0.146328842800533
"1262","Pattern_27","UKB_IDP_0140_IDP_T1_FAST_ROIs_R_cerebellum_V",0.214885905605317,0.344192751695266,0.0280581281694854,1.601746520907,0.130572212683972,2.63057539973148e-06,1.26735857952414e-08,7.7320726328591e-09,1.63909295696244,0.101193901639125,0.400261380461075
"1263","Pattern_27","UKB_IDP_0141_IDP_T1_FAST_ROIs_L_cerebellum_VI",0.214885905605317,0.345141704299644,0.0273437754205111,1.60616259743703,0.127247877628297,4.16225691932984e-07,1.53283749427499e-08,8.1530356614577e-09,1.88008192031007,0.0600969140979765,0.326240390817587
"1264","Pattern_27","UKB_IDP_0142_IDP_T1_FAST_ROIs_V_cerebellum_VI",0.214885905605317,0.325713913658224,0.0268463630100293,1.51575280258942,0.124933103147948,1.36448126388087e-05,1.45336758654571e-08,7.52001486628762e-09,1.93266584227271,0.0532773756404291,0.307779743040282
"1265","Pattern_27","UKB_IDP_0143_IDP_T1_FAST_ROIs_R_cerebellum_VI",0.214885905605317,0.370940616146039,0.0312098873836092,1.72622124797403,0.145239341294597,1.83803242630665e-08,2.0854792712789e-08,8.04146649702332e-09,2.59340665294182,0.00950303325683442,0.144297290811699
"1266","Pattern_27","UKB_IDP_0144_IDP_T1_FAST_ROIs_L_cerebellum_crus_I",0.214885905605317,0.27735029792439,0.0206865159982257,1.29068631627149,0.0962674398767728,0.0022903453214278,7.03171291035895e-09,8.7299627356201e-09,0.805468834553906,0.42054918377558,0.728709686169568
"1267","Pattern_27","UKB_IDP_0145_IDP_T1_FAST_ROIs_V_cerebellum_crus_I",0.214885905605317,0.315158924058686,0.0674289921573956,1.46663376162763,0.313789738640389,0.111434310260261,5.96125687085426e-09,6.40939495775712e-09,0.930081062275544,0.352329115180147,0.674241328330353
"1268","Pattern_27","UKB_IDP_0146_IDP_T1_FAST_ROIs_R_cerebellum_crus_I",0.214885905605317,0.302366329571465,0.0220840814695634,1.40710173019362,0.10277119575318,5.5469516729522e-05,1.47468686187278e-08,9.38703271271627e-09,1.57098297939782,0.116186602388761,0.42120117526965
"1269","Pattern_27","UKB_IDP_0147_IDP_T1_FAST_ROIs_L_cerebellum_crus_II",0.214885905605317,0.297133539653255,0.0259434308051735,1.38275024979536,0.12073118863749,0.000868929611341849,8.98215075816125e-09,9.12589466955969e-09,0.98424878692958,0.324993203359514,0.659405990361859
"1270","Pattern_27","UKB_IDP_0148_IDP_T1_FAST_ROIs_V_cerebellum_crus_II",0.214885905605317,0.361748829783305,0.0305366694481468,1.6834460536827,0.142106432537431,3.24982432356152e-07,3.06849237918792e-08,7.81541775178782e-09,3.92620391723269,8.62970030578385e-05,0.0153033352089234
"1271","Pattern_27","UKB_IDP_0149_IDP_T1_FAST_ROIs_R_cerebellum_crus_II",0.214885905605317,0.29329631691594,0.0259666705335191,1.36489322596448,0.120839337788921,0.000341292522783315,8.60314957806271e-09,8.81519861763378e-09,0.975945063886946,0.32909168886315,0.662685360111907
"1272","Pattern_27","UKB_IDP_0150_IDP_T1_FAST_ROIs_L_cerebellum_VIIb",0.214885905605317,0.311564032180469,0.0299813401174767,1.44990445651992,0.13952213400419,0.00046441381588187,1.39264558768023e-08,9.65758526253579e-09,1.44202256549849,0.149296007859079,0.474890739497939
"1273","Pattern_27","UKB_IDP_0151_IDP_T1_FAST_ROIs_V_cerebellum_VIIb",0.214885905605317,0.357648367608206,0.027936100998363,1.66436401029066,0.130004343093928,1.91333520743788e-08,3.0944089208599e-08,7.64826958084341e-09,4.04589415703972,5.21237815467335e-05,0.0153033352089234
"1274","Pattern_27","UKB_IDP_0152_IDP_T1_FAST_ROIs_R_cerebellum_VIIb",0.214885905605317,0.284592823451869,0.0270419127094642,1.32439036729837,0.125843119553556,0.0052721012634525,7.51754626967072e-09,9.98037927325344e-09,0.753232523919918,0.451310198313244,0.752065859052924
"1275","Pattern_27","UKB_IDP_0153_IDP_T1_FAST_ROIs_L_cerebellum_VIIIa",0.214885905605317,0.307509448739743,0.0287560713583811,1.43103591588993,0.13382018368016,0.00108569171555233,1.03845105588825e-08,9.7877900608483e-09,1.0609658047756,0.288705441714279,0.627543595472917
"1276","Pattern_27","UKB_IDP_0154_IDP_T1_FAST_ROIs_V_cerebellum_VIIIa",0.214885905605317,0.334075797073907,0.0259791458799624,1.55466593368626,0.120897393464597,4.07319875786647e-06,2.32710772096468e-08,9.57788072080154e-09,2.42966872192362,0.0151126290536713,0.168375259823102
"1277","Pattern_27","UKB_IDP_0155_IDP_T1_FAST_ROIs_R_cerebellum_VIIIa",0.214885905605317,0.274700185125001,0.0265626839941275,1.27835366564034,0.123612965305019,0.0171476355037595,2.54645503486316e-09,8.2883167973289e-09,0.30723427894115,0.758665055617629,0.918790292361247
"1278","Pattern_27","UKB_IDP_0156_IDP_T1_FAST_ROIs_L_cerebellum_VIIIb",0.214885905605317,0.306514988612915,0.0278823937511679,1.42640806408166,0.129754409311422,0.000932304490338497,8.45422327839196e-09,9.37526657099261e-09,0.901758175554134,0.367185341887283,0.688043304740264
"1279","Pattern_27","UKB_IDP_0157_IDP_T1_FAST_ROIs_V_cerebellum_VIIIb",0.214885905605317,0.327642858902375,0.0256296707716587,1.52472940456206,0.11927106479814,4.78935362006513e-05,2.43290477466111e-08,1.17936860668225e-08,2.0628875152996,0.0391233165613883,0.2659885547688
"1280","Pattern_27","UKB_IDP_0158_IDP_T1_FAST_ROIs_R_cerebellum_VIIIb",0.214885905605317,0.262376365416779,0.0275383842754038,1.22100313967864,0.128153515689316,0.0819068732834936,-2.42751741116922e-09,7.29721081242576e-09,-0.332663735990143,0.739388126344464,0.907915714287951
"1281","Pattern_27","UKB_IDP_0159_IDP_T1_FAST_ROIs_L_cerebellum_IX",0.214885905605317,0.304437113950329,0.0268646490320306,1.41673839935082,0.125018199571326,0.00116596090883269,7.95807310600185e-09,1.1737860935033e-08,0.677983250103949,0.497782313485446,0.777769011264694
"1282","Pattern_27","UKB_IDP_0160_IDP_T1_FAST_ROIs_V_cerebellum_IX",0.214885905605317,0.32038799774761,0.029721340120513,1.4909679480611,0.138312189609599,0.000150338330626045,9.09380504456223e-09,9.67230038224631e-09,0.94019051158234,0.347119847923093,0.673516598785779
"1283","Pattern_27","UKB_IDP_0161_IDP_T1_FAST_ROIs_R_cerebellum_IX",0.214885905605317,0.302378009484658,0.025397856855796,1.4071560842154,0.118192288062133,0.000717780372440235,5.16871176407092e-09,1.03285595967874e-08,0.500429098136648,0.616772968719592,0.843901418742798
"1284","Pattern_27","UKB_IDP_0162_IDP_T1_FAST_ROIs_L_cerebellum_X",0.214885905605317,0.332668292591461,0.0313310794598267,1.54811592530631,0.145803324659984,4.24830139848621e-05,1.69947881968893e-08,7.9511156314629e-09,2.13740926237321,0.0325647187183252,0.240727267367018
"1285","Pattern_27","UKB_IDP_0163_IDP_T1_FAST_ROIs_V_cerebellum_X",0.214885905605317,0.340050343189504,0.0345876897880957,1.58246927471399,0.160958391806409,9.33469405693538e-05,1.10817751395258e-08,8.2359497376719e-09,1.34553700453475,0.178451879567032,0.518778141692138
"1286","Pattern_27","UKB_IDP_0164_IDP_T1_FAST_ROIs_R_cerebellum_X",0.214885905605317,0.333846521731812,0.0338648754893836,1.55359897053923,0.157594679809217,0.000672789470799303,1.15277698651235e-08,8.75651470896097e-09,1.31647924411371,0.18801324041383,0.527823349615774
"1287","Pattern_27","UKB_IDP_0193_aseg_lh_volume_Cerebellum-White-Matter",0.214885905605317,0.364697712011963,0.0280793121785208,1.69716906739247,0.130670795273536,5.06920963946584e-08,1.13062232372299e-08,8.09667863325116e-09,1.39640261758666,0.162593287304355,0.492680434083424
"1288","Pattern_27","UKB_IDP_0194_aseg_lh_volume_Cerebellum-Cortex",0.214885905605317,0.345415763006259,0.0280696268265233,1.60743796589753,0.130625723206244,9.64110578365502e-08,2.14594458729205e-08,9.01074894316644e-09,2.3815385389463,0.0172404866676004,0.184360581048511
"1289","Pattern_27","UKB_IDP_0210_aseg_rh_volume_Cerebellum-White-Matter",0.214885905605317,0.371813661056176,0.0307623520650771,1.73028407800319,0.143156676462432,6.40572109566535e-08,1.21268930224667e-08,7.66157972639686e-09,1.58281887750711,0.113462752767761,0.416290927396198
"1290","Pattern_27","UKB_IDP_0211_aseg_rh_volume_Cerebellum-Cortex",0.214885905605317,0.337616262095303,0.0271265649009902,1.57114195621283,0.126237059729798,1.1520280610884e-07,1.81757352227688e-08,8.79941154639779e-09,2.06556258073978,0.0388698007437977,0.265111974303851
"1291","Pattern_27","UKB_IDP_0434_Volume_of_V1_in_the_right_hemisphere",0.214885905605317,0.321475922746284,0.0301030305006866,1.49603075101976,0.140088436307112,0.000261636366582811,1.44156725417677e-08,8.56067577344905e-09,1.6839409555117,0.0921930802367955,0.385530549806609
"1292","Pattern_27","UKB_IDP_0442_Volume_of_entorhinal_in_the_left_hemisphere_DKT_parcellation",0.214885905605317,0.24978678383081,0.0316117119174644,1.16241585564758,0.147109284940846,0.259941039541768,-2.78692793609336e-09,5.5035799948814e-09,-0.506384560356231,0.612586711186061,0.842435907488876
"1293","Pattern_2","Demontis 2023 -  Attention Deficit Hyperactivity Disorder",0.229616071115266,0.253533741972966,0.0142336855972029,1.10416374925993,0.061989065173307,0.0945782437208686,1.03623663223562e-09,1.37693158069102e-09,0.752569442641136,0.451708685868675,0.752140910429217
"1294","Pattern_2","Grove 2019  - Autism Spectrum Disorder",0.229616071115266,0.282122047667572,0.0291302722735355,1.22866856094732,0.12686512808989,0.0519649035084986,8.00729366949621e-09,4.69511315071943e-09,1.70545275746321,0.0881100160370165,0.385530549806609
"1295","Pattern_2","Chambers_total_cerebellar_volume",0.229616071115266,0.281598009026724,0.0208367517702257,1.22638632243369,0.0907460513065122,0.00778389721117198,-5.2302665948249e-09,7.85069755267325e-09,-0.666216799173971,0.505272536735127,0.78180367160273
"1296","Pattern_2","Davies reaction time",0.229616071115266,0.279108262620773,0.0133952131070581,1.21554323817631,0.0583374371053227,0.000353009694261873,2.93319788513003e-09,1.1497969574247e-09,2.55105726814564,0.0107396677067584,0.148200141090554
"1297","Pattern_2","Gui_age_onset_walking",0.229616071115266,0.240605810159513,0.0178233035079249,1.04786136698041,0.0776221952642752,0.53738458196623,1.90038526226293e-09,3.91522096187299e-09,0.485383910836494,0.627404043075318,0.847193757685312
"1298","Pattern_2","Huang_neurodev_disorders",0.229616071115266,0.0295313582596446,0.190645359601534,0.128611896006269,0.8302788157447,0.111400089305913,-1.02965283773626e-08,5.27614798790782e-09,-1.95152380125819,0.0509947677055789,0.301435737992978
"1299","Pattern_2","Lee_cognitive_performance",0.229616071115266,0.280354219965553,0.0100118327199047,1.22096950184649,0.0436024911987923,6.40854580125031e-07,1.06374409110437e-09,3.96877355314315e-10,2.68028416552492,0.00735596849713886,0.136539054627468
"1300","Pattern_2","Lee_educ_attainment",0.229616071115266,0.264126495938149,0.00814176263961626,1.15029620816724,0.0354581567399485,3.25735765210026e-05,1.3626241697003e-09,5.66942194092449e-10,2.40346226458161,0.0162406430767282,0.177231222909116
"1301","Pattern_2","Alzheimer's Disease",0.229616071115266,0.363222401711029,0.0765968470727226,1.58186837683802,0.333586611340769,0.0809971744096823,-1.87518564876837e-09,4.22381650349525e-09,-0.443955282436307,0.657074914601415,0.868481626255784
"1302","Pattern_2","Anorexia Nervosa",0.229616071115266,0.236300440925971,0.0260622503225277,1.02911107126883,0.113503598402067,0.797653254157239,2.73216766876761e-09,6.0409326040845e-09,0.452275807036862,0.651070302382608,0.864842449107484
"1303","Pattern_2","Autism Spectrum Disorder",0.229616071115266,0.226878379708944,0.0248862991267776,0.988077091498758,0.108382218221497,0.91249480846963,7.79686064370572e-09,1.59841387616504e-08,0.487787347192716,0.625700474513633,0.846465740473625
"1304","Pattern_2","Bipolar Disorder",0.229616071115266,0.297001829261472,0.0344784434209803,1.29347143611903,0.150156926096311,0.0432491320915779,7.51247682143338e-09,1.34703676247494e-08,0.557703919500352,0.577046580795391,0.818882158654176
"1305","Pattern_2","Body Mass Index",0.229616071115266,0.271846496823993,0.0149399407833421,1.18391755204072,0.0650648742084011,0.00465793940870707,1.74021697708561e-09,2.39901089536429e-09,0.725389359609956,0.468213198910116,0.758173408896606
"1306","Pattern_2","Celiac Disease",0.229616071115266,0.303676422937589,0.0497851749136107,1.32253993138461,0.216819209003096,0.0999185118638881,-1.17333121978289e-08,1.50080412952132e-08,-0.78180169997075,0.434331121841748,0.738224143194281
"1307","Pattern_2","Coronary Artery Disease",0.229616071115266,0.36674518962737,0.0477827554568769,1.59721045589734,0.208098480323227,0.00366228427510961,3.218741043724e-09,3.29694858028638e-09,0.976278812162856,0.328926316705787,0.662685360111907
"1308","Pattern_2","Crohn's Disease",0.229616071115266,0.320500497868168,0.0284966284654542,1.39581039041156,0.124105548566542,0.00135232178705902,-3.67613556402967e-09,1.50251750547066e-08,-0.244665073827417,0.806715773263152,0.937701357858788
"1309","Pattern_2","Depressive Symptoms",0.229616071115266,0.241739124092996,0.0293548454348679,1.05279705779673,0.127843165734388,0.678124108351214,1.41474896835199e-09,1.24620918383611e-09,1.13524196956813,0.256273949026127,0.590517585646242
"1310","Pattern_2","Ever Smoked",0.229616071115266,0.285704860901497,0.0312373251416037,1.24427205601856,0.136041545305959,0.0632676426196193,5.83029700341049e-09,2.66658053877734e-09,2.18643199356872,0.0287840150573717,0.229409678060251
"1311","Pattern_2","Fasting Glucose",0.229616071115266,0.320876131992422,0.0426553043389191,1.39744631302982,0.185767939202768,0.0296671795416675,-2.55700221839546e-10,4.14108862703476e-09,-0.0617471019987903,0.950764229535122,0.982893391788414
"1312","Pattern_2","HDL Cholesterol",0.229616071115266,0.327294358730798,0.0261031697307598,1.425398305707,0.113681806347327,0.000663193200325348,-2.52405465799721e-10,3.00451791898523e-09,-0.0840086405225937,0.933049561912415,0.979288013459795
"1313","Pattern_2","Height",0.229616071115266,0.287656132305893,0.017551283574324,1.25277003002761,0.0764375223784458,0.00103312081610236,-6.606236507976e-09,4.05726560579663e-09,-1.62824846826337,0.103472211373136,0.400590709968198
"1314","Pattern_2","Inflammatory Bowel Disease",0.229616071115266,0.324089399399315,0.028141280189297,1.41144040060081,0.122557972761281,0.00180562354541942,-3.77557335061129e-09,9.42225528104449e-09,-0.400708029871247,0.688635098142353,0.884846497863733
"1315","Pattern_2","LDL Cholesterol",0.229616071115266,0.366192565980856,0.0417667937919779,1.59480372694396,0.18189839060094,0.001377707188868,-4.22650190527765e-10,3.58127180303201e-09,-0.118016786709665,0.906054356964206,0.968433187811341
"1316","Pattern_2","Systemic Lupus Erythematosus",0.229616071115266,0.354023984235826,0.0457185811358386,1.54180838700139,0.19910880328968,0.001458100539482,-9.32547636414491e-09,1.72883262921536e-08,-0.539408859281962,0.589604769404195,0.826534222195078
"1317","Pattern_2","Multiple Sclerosis",0.229616071115266,0.58615137927463,0.197715660900581,2.55274544341622,0.86107065563947,0.00186480788357355,-1.25256314327981e-08,8.30694142187079e-09,-1.50785118091964,0.131592619622579,0.444331541499917
"1318","Pattern_2","Neuroticism",0.229616071115266,0.245404037523264,0.0172637301332194,1.06875810709292,0.0751851995784439,0.322193135284182,2.52691614932135e-09,1.76753389647941e-09,1.42962811313236,0.152823782372353,0.478952884960777
"1319","Pattern_2","Primary Biliary Cirrhosis",0.229616071115266,0.43353542093577,0.0492212496781565,1.88808831555235,0.214363260546548,6.45715880370146e-07,4.05001428734606e-08,1.73776892544922e-08,2.33058275357244,0.0197753717634865,0.193989092096007
"1320","Pattern_2","Rheumatoid Arthritis",0.229616071115266,0.297575181837636,0.0359650394245461,1.29596844154804,0.156631194192378,0.0558140814949385,-3.18122512308141e-09,6.39773795299574e-09,-0.497242173164001,0.619018284851438,0.843901418742798
"1321","Pattern_2","Schizophrenia",0.229616071115266,0.295223940933511,0.0118091968827433,1.28572856202783,0.0514301844177762,2.5245137696327e-08,1.76804768335863e-08,5.42831116011774e-09,3.25708610138016,0.00112562283731117,0.0499026124541286
"1322","Pattern_2","Subjective Well-Being",0.229616071115266,0.282346832538915,0.0409827143776321,1.22964752060921,0.178483649592014,0.193193294350709,2.72179056125147e-11,1.08035162886551e-09,0.0251935618786419,0.979900572204484,0.992756358335072
"1323","Pattern_2","Triglycerides",0.229616071115266,0.328710189654296,0.0304218211633805,1.43156438509605,0.132489947309084,0.000279046665363506,4.56760959069291e-10,2.8849942085931e-09,0.158323007272876,0.874202279597712,0.960300915669594
"1324","Pattern_2","Type 1 Diabetes",0.229616071115266,0.475410897276291,0.110651038873058,2.07046002907017,0.48189588096171,0.00176978574908196,2.72477505039259e-09,9.61747100622835e-09,0.2833151302071,0.776935280007975,0.922096082463453
"1325","Pattern_2","Type 2 Diabetes",0.229616071115266,0.298177924930975,0.0392189271967755,1.29859344549664,0.170802187348149,0.0786333976301234,1.11885432624156e-09,3.73012473180311e-09,0.299950914965977,0.764214596765545,0.918790292361247
"1326","Pattern_2","Ulcerative Colitis",0.229616071115266,0.300909668943604,0.0361382710908009,1.31049045252825,0.157385634704375,0.0604395558856669,-1.20974940484584e-08,9.28065014249208e-09,-1.30351795000538,0.192397992281647,0.530713032095187
"1327","Pattern_2","Years of Education (EduYears)",0.229616071115266,0.260213399794873,0.0232093027386336,1.13325429936586,0.101078738199395,0.195213140159063,7.05674930112699e-10,1.91424104930031e-09,0.36864475890883,0.712392528886697,0.898619621500231
"1328","Pattern_2","Years of Education (College)",0.229616071115266,0.255599323691657,0.0110990212347974,1.11315955564516,0.0483373013957102,0.0193500147984164,1.02741477476437e-09,1.27712641284898e-09,0.804473828454027,0.421123378211923,0.728709686169568
"1329","Pattern_2","Savage cognition-intelligence",0.229616071115266,0.28546467736811,0.012748391683329,1.24322603370741,0.0555204678026626,2.6481308481122e-05,5.92059086225469e-09,2.26045344446282e-09,2.6192049549871,0.00881349770060737,0.143168878678569
"1330","Pattern_2","Tissink 2022 - Cerebellar Volume",0.229616071115266,0.281442297578548,0.0227575615507202,1.22570818415086,0.0991113620235061,0.0185106637347037,-1.16119182428769e-08,9.73212482515946e-09,-1.1931534430033,0.232809284349367,0.574287127705421
"1331","Pattern_2","Tissink 2022 - Subcortical Volume",0.229616071115266,0.335025382206814,0.0261319493398851,1.45906765401727,0.113807144303793,1.89138279858991e-05,4.95299280214174e-09,8.15999509682746e-09,0.606984776751572,0.54386101493959,0.802034816210289
"1332","Pattern_2","UKB_IDP_0021_Volume_of_left_amygdala",0.229616071115266,0.403448560507401,0.0729072310408153,1.75705715435255,0.317517979846525,0.00421944153831689,5.75659233217713e-09,5.25774116408968e-09,1.09487936977472,0.27356948829751,0.609587299578117
"1333","Pattern_2","UKB_IDP_0024_Volume_of_right_accumbens",0.229616071115266,0.211867832962812,0.0426788434843987,0.922704721554335,0.185870454437722,0.674609849319218,-1.91864382683747e-08,6.11879762257628e-09,-3.13565498515317,0.00171470798389291,0.062349673594311
"1334","Pattern_2","UKB_IDP_0026_Volume_of_grey_matter_in_Left_Frontal_Pole",0.229616071115266,0.22436216664846,0.0331006010465831,0.977118742423878,0.144156290480063,0.873540950927162,-1.61283292760927e-08,6.20852318609314e-09,-2.59777225479636,0.00938307039173978,0.144297290811699
"1335","Pattern_2","UKB_IDP_0137_IDP_T1_FAST_ROIs_L_cerebellum_I-IV",0.229616071115266,0.290710043019569,0.0245620408073701,1.26607010392419,0.106970042158069,0.0114955943647344,7.25560259952095e-10,7.13379847288412e-09,0.101707423150511,0.918988909882798,0.974826951911327
"1336","Pattern_2","UKB_IDP_0138_IDP_T1_FAST_ROIs_R_cerebellum_I-IV",0.229616071115266,0.277717552367308,0.0250539690599376,1.20948656171325,0.109112436852735,0.0530613030239922,-6.76621721990732e-09,7.77239114437947e-09,-0.870545124945268,0.384002570142078,0.699587743529658
"1337","Pattern_2","UKB_IDP_0139_IDP_T1_FAST_ROIs_L_cerebellum_V",0.229616071115266,0.288256014975278,0.0287676536804651,1.25538257655569,0.125285889357561,0.0442887674151225,9.16727892616743e-10,7.73006166240876e-09,0.118592571786948,0.905598150674685,0.968433187811341
"1338","Pattern_2","UKB_IDP_0140_IDP_T1_FAST_ROIs_R_cerebellum_V",0.229616071115266,0.27144484069309,0.0264464425242573,1.18216830108911,0.115176792268087,0.119458303778043,-7.48846357692334e-09,7.30132297938557e-09,-1.02563105317572,0.305065524415973,0.642751916789297
"1339","Pattern_2","UKB_IDP_0141_IDP_T1_FAST_ROIs_L_cerebellum_VI",0.229616071115266,0.289608555415332,0.0265136715815784,1.26127301982251,0.115469581257092,0.0239651635858572,-3.79134838584154e-09,7.67742056653816e-09,-0.493831014333907,0.621425527805435,0.843901418742798
"1340","Pattern_2","UKB_IDP_0142_IDP_T1_FAST_ROIs_V_cerebellum_VI",0.229616071115266,0.276551477195602,0.0273390905784946,1.20440819256408,0.119064360110798,0.0794708867000695,-3.25893219923888e-09,7.85189267946205e-09,-0.415050527596126,0.678104914688248,0.879985271490153
"1341","Pattern_2","UKB_IDP_0143_IDP_T1_FAST_ROIs_R_cerebellum_VI",0.229616071115266,0.301211229940173,0.0262503114196991,1.31180377957502,0.114322622507209,0.0061177931996126,2.35500901335712e-10,7.00663563241921e-09,0.0336111243242144,0.973187251353514,0.9907849285027
"1342","Pattern_2","UKB_IDP_0144_IDP_T1_FAST_ROIs_L_cerebellum_crus_I",0.229616071115266,0.257774877817609,0.019495394108164,1.12263430240563,0.084904310109798,0.15104543159837,-4.33277975093152e-09,7.68860391290438e-09,-0.563532703727848,0.573072197173894,0.818434405857356
"1343","Pattern_2","UKB_IDP_0145_IDP_T1_FAST_ROIs_V_cerebellum_crus_I",0.229616071115266,0.272663530908856,0.0607295317461286,1.18747581379868,0.264482932101224,0.468203657429248,4.79696253488885e-10,5.38111447241174e-09,0.0891444060423215,0.928967146931134,0.978634697361116
"1344","Pattern_2","UKB_IDP_0146_IDP_T1_FAST_ROIs_R_cerebellum_crus_I",0.229616071115266,0.261574728661572,0.0210992176812081,1.13918301707315,0.0918891155080186,0.136508303301684,-5.04868082213248e-09,8.41147320249447e-09,-0.600213624961115,0.548363874439317,0.807851960303314
"1345","Pattern_2","UKB_IDP_0147_IDP_T1_FAST_ROIs_L_cerebellum_crus_II",0.229616071115266,0.238001225169299,0.0234539363364689,1.03651814968049,0.102144140967795,0.719830970553586,-1.49125771728862e-08,8.20320859676313e-09,-1.81789564375707,0.0690800842647764,0.350841096218244
"1346","Pattern_2","UKB_IDP_0148_IDP_T1_FAST_ROIs_V_cerebellum_crus_II",0.229616071115266,0.277167802177283,0.0308990470090019,1.20709234693832,0.134568311612173,0.125359721223556,3.45877116077764e-09,7.67216765306556e-09,0.450820591674065,0.652118859027168,0.865694904560083
"1347","Pattern_2","UKB_IDP_0149_IDP_T1_FAST_ROIs_R_cerebellum_crus_II",0.229616071115266,0.229930542443232,0.0222723551228718,1.00136955277755,0.0969982415198247,0.988678207460133,-1.96089323283441e-08,8.86369157168138e-09,-2.21227602176419,0.0269475988493614,0.223130312651522
"1348","Pattern_2","UKB_IDP_0150_IDP_T1_FAST_ROIs_L_cerebellum_VIIb",0.229616071115266,0.238685634462955,0.0248287528591667,1.03949881775974,0.108131598709843,0.713022605637162,-1.29319156105296e-08,7.96430971760937e-09,-1.62373338921472,0.10443272173217,0.400672711361771
"1349","Pattern_2","UKB_IDP_0151_IDP_T1_FAST_ROIs_V_cerebellum_VIIb",0.229616071115266,0.274414450337735,0.0258746202560057,1.19510123574922,0.112686451476721,0.0773453258847341,1.0961632307964e-09,7.42814959404755e-09,0.14756881467153,0.882683067880454,0.960300915669594
"1350","Pattern_2","UKB_IDP_0152_IDP_T1_FAST_ROIs_R_cerebellum_VIIb",0.229616071115266,0.240828927863683,0.0232311146309988,1.04883306596945,0.101173731081466,0.625567207216733,-1.1340823969277e-08,8.7359938810952e-09,-1.29817215117546,0.194228185482911,0.534002039673947
"1351","Pattern_2","UKB_IDP_0153_IDP_T1_FAST_ROIs_L_cerebellum_VIIIa",0.229616071115266,0.244283749807015,0.0246121980572694,1.0638791467013,0.107188481789301,0.549320982834749,-1.23744921077531e-08,7.5872091235651e-09,-1.63096758059814,0.102897160357751,0.400590709968198
"1352","Pattern_2","UKB_IDP_0154_IDP_T1_FAST_ROIs_V_cerebellum_VIIIa",0.229616071115266,0.263685595929684,0.0234315906507437,1.14837604636705,0.102046823364473,0.134151780723468,-6.88750475385985e-09,7.64549278327159e-09,-0.900858185221204,0.367663726216327,0.688043304740264
"1353","Pattern_2","UKB_IDP_0155_IDP_T1_FAST_ROIs_R_cerebellum_VIIIa",0.229616071115266,0.24356665489225,0.024500346301839,1.06075612960898,0.106701356672634,0.567269850357436,-8.25255366374588e-09,7.51973917167995e-09,-1.09745211573638,0.272443802068286,0.60835300189015
"1354","Pattern_2","UKB_IDP_0156_IDP_T1_FAST_ROIs_L_cerebellum_VIIIb",0.229616071115266,0.276428022443006,0.0252718213096275,1.20387053528253,0.110061204282784,0.0614647908728529,-2.90506798826286e-09,7.80638934232998e-09,-0.372139776901748,0.709788782004889,0.89742729074357
"1355","Pattern_2","UKB_IDP_0157_IDP_T1_FAST_ROIs_V_cerebellum_VIIIb",0.229616071115266,0.251026271792095,0.0214516352066089,1.09324347626382,0.0934239276128032,0.311521596942806,-1.12426745358636e-08,7.88708685201193e-09,-1.42545337040325,0.154026189937296,0.481303571492753
"1356","Pattern_2","UKB_IDP_0158_IDP_T1_FAST_ROIs_R_cerebellum_VIIIb",0.229616071115266,0.259636948858804,0.0269226156316242,1.13074380028246,0.117250571795165,0.266956878970988,-3.7019881809463e-09,6.75697548222727e-09,-0.547876515266862,0.583776695412236,0.824337629619932
"1357","Pattern_2","UKB_IDP_0159_IDP_T1_FAST_ROIs_L_cerebellum_IX",0.229616071115266,0.270450586461464,0.0230072546007351,1.17783822860421,0.100198799191131,0.0709961598866787,-8.78878426722164e-09,8.58156043905745e-09,-1.02414756962161,0.305765578752379,0.642953707099863
"1358","Pattern_2","UKB_IDP_0160_IDP_T1_FAST_ROIs_V_cerebellum_IX",0.229616071115266,0.276737529241987,0.0272111264048952,1.20521846706046,0.118507063868519,0.0704463900911529,-8.84096931569886e-09,8.43411102806102e-09,-1.04823961722631,0.294528221927475,0.630895894720951
"1359","Pattern_2","UKB_IDP_0161_IDP_T1_FAST_ROIs_R_cerebellum_IX",0.229616071115266,0.278913244380007,0.0234993852717714,1.21469391504393,0.102342075437633,0.0339774068559937,-6.04316250225427e-09,8.39006951974371e-09,-0.720275617267933,0.471355314150692,0.758315076410866
"1360","Pattern_2","UKB_IDP_0162_IDP_T1_FAST_ROIs_L_cerebellum_X",0.229616071115266,0.251626528161287,0.0259194830893547,1.09585765029039,0.112881833416369,0.395878219695913,-7.75227457645882e-09,6.62186845452945e-09,-1.17070803047381,0.241716156210899,0.578757938433515
"1361","Pattern_2","UKB_IDP_0163_IDP_T1_FAST_ROIs_V_cerebellum_X",0.229616071115266,0.268240959516228,0.029561346104774,1.16821509144964,0.12874249594635,0.185120729065161,-6.59147492377127e-09,6.98147345621673e-09,-0.944138077027538,0.345099093655334,0.672500797892446
"1362","Pattern_2","UKB_IDP_0164_IDP_T1_FAST_ROIs_R_cerebellum_X",0.229616071115266,0.273853517961634,0.0330182430120721,1.19265832148204,0.143797613345179,0.182646148308754,-4.43950322527209e-09,7.22750317128705e-09,-0.614251300906938,0.539049277936705,0.797148619492223
"1363","Pattern_2","UKB_IDP_0193_aseg_lh_volume_Cerebellum-White-Matter",0.229616071115266,0.321895657900238,0.0248833335371606,1.40188644608699,0.108369302794443,0.000203769483311655,-1.3299148794936e-10,7.39870515776028e-09,-0.01797496793204,0.985658822881383,0.994439478539555
"1364","Pattern_2","UKB_IDP_0194_aseg_lh_volume_Cerebellum-Cortex",0.229616071115266,0.254524123407426,0.0212506617308316,1.10847695534193,0.0925486688610915,0.234500823472637,-1.75120511661057e-08,7.75460876294602e-09,-2.25827655545743,0.0239284229939961,0.211810090221912
"1365","Pattern_2","UKB_IDP_0210_aseg_rh_volume_Cerebellum-White-Matter",0.229616071115266,0.319899261361667,0.0279851509591558,1.39319194779306,0.121878014997946,0.00173230003870106,-1.05813911159806e-09,7.44136868165106e-09,-0.14219683997209,0.886924527764634,0.960581364948613
"1366","Pattern_2","UKB_IDP_0211_aseg_rh_volume_Cerebellum-Cortex",0.229616071115266,0.267294388304628,0.0222369657802428,1.16409268308771,0.0968441175403613,0.079330332795033,-1.26212735817138e-08,8.21044445248374e-09,-1.53722172468943,0.124239022077107,0.434409070338861
"1367","Pattern_2","UKB_IDP_0434_Volume_of_V1_in_the_right_hemisphere",0.229616071115266,0.260764151157496,0.0282808578136083,1.13565287434342,0.12316584669464,0.264158318259337,-4.55630801204775e-09,7.82874376232356e-09,-0.581997335763541,0.560568475444379,0.815372327919097
"1368","Pattern_2","UKB_IDP_0442_Volume_of_entorhinal_in_the_left_hemisphere_DKT_parcellation",0.229616071115266,0.26149556990182,0.0378749573298343,1.13883827308652,0.164949069748786,0.386206488466784,-1.31506862157376e-09,6.18509301558469e-09,-0.21261905330448,0.831624108846616,0.947003702164907
"1369","Pattern_22","Demontis 2023 -  Attention Deficit Hyperactivity Disorder",0.20918601287391,0.245756535341912,0.0133541322690122,1.1748229815444,0.0638385525186217,0.00693301947692363,2.83455857714026e-09,1.42416222201218e-09,1.99033405979225,0.0465541484367281,0.29186116187823
"1370","Pattern_22","Grove 2019  - Autism Spectrum Disorder",0.20918601287391,0.256271065147448,0.0256606882176177,1.22508700092639,0.122669235218347,0.0721521488483251,7.61573610668019e-09,4.95798748081531e-09,1.53605392029506,0.124525156441121,0.434409070338861
"1371","Pattern_22","Chambers_total_cerebellar_volume",0.20918601287391,0.320584684353986,0.0211532197873098,1.53253403489852,0.101121578334495,6.28539006297841e-08,1.68214794896548e-08,8.54008209240032e-09,1.96970934326545,0.0488716915630943,0.300006626110105
"1372","Pattern_22","Davies reaction time",0.20918601287391,0.268976188168346,0.0130895874345488,1.28582300734646,0.0625739133067121,1.2688954789702e-05,4.30925156557559e-09,1.27025849078855e-09,3.39242098897564,0.000692779088235771,0.0388161152431933
"1373","Pattern_22","Gui_age_onset_walking",0.20918601287391,0.242980426336113,0.0178700043462317,1.1615519747134,0.0854263824847749,0.0569906661035708,7.9391044300261e-09,4.59007775996814e-09,1.72962307943149,0.0836976397929638,0.378954420168994
"1374","Pattern_22","Huang_neurodev_disorders",0.20918601287391,0.28952681247164,0.136875405686648,1.38406391753428,0.65432389004494,0.529437908471123,3.75121875624561e-09,6.09033768296765e-09,0.615929518446298,0.537941038447948,0.796616930979286
"1375","Pattern_22","Lee_cognitive_performance",0.20918601287391,0.269989664905708,0.0102577887831847,1.29066786634749,0.0490366857815093,5.56333535393732e-09,1.63209791855815e-09,4.43495896411717e-10,3.68007445336767,0.000233165865702891,0.0259147068777702
"1376","Pattern_22","Lee_educ_attainment",0.20918601287391,0.254750914448015,0.00846253917759422,1.21782002031642,0.0404546129128391,2.07814327534216e-07,2.5200126566013e-09,6.15952358503808e-10,4.09124605468285,4.29061602736254e-05,0.0153033352089234
"1377","Pattern_22","Alzheimer's Disease",0.20918601287391,0.396347110256545,0.0612165141237418,1.8947113375857,0.292641526470706,0.00147449499996434,1.8544391685742e-09,4.19634439854544e-09,0.441917772339418,0.658548709512343,0.869428411657618
"1378","Pattern_22","Anorexia Nervosa",0.20918601287391,0.223436957978312,0.0276926592923535,1.06812570739608,0.132382939527824,0.603924219290044,6.36149156193174e-09,7.20869590298523e-09,0.88247467330358,0.37752016990098,0.694064101796251
"1379","Pattern_22","Autism Spectrum Disorder",0.20918601287391,0.228006750560247,0.0228076712262453,1.08997130079477,0.109030574811868,0.413027430869261,2.67971071767205e-08,1.58004737599418e-08,1.69596858827473,0.0898918289757399,0.385530549806609
"1380","Pattern_22","Bipolar Disorder",0.20918601287391,0.265944135972496,0.0359941033331707,1.2713284808999,0.172067447716338,0.111994238825902,1.05794930585839e-09,1.57575099227158e-08,0.0671393710711398,0.946470751007409,0.982893391788414
"1381","Pattern_22","Body Mass Index",0.20918601287391,0.268124855631754,0.014767917546322,1.28175326805129,0.0705970602117816,0.00011456729851118,4.64817707973629e-09,2.68441571861529e-09,1.73154144773596,0.0833552390788019,0.378954420168994
"1382","Pattern_22","Celiac Disease",0.20918601287391,0.260497129972868,0.0503153885099865,1.24528942635322,0.240529411210275,0.283933094711946,-3.11526655371511e-08,1.84023665150327e-08,-1.69286192141119,0.0904817528808778,0.385530549806609
"1383","Pattern_22","Coronary Artery Disease",0.20918601287391,0.339355513143919,0.0412162363207236,1.6222667494909,0.197031511593307,0.00140648888672723,7.91848221965493e-10,3.13394687955097e-09,0.252668042056587,0.800524745451984,0.934397457416333
"1384","Pattern_22","Crohn's Disease",0.20918601287391,0.289437806810039,0.0264519143572399,1.38363843181285,0.126451639829209,0.00195551849551939,-2.51154247417647e-08,1.44544657600227e-08,-1.73755468785484,0.0822893098879464,0.378210910240929
"1385","Pattern_22","Depressive Symptoms",0.20918601287391,0.231875566825502,0.0275364483104959,1.10846592293562,0.131636183185412,0.409355271397267,2.62485103969652e-09,1.2271657331494e-09,2.13895398868422,0.0324393949294454,0.240727267367018
"1386","Pattern_22","Ever Smoked",0.20918601287391,0.234708347433481,0.0287778192442249,1.12200784463995,0.137570475429307,0.373305392681505,3.54048780706094e-09,2.8391391034104e-09,1.24702865132887,0.212386992205392,0.551843125046487
"1387","Pattern_22","Fasting Glucose",0.20918601287391,0.345550082871338,0.0479641700259418,1.65187948335543,0.229289565621449,0.00312827825876771,3.50327137491233e-09,4.76680204436303e-09,0.73493116397714,0.462381417709831,0.756716967989538
"1388","Pattern_22","HDL Cholesterol",0.20918601287391,0.340462216495461,0.0320579640262915,1.62755727220003,0.153250992195233,9.33557188160876e-05,6.95678990246537e-10,4.26330060943671e-09,0.163178498064778,0.870377895344385,0.959670549892669
"1389","Pattern_22","Height",0.20918601287391,0.267864477441344,0.0175513240938899,1.28050854720771,0.083902952462071,0.00100118058602664,-1.23534597967383e-08,3.8172735950432e-09,-3.2361997350097,0.00121132592333913,0.0526061543850138
"1390","Pattern_22","Inflammatory Bowel Disease",0.20918601287391,0.29544484053764,0.0266415826303848,1.41235466214332,0.127358336555912,0.00164696744656677,-2.07803114320666e-08,9.26147096518806e-09,-2.24373768596538,0.0248492838398765,0.214956406549826
"1391","Pattern_22","LDL Cholesterol",0.20918601287391,0.36425284753617,0.0444234119573774,1.74128682186666,0.212363204150529,0.00056874288382173,-1.76684735634839e-09,4.12207347990742e-09,-0.428630727948127,0.668191979902224,0.874899453064725
"1392","Pattern_22","Systemic Lupus Erythematosus",0.20918601287391,0.328821636649388,0.0440780544418908,1.57191024453241,0.210712245222913,0.00401496736459712,-2.78687672835606e-08,1.91098941607369e-08,-1.45834231467485,0.144746212239217,0.469542590922338
"1393","Pattern_22","Multiple Sclerosis",0.20918601287391,0.571764905616707,0.209077168938487,2.73328459088394,0.999479678713087,0.000964199456030314,-2.37689652461096e-08,9.77176706588007e-09,-2.4324121815289,0.014998628149375,0.167984635273
"1394","Pattern_22","Neuroticism",0.20918601287391,0.233677905587239,0.0150408268457695,1.1170818850498,0.0719016851993617,0.107649551708903,3.84516510716477e-09,1.63464879489409e-09,2.35228822189533,0.0186583111463048,0.188946526989261
"1395","Pattern_22","Primary Biliary Cirrhosis",0.20918601287391,0.292894946745834,0.044401506622594,1.40016506229018,0.212258487135838,0.0504722406178935,-4.47503355109379e-08,2.0917185798418e-08,-2.13940517343984,0.0324028683225531,0.240727267367018
"1396","Pattern_22","Rheumatoid Arthritis",0.20918601287391,0.308193808206792,0.0335614405962055,1.47330026502565,0.160438263223819,0.00188669354323475,-1.01790247961548e-09,6.00607297658594e-09,-0.169478873064591,0.865419988825908,0.956682460374822
"1397","Pattern_22","Schizophrenia",0.20918601287391,0.271480569782454,0.0120422175322667,1.2977950392223,0.0575670302561067,3.61462883747704e-07,1.75540936567732e-08,6.00861007210186e-09,2.92148990301057,0.00348361567100997,0.095160575625527
"1398","Pattern_22","Subjective Well-Being",0.20918601287391,0.253696527340695,0.041849380467876,1.21277959197786,0.200058215618371,0.295794681086791,-2.16560935621999e-10,1.26791770271416e-09,-0.17080046690603,0.864380661931315,0.956527326359771
"1399","Pattern_22","Triglycerides",0.20918601287391,0.349194245834799,0.0350940690116195,1.66930016513714,0.167764892735792,7.98681794045401e-05,4.06888613006374e-09,4.23690000716558e-09,0.960345092681513,0.336881562462371,0.667175455808263
"1400","Pattern_22","Type 1 Diabetes",0.20918601287391,0.415646186899352,0.100150520659962,1.98696930635553,0.478762988423748,0.00555760023110438,-1.17477360338732e-08,1.11172016991726e-08,-1.05671700053328,0.290640763807529,0.630895894720951
"1401","Pattern_22","Type 2 Diabetes",0.20918601287391,0.306530620644677,0.0385961441851345,1.46534950608501,0.184506333166734,0.0100457406927658,3.19166805128369e-09,4.18605421434191e-09,0.762452631489736,0.4457899041032,0.746031398644949
"1402","Pattern_22","Ulcerative Colitis",0.20918601287391,0.291361781742209,0.0363234909523045,1.3928358676535,0.173642063602976,0.0239501729780788,-2.04415549781079e-08,9.85671513640173e-09,-2.07387092913088,0.0380912995788788,0.26317625163589
"1403","Pattern_22","Years of Education (EduYears)",0.20918601287391,0.236436037153678,0.0249985160750551,1.13026695191228,0.119503764767118,0.277590334150206,4.90523095979881e-10,2.23690790376176e-09,0.21928622772309,0.82642708951958,0.946521445908324
"1404","Pattern_22","Years of Education (College)",0.20918601287391,0.252654674551694,0.0108453592757937,1.20779908312505,0.051845527943261,7.05133538609127e-05,3.53448225041411e-09,1.27310892978988e-09,2.77626067000996,0.00549881023118503,0.117554320943247
"1405","Pattern_22","Savage cognition-intelligence",0.20918601287391,0.272045729827162,0.0134498604798576,1.30049674970927,0.064296174945333,4.67001800702814e-06,8.25370434741003e-09,2.6017568412476e-09,3.17235808379855,0.00151206440834888,0.0607108124710646
"1406","Pattern_22","Tissink 2022 - Cerebellar Volume",0.20918601287391,0.32688315727365,0.0261359043837654,1.5626434711516,0.124940974899307,4.83511378266056e-06,1.59291298921858e-08,1.0358056225698e-08,1.53784933631332,0.124085457303206,0.434409070338861
"1407","Pattern_22","Tissink 2022 - Subcortical Volume",0.20918601287391,0.283173222212752,0.0270342448410493,1.35369099645988,0.129235432472938,0.00561628325564891,-1.30089571139145e-08,9.87804263880297e-09,-1.31695697109189,0.187853048147107,0.527823349615774
"1408","Pattern_22","UKB_IDP_0021_Volume_of_left_amygdala",0.20918601287391,0.360530553253808,0.0662290216737572,1.72349263844482,0.316603489706923,0.0101951171232984,2.41229616729053e-09,5.61974611229396e-09,0.429253585320039,0.667738690625188,0.874899453064725
"1409","Pattern_22","UKB_IDP_0024_Volume_of_right_accumbens",0.20918601287391,0.31271267318986,0.0460177272128981,1.49490240238171,0.219984723551455,0.0238541960866888,-2.436500194333e-09,7.50433821068001e-09,-0.32467888918778,0.745424113770278,0.911645123047789
"1410","Pattern_22","UKB_IDP_0026_Volume_of_grey_matter_in_Left_Frontal_Pole",0.20918601287391,0.278207077954357,0.0338478163397888,1.32995066989517,0.161807263663422,0.0340824848513715,-3.79175200180789e-09,6.21741234833719e-09,-0.609860145888824,0.541954454986989,0.799777448136139
"1411","Pattern_22","UKB_IDP_0137_IDP_T1_FAST_ROIs_L_cerebellum_I-IV",0.20918601287391,0.296652301521661,0.0269105915126956,1.41812685009907,0.12864431585546,0.000509778357168314,5.43580800645689e-09,7.88080121232758e-09,0.68975321924805,0.490349391922203,0.772363809038081
"1412","Pattern_22","UKB_IDP_0138_IDP_T1_FAST_ROIs_R_cerebellum_I-IV",0.20918601287391,0.293208390086029,0.0276317141606236,1.40166345759821,0.132091595327069,0.00109701379537609,4.66384125295556e-10,8.5118289455939e-09,0.0547924691951166,0.95630380010291,0.98643455483228
"1413","Pattern_22","UKB_IDP_0139_IDP_T1_FAST_ROIs_L_cerebellum_V",0.20918601287391,0.308198313993493,0.0278539143568792,1.47332180464314,0.133153808776252,0.000249763798907898,9.59329106114642e-09,7.84233888727285e-09,1.22326912915165,0.22122806302475,0.564476400619506
"1414","Pattern_22","UKB_IDP_0140_IDP_T1_FAST_ROIs_R_cerebellum_V",0.20918601287391,0.302672211240175,0.029754647743811,1.4469046332587,0.142240139935867,0.00160028485806631,3.82463011276599e-09,8.60955292129632e-09,0.444230977813668,0.656875597737041,0.868481626255784
"1415","Pattern_22","UKB_IDP_0141_IDP_T1_FAST_ROIs_L_cerebellum_VI",0.20918601287391,0.331358460111555,0.027713897468869,1.58403736253287,0.13248446723622,3.22472746176741e-06,1.33715850447757e-08,7.95567251958414e-09,1.6807611187941,0.0928093236520778,0.385530549806609
"1416","Pattern_22","UKB_IDP_0142_IDP_T1_FAST_ROIs_V_cerebellum_VI",0.20918601287391,0.289162570388223,0.026308356166053,1.38232268216957,0.125765369321852,0.00178781356737303,4.78001400961218e-09,8.00188680654705e-09,0.597360863153078,0.550266477401155,0.809237777408194
"1417","Pattern_22","UKB_IDP_0143_IDP_T1_FAST_ROIs_R_cerebellum_VI",0.20918601287391,0.340139010749261,0.0302200722145807,1.62601220835107,0.144465071059968,5.02647161861166e-06,1.46973811936964e-08,8.14115916228562e-09,1.80531800210747,0.0710249341875252,0.355488619298861
"1418","Pattern_22","UKB_IDP_0144_IDP_T1_FAST_ROIs_L_cerebellum_crus_I",0.20918601287391,0.253519320948174,0.0193121188351325,1.21193246845326,0.0923203161139326,0.0210065129756409,-8.44095880815536e-10,8.62084354234731e-09,-0.0979133743315452,0.9220010798385,0.974826951911327
"1419","Pattern_22","UKB_IDP_0145_IDP_T1_FAST_ROIs_V_cerebellum_crus_I",0.20918601287391,0.281183424816527,0.0603993216635939,1.34417890065152,0.288734991569443,0.215034726662408,3.32484114796176e-09,5.88134003802888e-09,0.565320339661244,0.571855896586258,0.818362708148217
"1420","Pattern_22","UKB_IDP_0146_IDP_T1_FAST_ROIs_R_cerebellum_crus_I",0.20918601287391,0.264763944377237,0.0198253636578943,1.26568665246671,0.0947738492909862,0.00450589140037906,1.51356957639024e-09,8.48837726875195e-09,0.178310827672812,0.85847887582757,0.953526292210817
"1421","Pattern_22","UKB_IDP_0147_IDP_T1_FAST_ROIs_L_cerebellum_crus_II",0.20918601287391,0.255554765120535,0.0232773235340966,1.22166277567791,0.11127571683355,0.0500623536520084,-4.56998972475829e-09,8.65133117312454e-09,-0.52824121898778,0.597331923894949,0.829788911821358
"1422","Pattern_22","UKB_IDP_0148_IDP_T1_FAST_ROIs_V_cerebellum_crus_II",0.20918601287391,0.284028759489455,0.0275935314509679,1.35778083623907,0.131909065390526,0.00446301335487048,9.67250605107593e-09,7.60977076577766e-09,1.2710640502569,0.203705863329436,0.547205276662177
"1423","Pattern_22","UKB_IDP_0149_IDP_T1_FAST_ROIs_R_cerebellum_crus_II",0.20918601287391,0.264344552518688,0.0211209342569866,1.26368177722296,0.100967239476559,0.009993936140492,-4.10533736688519e-10,8.3470709525117e-09,-0.0491829695738942,0.960773483151658,0.989127224067116
"1424","Pattern_22","UKB_IDP_0150_IDP_T1_FAST_ROIs_L_cerebellum_VIIb",0.20918601287391,0.244971990464393,0.0263485749994537,1.17107251626835,0.125957632814273,0.177253089479744,-8.0536680708799e-09,9.51805744811461e-09,-0.846146192622026,0.397471194470957,0.709743864201716
"1425","Pattern_22","UKB_IDP_0151_IDP_T1_FAST_ROIs_V_cerebellum_VIIb",0.20918601287391,0.298602827972038,0.0248337749493418,1.42745121372921,0.118716230632068,7.65410578235599e-05,1.40378220168518e-08,6.8873441704565e-09,2.03820539084826,0.0415293966120001,0.271921710739496
"1426","Pattern_22","UKB_IDP_0152_IDP_T1_FAST_ROIs_R_cerebellum_VIIb",0.20918601287391,0.22833756402276,0.0236551898470812,1.09155273283207,0.113082081933173,0.423590562846669,-1.2808871685643e-08,9.725320236451e-09,-1.31706425847395,0.187817086204994,0.527823349615774
"1427","Pattern_22","UKB_IDP_0153_IDP_T1_FAST_ROIs_L_cerebellum_VIIIa",0.20918601287391,0.265288763683573,0.0278519865665348,1.26819551670254,0.133144593101084,0.0475831858305901,-1.9933498517268e-09,9.92437650274271e-09,-0.200853912704331,0.840812805578133,0.949707882309059
"1428","Pattern_22","UKB_IDP_0154_IDP_T1_FAST_ROIs_V_cerebellum_VIIIa",0.20918601287391,0.304892772280818,0.0255009053177245,1.45751987951793,0.121905403556286,0.000227820769147306,1.52585812813165e-08,1.03143637224485e-08,1.47935264761968,0.139046088763045,0.460887970230154
"1429","Pattern_22","UKB_IDP_0155_IDP_T1_FAST_ROIs_R_cerebellum_VIIIa",0.20918601287391,0.243026022816854,0.0262941754590696,1.16176994569585,0.125697579383182,0.203080229161779,-5.52436442503252e-09,8.9523071694495e-09,-0.617088346106452,0.537176455043502,0.796499146450718
"1430","Pattern_22","UKB_IDP_0156_IDP_T1_FAST_ROIs_L_cerebellum_VIIIb",0.20918601287391,0.301791248731924,0.0271045902085163,1.44269324982944,0.129571713883442,0.000721765940920407,9.95383812210603e-09,9.31004689143475e-09,1.06915015984115,0.285002012583619,0.622673801620063
"1431","Pattern_22","UKB_IDP_0157_IDP_T1_FAST_ROIs_V_cerebellum_VIIIb",0.20918601287391,0.287338233187399,0.0261047330387362,1.3736015579617,0.124791962331015,0.00364414916983099,1.02589187928445e-08,1.20060526868905e-08,0.854478908296503,0.392839690978794,0.707843236581604
"1432","Pattern_22","UKB_IDP_0158_IDP_T1_FAST_ROIs_R_cerebellum_VIIIb",0.20918601287391,0.262583731751426,0.0296543637247152,1.25526428915542,0.141760738766935,0.0699892764816349,-1.92499442875685e-10,7.93631382309795e-09,-0.0242555230509449,0.980648790146223,0.992756358335072
"1433","Pattern_22","UKB_IDP_0159_IDP_T1_FAST_ROIs_L_cerebellum_IX",0.20918601287391,0.295997211875642,0.0276268655765278,1.41499523705755,0.132068416989143,0.00240658414250136,7.85097876493579e-09,1.2309026258578e-08,0.637822895167241,0.523588974041004,0.792354640132216
"1434","Pattern_22","UKB_IDP_0160_IDP_T1_FAST_ROIs_V_cerebellum_IX",0.20918601287391,0.303968550938728,0.0274262186428673,1.45310170007375,0.131109237496671,0.000359227834523142,6.52180477777229e-09,9.25044349278132e-09,0.705026173378784,0.480793948145244,0.76347886585647
"1435","Pattern_22","UKB_IDP_0161_IDP_T1_FAST_ROIs_R_cerebellum_IX",0.20918601287391,0.302230242010035,0.0260406233428605,1.44479182837243,0.124485490139137,0.000492757849125068,8.62906460863787e-09,1.0698547517092e-08,0.806564124228273,0.419917649954317,0.728709686169568
"1436","Pattern_22","UKB_IDP_0162_IDP_T1_FAST_ROIs_L_cerebellum_X",0.20918601287391,0.295577565558746,0.029041537302551,1.41298914539238,0.138831162292176,0.00226756326286285,8.20529719286894e-09,7.71677755319347e-09,1.06330617104199,0.287643127563702,0.626514406812238
"1437","Pattern_22","UKB_IDP_0163_IDP_T1_FAST_ROIs_V_cerebellum_X",0.20918601287391,0.269626643939371,0.0284060181068585,1.28893246845281,0.135793104503506,0.0284961466116713,-4.16924609817376e-09,7.09107058389718e-09,-0.587957213067591,0.556561012486295,0.811762737882683
"1438","Pattern_22","UKB_IDP_0164_IDP_T1_FAST_ROIs_R_cerebellum_X",0.20918601287391,0.273385195118743,0.0318588083493,1.30689997559029,0.152298941557356,0.0500672865077973,-2.21964012300583e-09,8.17991856531233e-09,-0.271352349694337,0.786120046975331,0.926280985583335
"1439","Pattern_22","UKB_IDP_0193_aseg_lh_volume_Cerebellum-White-Matter",0.20918601287391,0.360802736607029,0.031614746378167,1.72479379309413,0.151132219328752,1.45624266350263e-07,1.45921457779936e-08,8.93356495711369e-09,1.63340680322407,0.102383467149189,0.400590709968198
"1440","Pattern_22","UKB_IDP_0194_aseg_lh_volume_Cerebellum-Cortex",0.20918601287391,0.328150161633897,0.0240809524562174,1.56870030230795,0.115117412131816,8.68159385232457e-07,1.83550146033223e-08,8.9136307933606e-09,2.05920741265099,0.0394743733776947,0.26667132237376
"1441","Pattern_22","UKB_IDP_0210_aseg_rh_volume_Cerebellum-White-Matter",0.20918601287391,0.363482403115498,0.032182010631721,1.73760376289878,0.15384398884795,1.85459446718414e-07,1.32871231264218e-08,8.0594486312281e-09,1.64863922265575,0.0992215682532161,0.396141645858994
"1442","Pattern_22","UKB_IDP_0211_aseg_rh_volume_Cerebellum-Cortex",0.20918601287391,0.317214399308486,0.0226580132957801,1.51642260852159,0.108315144901383,1.28245459673134e-06,1.29755090676746e-08,8.35817725119984e-09,1.55243286636592,0.120558684459684,0.429011505903358
"1443","Pattern_22","UKB_IDP_0434_Volume_of_V1_in_the_right_hemisphere",0.20918601287391,0.236791989279776,0.0277454867113731,1.13196855768032,0.132635477535953,0.315841951569834,-9.30322462333397e-09,8.14519368046076e-09,-1.14217353058788,0.25338189607281,0.589365808945296
"1444","Pattern_22","UKB_IDP_0442_Volume_of_entorhinal_in_the_left_hemisphere_DKT_parcellation",0.20918601287391,0.234345892654424,0.0342715843511416,1.1202751533664,0.163833058818322,0.458023808575381,-4.87588442845646e-09,6.23100605664758e-09,-0.782519609855714,0.433909265410121,0.738224143194281
"1445","Pattern_17","Demontis 2023 -  Attention Deficit Hyperactivity Disorder",0.229402339828716,0.262977446370127,0.013543347082579,1.14635904135276,0.0590375280944874,0.0141550907649829,2.07297236954457e-09,1.36217459780042e-09,1.52181106070537,0.12805642924253,0.438385140772806
"1446","Pattern_17","Grove 2019  - Autism Spectrum Disorder",0.229402339828716,0.268240707783843,0.0252788545404894,1.16930240547732,0.110194405860742,0.13858040022766,5.01338479405811e-09,4.47772969175663e-09,1.11962649359733,0.262872960759071,0.600055110270451
"1447","Pattern_17","Chambers_total_cerebellar_volume",0.229402339828716,0.316345098208494,0.0211077462713063,1.37899682472591,0.0920119048788536,3.0518820949787e-05,8.29894175063724e-09,8.51022077332778e-09,0.975173496867118,0.32947420629624,0.662685360111907
"1448","Pattern_17","Davies reaction time",0.229402339828716,0.290374239558884,0.01363235371813,1.26578586676881,0.059425521676495,1.71772863635944e-05,3.91085070141898e-09,1.18911559457829e-09,3.28887344447444,0.00100589242217681,0.0480950346954632
"1449","Pattern_17","Gui_age_onset_walking",0.229402339828716,0.246818514274734,0.0173474946998823,1.07591977683846,0.075620391286483,0.314521785223387,3.3921281508564e-09,4.02380507340962e-09,0.843015029051105,0.39922003849068,0.709834268954472
"1450","Pattern_17","Huang_neurodev_disorders",0.229402339828716,0.292444071565004,0.131281887104188,1.27480858208926,0.572277890461842,0.621858969671264,2.58441857030351e-09,5.54662433035836e-09,0.46594440444762,0.641255295774087,0.857528481581786
"1451","Pattern_17","Lee_cognitive_performance",0.229402339828716,0.280908119125115,0.00970598501358655,1.22452159526732,0.0423098780109808,2.63026694523032e-07,1.02130761085543e-09,3.90447880745737e-10,2.61573352352376,0.00890360140602939,0.143536846909322
"1452","Pattern_17","Lee_educ_attainment",0.229402339828716,0.270770306837657,0.00864516874122016,1.18032931590771,0.0376856171025766,3.19798768192634e-06,1.84503603290432e-09,5.88888261437137e-10,3.13308339412583,0.00172980287023288,0.062349673594311
"1453","Pattern_17","Alzheimer's Disease",0.229402339828716,0.389837326037937,0.058061531758433,1.69936072286364,0.253099126198036,0.00276891687344974,6.0787947676753e-10,3.84135438069172e-09,0.158246133140694,0.874262852708722,0.960300915669594
"1454","Pattern_17","Anorexia Nervosa",0.229402339828716,0.239947013222198,0.0281896860542523,1.04596584935165,0.122883167082342,0.707586610052457,2.99764508768326e-09,6.48115388700272e-09,0.462517190603162,0.643710477515463,0.858818743669532
"1455","Pattern_17","Autism Spectrum Disorder",0.229402339828716,0.243126825104226,0.0224000144930495,1.05982713727226,0.0976451003497809,0.543818598086692,2.03803569158149e-08,1.43890241997009e-08,1.41638214189942,0.156663649608546,0.485143353999697
"1456","Pattern_17","Bipolar Disorder",0.229402339828716,0.288160857918126,0.0370927012065839,1.25613739656397,0.161692776256246,0.109553045088355,4.56394566519801e-09,1.50014197504493e-08,0.304234248565794,0.76094943412909,0.918790292361247
"1457","Pattern_17","Body Mass Index",0.229402339828716,0.280469697790451,0.0153288960043597,1.22261044939587,0.0668210098284309,0.00123102769956331,2.94521982265363e-09,2.54948525088007e-09,1.15522136150306,0.247999789202875,0.584433611764915
"1458","Pattern_17","Celiac Disease",0.229402339828716,0.249211113388117,0.0467187286735289,1.08634948350654,0.203654107052315,0.66732333144233,-3.72786223403533e-08,1.57180520646043e-08,-2.37170752375236,0.0177061003732484,0.185608776326466
"1459","Pattern_17","Coronary Artery Disease",0.229402339828716,0.334704627723603,0.0400274520265919,1.45902883106385,0.174485805404071,0.00601347610095832,-9.51676403470413e-11,2.82880810556448e-09,-0.0336423103991534,0.973162382530071,0.9907849285027
"1460","Pattern_17","Crohn's Disease",0.229402339828716,0.325402528992561,0.0301262593488256,1.41847955533289,0.131324987231253,0.000826630757006995,-3.41618727693007e-09,1.53270917353313e-08,-0.222885550365386,0.823624582665629,0.94645486675332
"1461","Pattern_17","Depressive Symptoms",0.229402339828716,0.250451284954184,0.0259942810055097,1.09175558166139,0.113313059600519,0.417814707811531,1.90290263125237e-09,1.09957483238795e-09,1.73058037998181,0.0835266335400274,0.378954420168994
"1462","Pattern_17","Ever Smoked",0.229402339828716,0.243120954544135,0.030136678997563,1.05980154660001,0.131370408078944,0.64911264480469,1.62364493230269e-09,2.73308839314038e-09,0.594069674576858,0.5524655127454,0.810210331068183
"1463","Pattern_17","Fasting Glucose",0.229402339828716,0.341802816633791,0.0450735490901959,1.48997092570633,0.196482516803666,0.00965137709544365,1.40191730797262e-09,4.72013998143987e-09,0.29700757042908,0.766460729430414,0.918790292361247
"1464","Pattern_17","HDL Cholesterol",0.229402339828716,0.336572520264935,0.0311554499466737,1.46717126127065,0.135811386971624,0.00145428743714806,-5.82170256878694e-10,3.89352021816503e-09,-0.149522854449967,0.881141076831737,0.960300915669594
"1465","Pattern_17","Height",0.229402339828716,0.306306956130354,0.0189519865670385,1.33523902310264,0.0826146175369835,0.000103637572931745,-3.44431697066319e-09,4.10414881775505e-09,-0.83922808933308,0.401341327579293,0.711379299587359
"1466","Pattern_17","Inflammatory Bowel Disease",0.229402339828716,0.313283882701973,0.0260498792787188,1.36565251660418,0.113555421004725,0.00230127489164323,-1.04020857849953e-08,9.42940267366486e-09,-1.10315426596926,0.269960178240776,0.606403819107296
"1467","Pattern_17","LDL Cholesterol",0.229402339828716,0.332748156674734,0.036694074147146,1.45050027355075,0.15995509973675,0.00485597751273055,-5.18595757499251e-09,3.14430076877644e-09,-1.64931981904853,0.0990821314587342,0.396141645858994
"1468","Pattern_17","Systemic Lupus Erythematosus",0.229402339828716,0.343954614753601,0.0418583008809476,1.49935094389366,0.182466756495166,0.00567675151238083,-1.64667393525925e-08,1.77355273192985e-08,-0.928460657308714,0.353168666699317,0.675240721236429
"1469","Pattern_17","Multiple Sclerosis",0.229402339828716,0.546446952489874,0.182817770508548,2.38204611556221,0.796930714155091,0.0046523989004076,-1.92030196723473e-08,9.04787049586905e-09,-2.12238003197711,0.0338058376341071,0.245524991417679
"1470","Pattern_17","Neuroticism",0.229402339828716,0.250826349804916,0.0143027252897301,1.09339054689763,0.0623477742223958,0.14984297524362,3.01063873136801e-09,1.4029369896985e-09,2.14595434682708,0.0318766212047433,0.238850175787654
"1471","Pattern_17","Primary Biliary Cirrhosis",0.229402339828716,0.318967078206273,0.0400212539440972,1.39042643786646,0.174458787011411,0.0224615952344751,-2.6778600428108e-08,1.83374319794298e-08,-1.46032445863451,0.144200923085436,0.468487884466883
"1472","Pattern_17","Rheumatoid Arthritis",0.229402339828716,0.304596750230943,0.0337281044940485,1.32778397316423,0.147025982905107,0.0248215160745243,-3.73732819417963e-09,5.98448906580633e-09,-0.624502468478665,0.532297649711155,0.796499146450718
"1473","Pattern_17","Schizophrenia",0.229402339828716,0.295655344587414,0.0128872708296543,1.28880701394836,0.0561775910362404,3.84038785190473e-07,1.76900464880608e-08,6.01285974304616e-09,2.94203544470155,0.00326062603676599,0.09493633109164
"1474","Pattern_17","Subjective Well-Being",0.229402339828716,0.25551911977914,0.0411582962578322,1.11384705129827,0.17941532893066,0.530162445360133,-6.58202472130382e-10,1.14649722996396e-09,-0.574098615267543,0.56590107035233,0.817511501842868
"1475","Pattern_17","Triglycerides",0.229402339828716,0.317629263899615,0.031058365725461,1.38459470002256,0.13538818195425,0.00425974342088717,-1.89418630501541e-09,3.86656018168963e-09,-0.489889259705685,0.624212263532826,0.84529734207911
"1476","Pattern_17","Type 1 Diabetes",0.229402339828716,0.382603382947555,0.0920786090336167,1.66782685491886,0.401384785797597,0.044756076740471,-1.31852221567131e-08,9.87458020387032e-09,-1.33526913392684,0.181788277008345,0.5215595446854
"1477","Pattern_17","Type 2 Diabetes",0.229402339828716,0.299133979687604,0.0397991163250547,1.30397091812993,0.173490455044054,0.0723182172231917,4.47716248377822e-10,3.92033835871605e-09,0.114203471081117,0.909076500389239,0.968609033577714
"1478","Pattern_17","Ulcerative Colitis",0.229402339828716,0.272025263963226,0.0358286377256644,1.18579986658521,0.156182529578451,0.238485509265135,-2.33829901958491e-08,9.52575960365723e-09,-2.45471134783536,0.0140997754620147,0.165769735818603
"1479","Pattern_17","Years of Education (EduYears)",0.229402339828716,0.270775011246832,0.0247539989723855,1.18034982314917,0.107906479902812,0.102437674776989,1.72515879007053e-09,2.07853535532045e-09,0.82998770535927,0.40654573494579,0.716521257238027
"1480","Pattern_17","Years of Education (College)",0.229402339828716,0.278311651732649,0.0121525918139004,1.21320319548811,0.0529750124736048,7.14441626134573e-05,3.76133558261649e-09,1.38639647623932e-09,2.71303025294707,0.00666710195326917,0.130161403271163
"1481","Pattern_17","Savage cognition-intelligence",0.229402339828716,0.292680049720771,0.0133759879537578,1.27583724707996,0.0583079839715019,4.76403188623463e-06,7.01810895950416e-09,2.43989175060872e-09,2.876401773871,0.00402237364632042,0.0983863347054005
"1482","Pattern_17","Tissink 2022 - Cerebellar Volume",0.229402339828716,0.329645601585601,0.0247194267711023,1.43697575984505,0.107755774372481,2.43762341043678e-05,1.04904126227272e-08,9.43066063600692e-09,1.11237303807477,0.265977792194737,0.604056287929989
"1483","Pattern_17","Tissink 2022 - Subcortical Volume",0.229402339828716,0.352091738680426,0.0271766222947316,1.53482191569326,0.118467066704825,3.7369481647217e-06,9.97652281215444e-09,8.56414874550161e-09,1.16491704063345,0.244052575012574,0.579929868649436
"1484","Pattern_17","UKB_IDP_0021_Volume_of_left_amygdala",0.229402339828716,0.370661296465976,0.0732041061608406,1.61576946748988,0.319107931573404,0.0376911066289296,2.50471647520398e-09,6.06162509863416e-09,0.413208740964259,0.679453684530879,0.879985271490153
"1485","Pattern_17","UKB_IDP_0024_Volume_of_right_accumbens",0.229402339828716,0.322013637265852,0.0457777377866707,1.40370685628701,0.199552183385971,0.0393879439140748,-1.22809430694488e-09,6.69136383595797e-09,-0.183534229650667,0.854378863515861,0.953526292210817
"1486","Pattern_17","UKB_IDP_0026_Volume_of_grey_matter_in_Left_Frontal_Pole",0.229402339828716,0.288724824186455,0.0311553901862785,1.25859581206553,0.135811126466891,0.0497307513207179,-3.81328240650019e-09,5.47232975533932e-09,-0.696829792243348,0.48590931918734,0.76809467059078
"1487","Pattern_17","UKB_IDP_0137_IDP_T1_FAST_ROIs_L_cerebellum_I-IV",0.229402339828716,0.265399140560689,0.0261503793258265,1.15691557792676,0.113993516131316,0.163374832360406,-8.74452450156813e-09,7.62920602257596e-09,-1.14619063578723,0.251716281648365,0.587982708394864
"1488","Pattern_17","UKB_IDP_0138_IDP_T1_FAST_ROIs_R_cerebellum_I-IV",0.229402339828716,0.286864376932823,0.0265806321908443,1.25048583701026,0.115869054390164,0.0276766069500096,-5.03183512175475e-09,7.71606568093574e-09,-0.652124454330012,0.514320889638546,0.786825918871909
"1489","Pattern_17","UKB_IDP_0139_IDP_T1_FAST_ROIs_L_cerebellum_V",0.229402339828716,0.303733280775465,0.0276860476465128,1.32401997731256,0.120687729982112,0.00635932690679867,4.42377334247266e-09,7.50669382084486e-09,0.589310480492565,0.55565301559339,0.811311640416095
"1490","Pattern_17","UKB_IDP_0140_IDP_T1_FAST_ROIs_R_cerebellum_V",0.229402339828716,0.313996763982467,0.0282877993036975,1.36876007549406,0.12331085779168,0.00325385675470557,3.96308448390299e-09,7.92632525956899e-09,0.499990140969625,0.617082019514586,0.843901418742798
"1491","Pattern_17","UKB_IDP_0141_IDP_T1_FAST_ROIs_L_cerebellum_VI",0.229402339828716,0.318061885572981,0.0252143570930935,1.38648056428048,0.10991325159072,0.000212378848135231,3.61863752002697e-09,7.21563575910949e-09,0.50149947154117,0.616019649666743,0.843901418742798
"1492","Pattern_17","UKB_IDP_0142_IDP_T1_FAST_ROIs_V_cerebellum_VI",0.229402339828716,0.306022750612318,0.0265180028433087,1.33400012763955,0.115596043454083,0.00324662148024339,5.44076196030719e-09,7.3566288159035e-09,0.739572716859848,0.459559301566351,0.756716967989538
"1493","Pattern_17","UKB_IDP_0143_IDP_T1_FAST_ROIs_R_cerebellum_VI",0.229402339828716,0.332416099412007,0.0286761044761232,1.44905278498993,0.125003539621847,0.000123476422774939,7.80652096697806e-09,7.44089631897213e-09,1.04913717814797,0.294114987120897,0.630895894720951
"1494","Pattern_17","UKB_IDP_0144_IDP_T1_FAST_ROIs_L_cerebellum_crus_I",0.229402339828716,0.265436856898825,0.0203091104997554,1.15707998923208,0.0885305290038422,0.0705747123298773,-3.42654625258929e-09,8.27581925913183e-09,-0.41404314730633,0.678842507952201,0.879985271490153
"1495","Pattern_17","UKB_IDP_0145_IDP_T1_FAST_ROIs_V_cerebellum_crus_I",0.229402339828716,0.319681778435817,0.0608744661675932,1.39354192583436,0.265361138918833,0.119519022616551,4.09577609263385e-09,5.39695821901147e-09,0.758904539636041,0.447909663147853,0.74874451153074
"1496","Pattern_17","UKB_IDP_0146_IDP_T1_FAST_ROIs_R_cerebellum_crus_I",0.229402339828716,0.275571454028085,0.0208269268145293,1.20125825322375,0.0907877697763666,0.0225239233865843,-1.25332509251728e-09,8.2872790894281e-09,-0.15123481169062,0.879790490345399,0.960300915669594
"1497","Pattern_17","UKB_IDP_0147_IDP_T1_FAST_ROIs_L_cerebellum_crus_II",0.229402339828716,0.273033756557396,0.0236949248672843,1.19019604055154,0.103289813368844,0.0694235484327811,-2.40456209711746e-09,7.97851735258116e-09,-0.30137956600916,0.763125074350167,0.918790292361247
"1498","Pattern_17","UKB_IDP_0148_IDP_T1_FAST_ROIs_V_cerebellum_crus_II",0.229402339828716,0.293007701389169,0.0277296215314441,1.27726553097908,0.120877675232731,0.0192245988470277,7.013080411179e-09,7.22236261941562e-09,0.971023026776028,0.331536812021128,0.663804541653587
"1499","Pattern_17","UKB_IDP_0149_IDP_T1_FAST_ROIs_R_cerebellum_crus_II",0.229402339828716,0.275091163251071,0.0220374526801844,1.19916459202844,0.096064637774134,0.0464740746251179,-2.22079726841037e-09,8.11898949730953e-09,-0.273531240451326,0.784444881220302,0.925331877625722
"1500","Pattern_17","UKB_IDP_0150_IDP_T1_FAST_ROIs_L_cerebellum_VIIb",0.229402339828716,0.250309901210757,0.0259027309137668,1.09113926822914,0.112913978702689,0.421552467043435,-1.09012926907067e-08,8.34952579962416e-09,-1.30561818147773,0.191682434251633,0.529740545568149
"1501","Pattern_17","UKB_IDP_0151_IDP_T1_FAST_ROIs_V_cerebellum_VIIb",0.229402339828716,0.321353907193799,0.0258109829946876,1.40083099167052,0.112514035445146,0.000100568532805248,1.53308220889792e-08,6.67645722197651e-09,2.29625107737014,0.0216615296020207,0.200093432507196
"1502","Pattern_17","UKB_IDP_0152_IDP_T1_FAST_ROIs_R_cerebellum_VIIb",0.229402339828716,0.237403095143072,0.0230294947206938,1.03487652009273,0.100389101252798,0.72785153315655,-1.4375100520968e-08,8.33488492852331e-09,-1.72469093985619,0.0845831846853917,0.380702567991731
"1503","Pattern_17","UKB_IDP_0153_IDP_T1_FAST_ROIs_L_cerebellum_VIIIa",0.229402339828716,0.260393084392779,0.0259760791585717,1.13509341093557,0.11323371495673,0.238661750489488,-8.58277224430359e-09,8.27547998695763e-09,-1.03713286212162,0.299673941867442,0.636433281730456
"1504","Pattern_17","UKB_IDP_0154_IDP_T1_FAST_ROIs_V_cerebellum_VIIIa",0.229402339828716,0.318398324610917,0.0245320030000988,1.3879471536718,0.1069387653954,0.000348284857103274,1.28895896502744e-08,8.77131659366339e-09,1.46951595152615,0.141692898442792,0.46392013040707
"1505","Pattern_17","UKB_IDP_0155_IDP_T1_FAST_ROIs_R_cerebellum_VIIIa",0.229402339828716,0.256571231586949,0.0243872067840327,1.11843336811001,0.106307576471284,0.277165442571783,-5.61934655176001e-09,7.6414495646238e-09,-0.735377038641314,0.462109901794487,0.756716967989538
"1506","Pattern_17","UKB_IDP_0156_IDP_T1_FAST_ROIs_L_cerebellum_VIIIb",0.229402339828716,0.311552044464058,0.0241188805164541,1.35810316798285,0.105137901097533,0.0012055572549069,7.55560379898035e-09,7.77789925970338e-09,0.971419601450133,0.331339371459945,0.663804541653587
"1507","Pattern_17","UKB_IDP_0157_IDP_T1_FAST_ROIs_V_cerebellum_VIIIb",0.229402339828716,0.306980889912184,0.0242852643868416,1.33817680386953,0.105863193919357,0.00227646116238233,1.12168442642785e-08,9.99931780146241e-09,1.121760952796,0.261964092570869,0.599418912893343
"1508","Pattern_17","UKB_IDP_0158_IDP_T1_FAST_ROIs_R_cerebellum_VIIIb",0.229402339828716,0.294155927819271,0.0283526015315336,1.28227082617773,0.123593340646408,0.0247512313289164,4.48539986973649e-09,6.83431054216667e-09,0.656306125111267,0.511627177328742,0.784962244668755
"1509","Pattern_17","UKB_IDP_0159_IDP_T1_FAST_ROIs_L_cerebellum_IX",0.229402339828716,0.316880401839191,0.0268587419869217,1.38133029539189,0.117081377665877,0.00168251577189979,8.53489382413709e-09,1.06048464296841e-08,0.804810694876923,0.42092892909064,0.728709686169568
"1510","Pattern_17","UKB_IDP_0160_IDP_T1_FAST_ROIs_V_cerebellum_IX",0.229402339828716,0.318176418713807,0.0269199086820076,1.3869798318159,0.117348012675492,0.000849119995296009,5.62850379274397e-09,8.66868230523447e-09,0.649291737147326,0.516149825548738,0.789056629861863
"1511","Pattern_17","UKB_IDP_0161_IDP_T1_FAST_ROIs_R_cerebellum_IX",0.229402339828716,0.318287125721151,0.025319963466922,1.38746242064837,0.110373605979029,0.000649015393062635,8.32274722332934e-09,9.31498865155904e-09,0.893479051306882,0.37160068568085,0.69100139960959
"1512","Pattern_17","UKB_IDP_0162_IDP_T1_FAST_ROIs_L_cerebellum_X",0.229402339828716,0.303153006097989,0.0292510802101417,1.32149047095308,0.127509947073696,0.00875746339650681,4.72107345601183e-09,7.0649566981711e-09,0.668238130494695,0.503981599269507,0.78180367160273
"1513","Pattern_17","UKB_IDP_0163_IDP_T1_FAST_ROIs_V_cerebellum_X",0.229402339828716,0.296388728449107,0.0305590169169798,1.2920039467357,0.133211443875406,0.0245866065416892,-1.21232092171991e-09,7.04575940886344e-09,-0.172063911264814,0.863387284212146,0.956514504425
"1514","Pattern_17","UKB_IDP_0164_IDP_T1_FAST_ROIs_R_cerebellum_X",0.229402339828716,0.298184216433791,0.0336636581571892,1.29983075436995,0.146745051433757,0.0431389976411145,6.4947931056023e-10,7.58598164691393e-09,0.0856157239484552,0.93177189845383,0.979288013459795
"1515","Pattern_17","UKB_IDP_0193_aseg_lh_volume_Cerebellum-White-Matter",0.229402339828716,0.371687845658088,0.0310339289684986,1.62024435293733,0.135281658380948,4.64155876950906e-07,1.42140889690166e-08,8.15484086158104e-09,1.74302469052239,0.0813293020409692,0.376236423354744
"1516","Pattern_17","UKB_IDP_0194_aseg_lh_volume_Cerebellum-Cortex",0.229402339828716,0.321200433609771,0.0228939905649729,1.40016197676796,0.0997984178455491,4.38334416071877e-05,9.49767681623999e-09,7.52855748658839e-09,1.26155333650031,0.207109556250905,0.547205276662177
"1517","Pattern_17","UKB_IDP_0210_aseg_rh_volume_Cerebellum-White-Matter",0.229402339828716,0.361000479615557,0.0326166073640701,1.57365648443298,0.142180796361639,1.08683020863375e-05,9.26697212239634e-09,7.66249010384277e-09,1.20939433484539,0.226511384075018,0.569919547498901
"1518","Pattern_17","UKB_IDP_0211_aseg_rh_volume_Cerebellum-Cortex",0.229402339828716,0.312212666155354,0.0216677886500698,1.36098291930443,0.0944532155436955,9.42567207867645e-05,5.46423102413962e-09,7.23529599093943e-09,0.75521872650163,0.450117754298429,0.750666599645028
"1519","Pattern_17","UKB_IDP_0434_Volume_of_V1_in_the_right_hemisphere",0.229402339828716,0.296923632911431,0.0305120444977854,1.2943356773655,0.133006683892446,0.02410989715279,5.61647547162939e-09,8.23416428597846e-09,0.682094172106014,0.495179405491335,0.775777592122746
"1520","Pattern_17","UKB_IDP_0442_Volume_of_entorhinal_in_the_left_hemisphere_DKT_parcellation",0.229402339828716,0.230921766493867,0.0362759045179179,1.00662341398211,0.158132234156824,0.96663070222262,-7.0070399356349e-09,5.93773166172252e-09,-1.18008699867757,0.237965615029653,0.576336899613276
"1521","Pattern_5","Demontis 2023 -  Attention Deficit Hyperactivity Disorder",0.217662901268738,0.266003795046367,0.0153114983853847,1.22209064335656,0.0703450073307639,0.00166386074266812,3.2469091284023e-09,1.4978303040168e-09,2.16774164582925,0.03017834893649,0.236101200503128
"1522","Pattern_5","Grove 2019  - Autism Spectrum Disorder",0.217662901268738,0.262555893339451,0.0290177242076931,1.20625008583932,0.133314974846661,0.10478067284222,5.97548842926442e-09,5.41552667479315e-09,1.10339931609563,0.269853793559224,0.606403819107296
"1523","Pattern_5","Chambers_total_cerebellar_volume",0.217662901268738,0.33485798848286,0.0258243557264456,1.5384247224998,0.118643809192645,9.79667762282537e-08,2.10773387099768e-08,9.5191305011227e-09,2.21420839933762,0.026814446342467,0.222895085221757
"1524","Pattern_5","Davies reaction time",0.217662901268738,0.266176383099791,0.0135124012907662,1.22288355777798,0.0620794871886923,0.000489399380453177,2.72756717446415e-09,1.21832327347295e-09,2.23878771246728,0.0251697321591298,0.216339683602594
"1525","Pattern_5","Gui_age_onset_walking",0.217662901268738,0.26065913265022,0.0166128007585338,1.19753587373347,0.0763235290060879,0.0102153425887608,8.24084140699036e-09,3.95079640755275e-09,2.08586840649048,0.0369905448254666,0.260620633147442
"1526","Pattern_5","Huang_neurodev_disorders",0.217662901268738,0.19038371899803,0.135136369812195,0.874672339145993,0.620851642721369,0.837099714122236,-2.58924938110105e-09,5.77202213537452e-09,-0.448586183554725,0.653730202493892,0.866752567543303
"1527","Pattern_5","Lee_cognitive_performance",0.217662901268738,0.274387075164265,0.0101169045185669,1.26060561338146,0.0464796915762691,3.7115083904449e-08,1.22943658456276e-09,4.10517045461217e-10,2.99484905232493,0.00274580688254257,0.0847015289995781
"1528","Pattern_5","Lee_educ_attainment",0.217662901268738,0.256980700044453,0.00796846645168085,1.18063619728735,0.0366092081160058,1.24677238397838e-06,1.52176220311273e-09,5.71198280144964e-10,2.66415753690036,0.00771814084066682,0.136539054627468
"1529","Pattern_5","Alzheimer's Disease",0.217662901268738,0.423177312413267,0.0823689644573875,1.94418667557312,0.378424453488702,0.00919140458956776,4.13042606475739e-09,4.0595255405253e-09,1.01746522432839,0.30893216746719,0.645188295659335
"1530","Pattern_5","Anorexia Nervosa",0.217662901268738,0.195274542698523,0.0266360641596349,0.897142055721415,0.122373008925158,0.4001119272135,-5.17180751836537e-09,6.17325951850431e-09,-0.837775814035179,0.402156624719733,0.711379299587359
"1531","Pattern_5","Autism Spectrum Disorder",0.217662901268738,0.230899441713055,0.0283717906885086,1.06081211068658,0.130347388200432,0.638822427661128,1.83527266018949e-08,2.00967767888425e-08,0.913217417635056,0.361128205140517,0.680322379405448
"1532","Pattern_5","Bipolar Disorder",0.217662901268738,0.29659107572111,0.0340073127439563,1.36261656898032,0.156238442774265,0.0185260083278595,9.67205077565647e-09,1.336479490553e-08,0.723696161746144,0.469252290076498,0.758173408896606
"1533","Pattern_5","Body Mass Index",0.217662901268738,0.248107051374206,0.0132664820335649,1.13986834654878,0.0609496701377947,0.0211796233492098,-1.75323338009682e-09,2.34106223147683e-09,-0.748905072459698,0.453914422799431,0.753455453757558
"1534","Pattern_5","Celiac Disease",0.217662901268738,0.268206082421446,0.0501850222397936,1.23220852454918,0.230563049317406,0.295596651981172,-2.88073025301732e-08,1.77517396480764e-08,-1.62278757469806,0.104634822796509,0.400672711361771
"1535","Pattern_5","Coronary Artery Disease",0.217662901268738,0.364764950004673,0.0428508443047678,1.67582508492945,0.19686792767621,0.000776724631104996,2.44586875943298e-09,3.29919284749237e-09,0.74135368027729,0.45847902166327,0.756716967989538
"1536","Pattern_5","Crohn's Disease",0.217662901268738,0.278486805111284,0.0258343551604768,1.27944083942651,0.118689749194238,0.0162203255480069,-3.55352722947959e-08,1.35614774753552e-08,-2.62030979731913,0.00878499204504327,0.143168878678569
"1537","Pattern_5","Depressive Symptoms",0.217662901268738,0.298019215584124,0.0334187815902875,1.36917781508468,0.153534577530173,0.0104048966997702,5.41748439493836e-09,1.40947972476825e-09,3.84360576441008,0.000121239713378949,0.0184284364336002
"1538","Pattern_5","Ever Smoked",0.217662901268738,0.26479087344122,0.0291448734882763,1.21651816592436,0.133899131723382,0.107354156586007,4.980943832643e-09,2.7661195955313e-09,1.80069720799122,0.0717506179229883,0.355488619298861
"1539","Pattern_5","Fasting Glucose",0.217662901268738,0.308367026660754,0.0428547145333368,1.416718351466,0.196885708513212,0.0242818848582612,-2.50337419587324e-09,4.41302153172992e-09,-0.567269880256376,0.570530837281724,0.818315126472221
"1540","Pattern_5","HDL Cholesterol",0.217662901268738,0.329753507407179,0.0262190789765971,1.51497340835335,0.120457270503005,6.18240878331496e-05,-1.66425220939789e-09,3.33238355148087e-09,-0.499417964255141,0.617484966277832,0.843901418742798
"1541","Pattern_5","Height",0.217662901268738,0.305207046693634,0.0179465372677468,1.40220058133292,0.082451061541209,2.36110866707151e-06,-3.20464525004329e-09,3.68359790439634e-09,-0.869976944611294,0.384313003846885,0.699587743529658
"1542","Pattern_5","Inflammatory Bowel Disease",0.217662901268738,0.295180976089772,0.0265400111503517,1.35613820439399,0.121931716409422,0.0046200535521457,-2.25451168695342e-08,9.07060933406003e-09,-2.48551293956378,0.0129364884140019,0.15912628523119
"1543","Pattern_5","LDL Cholesterol",0.217662901268738,0.389664722946637,0.0404250040465798,1.79022112025208,0.185722986374555,3.21403914448935e-05,1.12038146474338e-09,3.7484509299419e-09,0.298891858445842,0.765022559338471,0.918790292361247
"1544","Pattern_5","Systemic Lupus Erythematosus",0.217662901268738,0.315877201285183,0.0446503624293111,1.45122204768917,0.205135382139299,0.00924416945987723,-3.63602973797791e-08,1.76508661903307e-08,-2.05997241085526,0.0394011783924843,0.26667132237376
"1545","Pattern_5","Multiple Sclerosis",0.217662901268738,0.700474465780985,0.258995454173589,3.21816194536589,1.18989250195567,3.3432689842536e-05,-9.53698653926653e-09,1.01920153648012e-08,-0.935731177584677,0.349411613928488,0.673516598785779
"1546","Pattern_5","Neuroticism",0.217662901268738,0.242715669191174,0.0212256365984258,1.11509893406918,0.097516097022981,0.177754857618264,3.1859325906242e-09,2.21707565413392e-09,1.43699768868228,0.150718650293738,0.476284413838381
"1547","Pattern_5","Primary Biliary Cirrhosis",0.217662901268738,0.34818760018377,0.0425052742715809,1.59966442675447,0.195280289033278,0.000684180534675301,-1.13801865990464e-08,1.9293440593589e-08,-0.589847442909065,0.555292932410753,0.811311640416095
"1548","Pattern_5","Rheumatoid Arthritis",0.217662901268738,0.296597695354235,0.0345390735685177,1.36264698129719,0.158681490355924,0.0219707957615463,-4.22605235528418e-09,6.52999292481175e-09,-0.647175640761664,0.517518274772542,0.789475309814676
"1549","Pattern_5","Schizophrenia",0.217662901268738,0.267312655849717,0.0117944458875204,1.22810389042678,0.0541867530882464,2.51712645177212e-05,8.39167459116613e-09,5.68744792021845e-09,1.47547277951054,0.140085481241015,0.462891155405094
"1550","Pattern_5","Subjective Well-Being",0.217662901268738,0.267269855249661,0.0435558378562549,1.22790725333426,0.200106851477086,0.249175315749739,-2.32541829095927e-10,1.18019945143305e-09,-0.197036042351625,0.843799332894844,0.951061959957748
"1551","Pattern_5","Triglycerides",0.217662901268738,0.30485470467395,0.030353440889098,1.40058183042208,0.139451604808033,0.000436981188346759,-3.54000402298742e-09,3.693022006753e-09,-0.958565645293807,0.337777606421298,0.667175455808263
"1552","Pattern_5","Type 1 Diabetes",0.217662901268738,0.371001053311539,0.0891667440063397,1.70447536603163,0.409655221384051,0.0507962380720708,-1.92527697470805e-08,1.0769841821138e-08,-1.78765575825756,0.0738315636624425,0.360352218976325
"1553","Pattern_5","Type 2 Diabetes",0.217662901268738,0.244614527533793,0.0334179586520214,1.12382278334046,0.153530796737667,0.414261346239654,-5.05330796687676e-09,3.3515650678108e-09,-1.50774574404355,0.131619613038706,0.444331541499917
"1554","Pattern_5","Ulcerative Colitis",0.217662901268738,0.317326123787946,0.0391470011630706,1.45787877464777,0.179851508616702,0.00905325919417965,-1.22704847627341e-08,1.01304364106672e-08,-1.21124937419413,0.225799844950131,0.569315248879003
"1555","Pattern_5","Years of Education (EduYears)",0.217662901268738,0.270512497966038,0.0243068933601456,1.24280479764464,0.111672192268241,0.0295221375905672,2.56882441921423e-09,2.02863820053498e-09,1.26628021622426,0.205412777329182,0.547205276662177
"1556","Pattern_5","Years of Education (College)",0.217662901268738,0.25417888441575,0.0111030335776682,1.1677639273122,0.0510102250450106,0.00102975291334136,2.00100953074254e-09,1.28750807599962e-09,1.55417241106543,0.120143296480631,0.428794856716901
"1557","Pattern_5","Savage cognition-intelligence",0.217662901268738,0.275032059284181,0.013033396907816,1.26356883824043,0.0598788164259758,2.19544200839752e-05,5.9067734871243e-09,2.4195342102604e-09,2.44128537719191,0.0146350845806271,0.166136367962453
"1558","Pattern_5","Tissink 2022 - Cerebellar Volume",0.217662901268738,0.362916555913325,0.0267460786532722,1.6673330815583,0.122878444132517,1.69269910773078e-09,3.22435159649071e-08,9.43523834196215e-09,3.41735044694184,0.000632338250831603,0.0388161152431933
"1559","Pattern_5","Tissink 2022 - Subcortical Volume",0.217662901268738,0.33679217356796,0.0276758947522001,1.54731087201736,0.127150261210706,5.92995740401627e-06,6.4912364421379e-09,9.6656012770978e-09,0.671581234942785,0.5018503277696,0.780010784724623
"1560","Pattern_5","UKB_IDP_0021_Volume_of_left_amygdala",0.217662901268738,0.529337100123024,0.0939327986157947,2.43191236098373,0.431551716292803,3.02442002218264e-07,1.94928107087007e-08,5.53166813382472e-09,3.52385758456968,0.000425312780913551,0.0362026239113615
"1561","Pattern_5","UKB_IDP_0024_Volume_of_right_accumbens",0.217662901268738,0.326873285295544,0.0422004093313521,1.50174091859581,0.193879660178053,0.00610416427345057,-1.11330745889725e-09,5.97649378432197e-09,-0.186281036854379,0.852224377585596,0.952552989061103
"1562","Pattern_5","UKB_IDP_0026_Volume_of_grey_matter_in_Left_Frontal_Pole",0.217662901268738,0.240977768072634,0.0318413603796445,1.10711456416319,0.146287494074755,0.468917617229136,-1.37680340385047e-08,6.09927477048878e-09,-2.25732313374715,0.0239878908568988,0.211810090221912
"1563","Pattern_5","UKB_IDP_0137_IDP_T1_FAST_ROIs_L_cerebellum_I-IV",0.217662901268738,0.327822616684148,0.0263395987998105,1.50610239399226,0.121010969927715,2.21774467900143e-05,1.36231220873897e-08,7.70478223916188e-09,1.76813849691248,0.0770377530236128,0.367912041588988
"1564","Pattern_5","UKB_IDP_0138_IDP_T1_FAST_ROIs_R_cerebellum_I-IV",0.217662901268738,0.320689343560451,0.0245299630131734,1.47333028132576,0.112697032292551,1.56296314427671e-05,8.72078115476867e-09,7.3756474938164e-09,1.18237499312162,0.237056941092394,0.576336899613276
"1565","Pattern_5","UKB_IDP_0139_IDP_T1_FAST_ROIs_L_cerebellum_V",0.217662901268738,0.322746121634016,0.0285694734479554,1.4827796549286,0.131255594230466,0.000195663221433651,1.19541846174143e-08,8.21666080220266e-09,1.45487137721563,0.145704873178859,0.469834763608121
"1566","Pattern_5","UKB_IDP_0140_IDP_T1_FAST_ROIs_R_cerebellum_V",0.217662901268738,0.31234307564072,0.0275311338603211,1.43498535496908,0.1264851920095,0.000567325792737374,5.1005403947437e-09,8.01712013676991e-09,0.636206057503175,0.52464212548406,0.792925030561136
"1567","Pattern_5","UKB_IDP_0141_IDP_T1_FAST_ROIs_L_cerebellum_VI",0.217662901268738,0.317971574851738,0.0249507299588159,1.4608441447684,0.11463014511605,4.31277584652988e-05,3.79665903653189e-09,7.7551198598906e-09,0.489568066661119,0.624439577889267,0.84529734207911
"1568","Pattern_5","UKB_IDP_0142_IDP_T1_FAST_ROIs_V_cerebellum_VI",0.217662901268738,0.301187292294282,0.0282045841611479,1.3837327837619,0.129579197909914,0.00226357599761698,4.8045261254797e-09,8.46610560871427e-09,0.567501322040484,0.570373628647274,0.818315126472221
"1569","Pattern_5","UKB_IDP_0143_IDP_T1_FAST_ROIs_R_cerebellum_VI",0.217662901268738,0.332001954724228,0.0265890529903216,1.52530336032929,0.122157027381958,1.6835632451082e-05,8.39372573897684e-09,7.52844019714109e-09,1.11493556688733,0.264878033982384,0.60284540782301
"1570","Pattern_5","UKB_IDP_0144_IDP_T1_FAST_ROIs_L_cerebellum_crus_I",0.217662901268738,0.281568019297842,0.0225804905967442,1.2935967390704,0.103740648797404,0.0039474650361063,7.65693920042501e-09,9.55352780870212e-09,0.801477669165358,0.422855166763411,0.728709686169568
"1571","Pattern_5","UKB_IDP_0145_IDP_T1_FAST_ROIs_V_cerebellum_crus_I",0.217662901268738,0.288575865600478,0.0672348688100142,1.32579260828738,0.308894480493038,0.267464429476901,2.06752339032651e-09,5.99895168916462e-09,0.344647447996771,0.730359430430836,0.903636929502467
"1572","Pattern_5","UKB_IDP_0146_IDP_T1_FAST_ROIs_R_cerebellum_crus_I",0.217662901268738,0.280310289462156,0.0232069419278552,1.2878184009689,0.106618729202744,0.00533283975352009,4.82710431833462e-09,9.8581269052548e-09,0.489657352225966,0.624376385228239,0.84529734207911
"1573","Pattern_5","UKB_IDP_0147_IDP_T1_FAST_ROIs_L_cerebellum_crus_II",0.217662901268738,0.302660935918336,0.0236286741878079,1.39050308598366,0.10855627693134,0.000128182823466146,1.2102052945297e-08,8.34424217524725e-09,1.45034775970394,0.146961567002445,0.470266861605841
"1574","Pattern_5","UKB_IDP_0148_IDP_T1_FAST_ROIs_V_cerebellum_crus_II",0.217662901268738,0.31331642881423,0.0297453090706285,1.43945719269539,0.136657689010142,0.00150360026073743,1.50816299243757e-08,8.31034990606832e-09,1.81480083207602,0.0695545224999146,0.351572503277478
"1575","Pattern_5","UKB_IDP_0149_IDP_T1_FAST_ROIs_R_cerebellum_crus_II",0.217662901268738,0.29645451304924,0.0281506668976186,1.36198916453485,0.129331487973057,0.000418243767668193,1.01191250123259e-08,9.64511452105125e-09,1.04914513873735,0.294111323825584,0.630895894720951
"1576","Pattern_5","UKB_IDP_0150_IDP_T1_FAST_ROIs_L_cerebellum_VIIb",0.217662901268738,0.327999810869081,0.030871066494983,1.50691647018026,0.141829711517389,3.21620922224499e-05,2.0631557039152e-08,8.98127909576736e-09,2.29717357841325,0.0216088697393061,0.200093432507196
"1577","Pattern_5","UKB_IDP_0151_IDP_T1_FAST_ROIs_V_cerebellum_VIIb",0.217662901268738,0.342377738792436,0.0272903067608158,1.57297241191193,0.125378769655936,5.09813235518676e-07,2.49433542037687e-08,7.17516327877688e-09,3.47634656308765,0.000508294987371808,0.0365209733576596
"1578","Pattern_5","UKB_IDP_0152_IDP_T1_FAST_ROIs_R_cerebellum_VIIb",0.217662901268738,0.318737661116917,0.0311193492509531,1.46436374439109,0.142970387096566,5.34573203538182e-05,2.26872450419942e-08,1.01860540719934e-08,2.22728496055926,0.0259282350170177,0.218949540143705
"1579","Pattern_5","UKB_IDP_0153_IDP_T1_FAST_ROIs_L_cerebellum_VIIIa",0.217662901268738,0.317303241568046,0.0254154640416843,1.45777364777605,0.116765254407342,2.97520135192671e-05,1.45460959999558e-08,7.60853653223153e-09,1.91181259869557,0.055900235231626,0.316371544076862
"1580","Pattern_5","UKB_IDP_0154_IDP_T1_FAST_ROIs_V_cerebellum_VIIIa",0.217662901268738,0.327206352094496,0.0257545554210553,1.50327111412758,0.118323128429026,7.58704390691975e-06,1.95905056024212e-08,8.98552142140909e-09,2.18023024860243,0.0292403984682531,0.232177492315084
"1581","Pattern_5","UKB_IDP_0155_IDP_T1_FAST_ROIs_R_cerebellum_VIIIa",0.217662901268738,0.311387724062243,0.0299336789884178,1.43059622125402,0.137523109422584,0.000341324584045728,1.63102158986122e-08,8.50840125470393e-09,1.91695424444104,0.055243744791662,0.315170747765836
"1582","Pattern_5","UKB_IDP_0156_IDP_T1_FAST_ROIs_L_cerebellum_VIIIb",0.217662901268738,0.328732251711404,0.0272737900668998,1.51028149397648,0.12530288766677,1.18903589002059e-05,1.60566659572473e-08,8.20610855877387e-09,1.95667237914854,0.0503859993024055,0.301435737992978
"1583","Pattern_5","UKB_IDP_0157_IDP_T1_FAST_ROIs_V_cerebellum_VIIIb",0.217662901268738,0.315581545099748,0.022041563399396,1.4498637262494,0.101264677034615,9.93499603251765e-07,1.81921661251201e-08,8.38134124068626e-09,2.1705554758716,0.0299647908275053,0.235295479265429
"1584","Pattern_5","UKB_IDP_0158_IDP_T1_FAST_ROIs_R_cerebellum_VIIIb",0.217662901268738,0.307432729279054,0.0280907535662646,1.41242594620882,0.129056230540556,0.00148000461963054,1.06877697022852e-08,7.4285382222288e-09,1.4387446604641,0.150222880752869,0.476284413838381
"1585","Pattern_5","UKB_IDP_0159_IDP_T1_FAST_ROIs_L_cerebellum_IX",0.217662901268738,0.323213820531446,0.024311372229456,1.48492838534937,0.111692769359166,4.14032955830676e-06,1.54028287271197e-08,9.12227837598138e-09,1.68848483813811,0.0913181970330344,0.385530549806609
"1586","Pattern_5","UKB_IDP_0160_IDP_T1_FAST_ROIs_V_cerebellum_IX",0.217662901268738,0.33042694105462,0.0297400662139327,1.51806733774378,0.136633601962395,9.57088089158323e-06,1.21931353861545e-08,8.89290874965741e-09,1.37110766897549,0.170341394662509,0.5041536687647
"1587","Pattern_5","UKB_IDP_0161_IDP_T1_FAST_ROIs_R_cerebellum_IX",0.217662901268738,0.34105982623712,0.0250262585696822,1.5669175787381,0.114977143205417,3.44901473553902e-07,2.07891314197304e-08,8.93827815270187e-09,2.32585415944414,0.0200263322212754,0.193989092096007
"1588","Pattern_5","UKB_IDP_0162_IDP_T1_FAST_ROIs_L_cerebellum_X",0.217662901268738,0.311710837792257,0.027540287748288,1.43208068979749,0.12652724735248,0.0003363137239147,1.05046878201371e-08,6.91841095794273e-09,1.5183671343023,0.128921872107567,0.440362349670792
"1589","Pattern_5","UKB_IDP_0163_IDP_T1_FAST_ROIs_V_cerebellum_X",0.217662901268738,0.334225049756946,0.032898041063637,1.53551683731485,0.15114216006438,0.000221169106182699,1.30803754643862e-08,8.01700960005934e-09,1.63157787216438,0.10276844285014,0.400590709968198
"1590","Pattern_5","UKB_IDP_0164_IDP_T1_FAST_ROIs_R_cerebellum_X",0.217662901268738,0.32308470897314,0.0300931010039,1.48433521325824,0.138255535640157,0.000313082284163716,9.68028952283618e-09,6.80512657630474e-09,1.42249955445982,0.154881280762642,0.483047555068564
"1591","Pattern_5","UKB_IDP_0193_aseg_lh_volume_Cerebellum-White-Matter",0.217662901268738,0.37934448398618,0.0288444129064758,1.74280725734618,0.132518737636705,3.76590594388717e-09,1.94760804385693e-08,8.55185684935509e-09,2.27740954761633,0.0227617804886334,0.204375818058278
"1592","Pattern_5","UKB_IDP_0194_aseg_lh_volume_Cerebellum-Cortex",0.217662901268738,0.31381704992558,0.0235959545719632,1.44175717633261,0.108405954503154,6.44775922381434e-06,8.62251602564678e-09,8.03692485823041e-09,1.07286259082249,0.2833327727775,0.619690194086496
"1593","Pattern_5","UKB_IDP_0210_aseg_rh_volume_Cerebellum-White-Matter",0.217662901268738,0.393336453191337,0.0306347686690414,1.80709000430764,0.140744097825004,7.6680070690098e-10,2.14768019286849e-08,7.9444051797367e-09,2.70338703059411,0.00686367748989569,0.131584736022505
"1594","Pattern_5","UKB_IDP_0211_aseg_rh_volume_Cerebellum-Cortex",0.217662901268738,0.312248132635161,0.0240725818415082,1.43454916209925,0.110595704188409,5.51467910890343e-06,7.30290952884427e-09,8.09310435422747e-09,0.90236196262928,0.366864620090202,0.688043304740264
"1595","Pattern_5","UKB_IDP_0434_Volume_of_V1_in_the_right_hemisphere",0.217662901268738,0.235005890707348,0.0266142962733202,1.07967820578297,0.122273001591855,0.513263921809946,-1.25624894424492e-08,7.6302773607948e-09,-1.64640010427362,0.0996814116421615,0.397232292087116
"1596","Pattern_5","UKB_IDP_0442_Volume_of_entorhinal_in_the_left_hemisphere_DKT_parcellation",0.217662901268738,0.300556370045653,0.0368597715054922,1.38083416279824,0.169343380477977,0.0177746456213341,7.20965097836295e-09,5.98717908761073e-09,1.20418161422328,0.228519390633673,0.569988676356998
"1597","Pattern_7","Demontis 2023 -  Attention Deficit Hyperactivity Disorder",0.204134029832052,0.223523131418452,0.0130697205333895,1.09498221145368,0.0640251923902271,0.141014067005651,2.48837603385624e-09,1.3937863827339e-09,1.78533530294314,0.0742069458599258,0.361355562448335
"1598","Pattern_7","Grove 2019  - Autism Spectrum Disorder",0.204134029832052,0.257438327281572,0.0272927898183159,1.26112401491008,0.133700343057797,0.0397504009037934,1.28709824080694e-08,5.25059958651817e-09,2.45133573718284,0.0142327131225357,0.165800738003263
"1599","Pattern_7","Chambers_total_cerebellar_volume",0.204134029832052,0.320800783994789,0.0238547253118651,1.57152035972994,0.116858151144575,5.7577636947326e-08,1.9098225445429e-08,8.8862420909153e-09,2.14919031577519,0.0316193166434589,0.237804262863564
"1600","Pattern_7","Davies reaction time",0.204134029832052,0.22498209003233,0.0131166783159599,1.10212927368078,0.0642552264644527,0.116906505004561,1.1295552293973e-09,1.25461001481209e-09,0.900323778753262,0.36794797029813,0.688043304740264
"1601","Pattern_7","Gui_age_onset_walking",0.204134029832052,0.21114158275908,0.0165522939671544,1.03432819570942,0.081085422066926,0.672136472186191,4.92404015324235e-09,4.07427819820666e-09,1.20856748452026,0.226829054654996,0.569919547498901
"1602","Pattern_7","Huang_neurodev_disorders",0.204134029832052,0.332112817488431,0.159515595512796,1.62693509632701,0.781425789928482,0.347277748426918,7.13126291687268e-09,6.45506100149664e-09,1.10475530985986,0.269265629937487,0.606403819107296
"1603","Pattern_7","Lee_cognitive_performance",0.204134029832052,0.222668070560596,0.00978476010802175,1.09079348868874,0.0479330179102034,0.0569066446621003,2.76917377352883e-11,4.34713580665335e-10,0.0637011102641554,0.949208220681497,0.982893391788414
"1604","Pattern_7","Lee_educ_attainment",0.204134029832052,0.218251402405279,0.00818610381640051,1.06915736971852,0.0401016127645914,0.0849726751297272,7.77892667307312e-10,6.43667806354857e-10,1.20853126352952,0.226842977787391,0.569919547498901
"1605","Pattern_7","Alzheimer's Disease",0.204134029832052,0.445850424252244,0.0719689389329611,2.18410631788859,0.352557283036897,8.1166624610948e-05,5.10904275962515e-09,4.2667118682022e-09,1.19741921119643,0.231143199369321,0.573947174163261
"1606","Pattern_7","Anorexia Nervosa",0.204134029832052,0.210336583503276,0.0266598779844992,1.03038471183039,0.130599871106416,0.815433521393427,5.09864875429374e-09,7.0766646707977e-09,0.72048754483643,0.471224865666255,0.758315076410866
"1607","Pattern_7","Autism Spectrum Disorder",0.204134029832052,0.194316343908699,0.0255472341080068,0.95190568700657,0.125149315520912,0.699537642777902,7.13514225781522e-09,1.87919672969257e-08,0.379691074653078,0.704174746290427,0.893550304177715
"1608","Pattern_7","Bipolar Disorder",0.204134029832052,0.204524229441803,0.0340965049504059,1.00191148732072,0.167029989945616,0.990866830163586,-1.95359341170953e-08,1.52100727993675e-08,-1.28440766686585,0.198999351750366,0.540172423580024
"1609","Pattern_7","Body Mass Index",0.204134029832052,0.224347796563939,0.0134057186139587,1.09902203345771,0.0656711603890251,0.133606629876726,-1.24771075245004e-09,2.29920124243423e-09,-0.542671397971695,0.58735607056605,0.826088779133931
"1610","Pattern_7","Celiac Disease",0.204134029832052,0.279277845458112,0.0463745100299782,1.36811018568478,0.227176772379069,0.0749532866337705,-3.04883871516503e-08,1.62758867869101e-08,-1.87322433184843,0.061037413707539,0.327172837203131
"1611","Pattern_7","Coronary Artery Disease",0.204134029832052,0.331236127175726,0.0406078887649274,1.6226404164374,0.198927581052198,0.00130395028899049,-2.04137129875756e-10,3.22932527210197e-09,-0.0632135547444818,0.949596451242073,0.982893391788414
"1612","Pattern_7","Crohn's Disease",0.204134029832052,0.318798875220214,0.0332238320476337,1.56171352460195,0.162754990311846,0.000205341082415992,-8.38647365179676e-09,1.73073415246389e-08,-0.484561631828763,0.627987335761079,0.847193757685312
"1613","Pattern_7","Depressive Symptoms",0.204134029832052,0.140505052918975,0.0282611876888992,0.688298041412168,0.138444274637358,0.0157638598477773,-1.35725203630949e-09,1.29267274054336e-09,-1.04995796208945,0.293737440708084,0.630895894720951
"1614","Pattern_7","Ever Smoked",0.204134029832052,0.187375878428212,0.0311794838939515,0.917906135407075,0.152740255603654,0.587972944099261,4.20504097125148e-10,3.03319714458494e-09,0.138633948629372,0.88973941521175,0.961587341579788
"1615","Pattern_7","Fasting Glucose",0.204134029832052,0.291955856790807,0.0441110027578469,1.43021649565733,0.216088433634208,0.0480511176141419,-3.56840876151117e-09,4.87367029299507e-09,-0.732180994401702,0.4640581030199,0.756716967989538
"1616","Pattern_7","HDL Cholesterol",0.204134029832052,0.352427688152806,0.0282959945562272,1.72645241189213,0.138614784509507,1.35015471946148e-06,1.05074680486043e-10,3.88598330939764e-09,0.0270394060190472,0.978428304053279,0.992756358335072
"1617","Pattern_7","Height",0.204134029832052,0.296456330980385,0.0191741894291412,1.45226315878979,0.0939294121853002,2.13102449140921e-06,-4.45400082261375e-09,4.60990596764295e-09,-0.966180406688662,0.333953915367079,0.666404170285687
"1618","Pattern_7","Inflammatory Bowel Disease",0.204134029832052,0.300481973573062,0.025842098470647,1.47198374430896,0.126593780037107,0.000475098880995675,-2.01979709699004e-08,1.06499655600909e-08,-1.89652922875067,0.0578900987934555,0.322166256512025
"1619","Pattern_7","LDL Cholesterol",0.204134029832052,0.365122439924536,0.0443824108147382,1.78864072896094,0.217417991754011,0.000305197454804554,-2.32602876799546e-09,4.20143426507083e-09,-0.553627314208674,0.579833928877372,0.819858206412656
"1620","Pattern_7","Systemic Lupus Erythematosus",0.204134029832052,0.342802419801927,0.0440890309532218,1.67930070299382,0.215980799426217,8.09159041772265e-05,-2.44338877870609e-08,1.87101516252871e-08,-1.30591607574351,0.191581099099265,0.529740545568149
"1621","Pattern_7","Multiple Sclerosis",0.204134029832052,0.711180705402062,0.25940367675326,3.48389098077951,1.27075175543578,4.30876748734791e-05,-1.41916555210893e-08,1.15855835501102e-08,-1.22494093281597,0.220597476421105,0.563543133042152
"1622","Pattern_7","Neuroticism",0.204134029832052,0.168414174162653,0.0148235532724668,0.825017633273653,0.072616766957781,0.0108909660580489,-2.5340468076956e-09,1.48582115308156e-09,-1.70548575273683,0.0881038672164535,0.385530549806609
"1623","Pattern_7","Primary Biliary Cirrhosis",0.204134029832052,0.380638924836111,0.0510540383645447,1.86465198942712,0.250100575619599,2.74934181749626e-05,-1.67291604243862e-09,2.36165763352571e-08,-0.0708365183289132,0.943527867389351,0.981342767255395
"1624","Pattern_7","Rheumatoid Arthritis",0.204134029832052,0.272793437646545,0.0351818100630618,1.33634474306406,0.172346619973196,0.0471814892623291,-1.16664394206884e-08,7.26642124331811e-09,-1.60552753962845,0.10837775749933,0.404228487754219
"1625","Pattern_7","Schizophrenia",0.204134029832052,0.252482319411016,0.011541389409852,1.23684580968074,0.0565382921179161,4.45573629515062e-05,1.54164251848441e-08,5.97483503581903e-09,2.5802260802889,0.00987356519529223,0.14590935233043
"1626","Pattern_7","Subjective Well-Being",0.204134029832052,0.212851289571107,0.0410502656066001,1.04270360873308,0.201094671184288,0.832521226908542,-1.04611957402544e-09,1.23744988805938e-09,-0.845383384102937,0.397896818605567,0.709743864201716
"1627","Pattern_7","Triglycerides",0.204134029832052,0.314577271826392,0.0297151708336663,1.5410329776236,0.145566963323626,0.000106327662845264,-1.90445569829993e-09,3.49725803935269e-09,-0.544556814758922,0.586058362998269,0.82552907004733
"1628","Pattern_7","Type 1 Diabetes",0.204134029832052,0.375327107064541,0.0921021219659954,1.83863076319678,0.451184557723036,0.0191444416786117,-2.03211945348901e-08,1.17157099808247e-08,-1.73452522878682,0.0828249333436406,0.378954420168994
"1629","Pattern_7","Type 2 Diabetes",0.204134029832052,0.252034360294032,0.0375593986888434,1.23465137342063,0.18399381386702,0.196072231034199,-3.19650768004295e-09,3.98848267837805e-09,-0.801434514777141,0.422880140552109,0.728709686169568
"1630","Pattern_7","Ulcerative Colitis",0.204134029832052,0.307144750179869,0.0327095802911497,1.50462296968598,0.160235803496658,0.00170439585521604,-1.76069916477038e-08,9.52582687277169e-09,-1.84834260404533,0.0645527961435338,0.337514373939656
"1631","Pattern_7","Years of Education (EduYears)",0.204134029832052,0.207327228647991,0.0244024603905427,1.01564265800546,0.11954136412542,0.89588093467524,-8.13813428755678e-10,2.21784824936788e-09,-0.366938283080291,0.713665054459684,0.899395133583586
"1632","Pattern_7","Years of Education (College)",0.204134029832052,0.222009899985538,0.010860150046407,1.08756928067404,0.0532010760545019,0.100600908848731,1.37198802761131e-09,1.38806643953479e-09,0.988416684197858,0.322948619756806,0.658270749849121
"1633","Pattern_7","Savage cognition-intelligence",0.204134029832052,0.216536208382522,0.0135503235906978,1.06075507626374,0.0663795429005449,0.359427417274367,-1.23071076849781e-09,2.59409164151495e-09,-0.474428408311387,0.635194438981305,0.853342024085995
"1634","Pattern_7","Tissink 2022 - Cerebellar Volume",0.204134029832052,0.314774497675609,0.0259068029672606,1.54199913622723,0.12691075068951,9.71938908609107e-06,1.39162146732611e-08,1.09408160771395e-08,1.27195399092199,0.203389466927151,0.547205276662177
"1635","Pattern_7","Tissink 2022 - Subcortical Volume",0.204134029832052,0.294605293720759,0.0257081992016094,1.44319540432891,0.125937842028399,0.000329585538637958,-6.65847111778266e-09,9.03585908787885e-09,-0.736894085335468,0.461186761168809,0.756716967989538
"1636","Pattern_7","UKB_IDP_0021_Volume_of_left_amygdala",0.204134029832052,0.282708932115799,0.0630553038096866,1.38491819491534,0.30889168190901,0.192836730528755,-5.08989085804777e-09,5.96738509140114e-09,-0.852951632932519,0.393686126779957,0.708169127462171
"1637","Pattern_7","UKB_IDP_0024_Volume_of_right_accumbens",0.204134029832052,0.292042391165019,0.0435213259830306,1.4306404052538,0.213199759093753,0.0306038567220037,-5.82659509092849e-09,6.94230042790247e-09,-0.839288813764133,0.401307258937058,0.711379299587359
"1638","Pattern_7","UKB_IDP_0026_Volume_of_grey_matter_in_Left_Frontal_Pole",0.204134029832052,0.26116782313303,0.032741881874644,1.27939385387092,0.160394040629001,0.0847538566040801,-6.16674736324915e-09,7.00457700390575e-09,-0.880388260391823,0.378649013982866,0.695224419116081
"1639","Pattern_7","UKB_IDP_0137_IDP_T1_FAST_ROIs_L_cerebellum_I-IV",0.204134029832052,0.266118849532783,0.0268351793084432,1.30364765615869,0.13145862711142,0.0192643146516074,-4.72693562189413e-09,8.74657947809971e-09,-0.540432478059538,0.58889881482433,0.826088779133931
"1640","Pattern_7","UKB_IDP_0138_IDP_T1_FAST_ROIs_R_cerebellum_I-IV",0.204134029832052,0.299886588643995,0.0284262783866754,1.46906710699202,0.139253011416385,0.000656823725576789,5.7807206563937e-09,9.19219440859286e-09,0.628872758716883,0.529432361608386,0.794337730964226
"1641","Pattern_7","UKB_IDP_0139_IDP_T1_FAST_ROIs_L_cerebellum_V",0.204134029832052,0.317735047840073,0.0306963393873457,1.55650210845043,0.150373455188244,0.000231320968422122,1.43439515893046e-08,9.20346179004573e-09,1.55853872342021,0.119105595937108,0.426658481068858
"1642","Pattern_7","UKB_IDP_0140_IDP_T1_FAST_ROIs_R_cerebellum_V",0.204134029832052,0.339951765769064,0.03061249314149,1.66533608359544,0.149962714039771,6.72098180409734e-06,1.78064329621188e-08,9.49578151990841e-09,1.87519404535442,0.0607660330719026,0.327172837203131
"1643","Pattern_7","UKB_IDP_0141_IDP_T1_FAST_ROIs_L_cerebellum_VI",0.204134029832052,0.364032117065826,0.0289500059739548,1.78329951828868,0.141818617884401,1.41828870513931e-09,2.81205305574213e-08,8.56440020191535e-09,3.28342089281773,0.00102555423168619,0.0480950346954632
"1644","Pattern_7","UKB_IDP_0142_IDP_T1_FAST_ROIs_V_cerebellum_VI",0.204134029832052,0.284844106517485,0.0260191764095864,1.39537786400355,0.127461239221081,0.0011128264670085,5.53153067935729e-09,7.92514010475891e-09,0.697972604425719,0.485194326915449,0.767653180428308
"1645","Pattern_7","UKB_IDP_0143_IDP_T1_FAST_ROIs_R_cerebellum_VI",0.204134029832052,0.35454208333525,0.0304370970909737,1.73681028894077,0.149103493993703,1.15800389960916e-07,2.20275704186697e-08,8.36783974072622e-09,2.63240825603551,0.00847819173115259,0.143168878678569
"1646","Pattern_7","UKB_IDP_0144_IDP_T1_FAST_ROIs_L_cerebellum_crus_I",0.204134029832052,0.255778317333777,0.0200306858248123,1.25299205401576,0.0981251672800084,0.0088679008230847,6.13405786785585e-09,8.7094284872911e-09,0.7043008478463,0.481245438436414,0.76347886585647
"1647","Pattern_7","UKB_IDP_0145_IDP_T1_FAST_ROIs_V_cerebellum_crus_I",0.204134029832052,0.229439511501775,0.0593151186940597,1.12396503263342,0.290569478997991,0.667675765784745,-1.94681711933676e-09,6.12052357006842e-09,-0.318080160471467,0.750424132371612,0.916005211263778
"1648","Pattern_7","UKB_IDP_0146_IDP_T1_FAST_ROIs_R_cerebellum_crus_I",0.204134029832052,0.267037381704243,0.0204216941420294,1.3081473085303,0.100040616250172,0.0020177486551297,8.52351391904974e-09,8.79613111452199e-09,0.969007147355708,0.332541623097225,0.66445875488347
"1649","Pattern_7","UKB_IDP_0147_IDP_T1_FAST_ROIs_L_cerebellum_crus_II",0.204134029832052,0.253564147224025,0.0230028032058047,1.24214540531356,0.112684804315723,0.0296218104443383,-2.81324848410842e-09,9.2358708686426e-09,-0.304600240098624,0.76067063713095,0.918790292361247
"1650","Pattern_7","UKB_IDP_0148_IDP_T1_FAST_ROIs_V_cerebellum_crus_II",0.204134029832052,0.26179470929635,0.0294156898271216,1.28246480761555,0.144099883058806,0.0466700520252924,4.64147101862798e-09,8.53482095974687e-09,0.54382757886999,0.58656012871784,0.82552907004733
"1651","Pattern_7","UKB_IDP_0149_IDP_T1_FAST_ROIs_R_cerebellum_crus_II",0.204134029832052,0.240887774536203,0.020228504559546,1.18004712263991,0.0990942302769835,0.0660807825958026,-8.39375776856997e-09,8.83655971814835e-09,-0.949889780219675,0.34216826021583,0.66863526690246
"1652","Pattern_7","UKB_IDP_0150_IDP_T1_FAST_ROIs_L_cerebellum_VIIb",0.204134029832052,0.212587188947821,0.0225167704659404,1.04140984784714,0.110303855189973,0.70697932572815,-1.90616083488008e-08,8.62229221121829e-09,-2.21073560044742,0.027054151719593,0.223144321160054
"1653","Pattern_7","UKB_IDP_0151_IDP_T1_FAST_ROIs_V_cerebellum_VIIb",0.204134029832052,0.280461553828382,0.0257084506702815,1.37390886790961,0.125939073908611,0.00181315031555996,9.55564046556295e-09,7.73963314762252e-09,1.23463738956391,0.21696548717745,0.556939151644889
"1654","Pattern_7","UKB_IDP_0152_IDP_T1_FAST_ROIs_R_cerebellum_VIIb",0.204134029832052,0.211129703190167,0.0189649521904791,1.03427000076308,0.0929044128805089,0.712277811813998,-1.96338320633209e-08,8.45588369688916e-09,-2.32191368366905,0.0202375838558804,0.193989092096007
"1655","Pattern_7","UKB_IDP_0153_IDP_T1_FAST_ROIs_L_cerebellum_VIIIa",0.204134029832052,0.244923269687114,0.0231289494122244,1.19981597330254,0.113302762068889,0.0759958477594918,-8.83889954194014e-09,8.12095067526968e-09,-1.08840699757687,0.27641547335342,0.610812177877547
"1656","Pattern_7","UKB_IDP_0154_IDP_T1_FAST_ROIs_V_cerebellum_VIIIa",0.204134029832052,0.242294700777225,0.0225185683630507,1.18693929168286,0.110312662624539,0.0867152794102855,-1.01432959837364e-08,8.64106546378469e-09,-1.17384783465044,0.240455980128244,0.577528584326075
"1657","Pattern_7","UKB_IDP_0155_IDP_T1_FAST_ROIs_R_cerebellum_VIIIa",0.204134029832052,0.230050597067346,0.0214437786232677,1.12695858332203,0.105047544698501,0.230082558615408,-9.29812969163818e-09,7.38533337012396e-09,-1.25899932009191,0.208030577452867,0.547205276662177
"1658","Pattern_7","UKB_IDP_0156_IDP_T1_FAST_ROIs_L_cerebellum_VIIIb",0.204134029832052,0.299235095237572,0.0245267650158237,1.46587560870553,0.120150300447224,0.000105258676068673,9.38339120291618e-09,7.95553073286466e-09,1.17948022803217,0.238207005259851,0.576336899613276
"1659","Pattern_7","UKB_IDP_0157_IDP_T1_FAST_ROIs_V_cerebellum_VIIIb",0.204134029832052,0.253336808757526,0.0214340832705974,1.24103173275889,0.105000049664585,0.01924953281381,-3.49692276929854e-09,9.11790431041028e-09,-0.383522644047269,0.701332283915516,0.892058823036514
"1660","Pattern_7","UKB_IDP_0158_IDP_T1_FAST_ROIs_R_cerebellum_VIIIb",0.204134029832052,0.284341095998433,0.0305217999645304,1.39291374511329,0.149518431540501,0.00777335983855475,6.33355759407442e-09,8.27634328942658e-09,0.765260377993967,0.444116512718583,0.744157432334759
"1661","Pattern_7","UKB_IDP_0159_IDP_T1_FAST_ROIs_L_cerebellum_IX",0.204134029832052,0.260587369000795,0.0218221887657271,1.27655035867948,0.106901278457496,0.00885319270012203,-6.53398154094048e-09,8.71555217276777e-09,-0.74969220669188,0.453440102321918,0.753255689103077
"1662","Pattern_7","UKB_IDP_0160_IDP_T1_FAST_ROIs_V_cerebellum_IX",0.204134029832052,0.28584698102946,0.0275323461914724,1.4002906877635,0.134873867988224,0.00162949621246031,-6.34209685934987e-10,8.60600989721866e-09,-0.0736938132199865,0.941254021739827,0.980932794945408
"1663","Pattern_7","UKB_IDP_0161_IDP_T1_FAST_ROIs_R_cerebellum_IX",0.204134029832052,0.262964679817148,0.0216913259445942,1.28819619165652,0.10626021522448,0.00628474448405735,-7.12471891041562e-09,8.62365073551836e-09,-0.826183611665872,0.408699943301126,0.717585378997356
"1664","Pattern_7","UKB_IDP_0162_IDP_T1_FAST_ROIs_L_cerebellum_X",0.204134029832052,0.282546221661727,0.0288983655941909,1.38412111833675,0.141565644973386,0.00475477858663529,6.70810380917005e-09,7.6385271211528e-09,0.878193361465432,0.379838794005364,0.696207539744543
"1665","Pattern_7","UKB_IDP_0163_IDP_T1_FAST_ROIs_V_cerebellum_X",0.204134029832052,0.292374075032443,0.032756589175396,1.43226523903432,0.160466087904824,0.00451256625169735,1.47963728418034e-09,7.94318689942711e-09,0.186277536071454,0.852227122761892,0.952552989061103
"1666","Pattern_7","UKB_IDP_0164_IDP_T1_FAST_ROIs_R_cerebellum_X",0.204134029832052,0.278563765504442,0.03097468310758,1.36461209203397,0.151736989335212,0.0151810840899073,1.96138548545668e-09,7.17046056267342e-09,0.273536890456782,0.784440538700776,0.925331877625722
"1667","Pattern_7","UKB_IDP_0193_aseg_lh_volume_Cerebellum-White-Matter",0.204134029832052,0.38360969879253,0.0345784894005951,1.8792050453721,0.169391107543627,1.98755578873484e-08,2.46579302123185e-08,1.02134279440359e-08,2.41426584173607,0.0157669538028943,0.172948854085356
"1668","Pattern_7","UKB_IDP_0194_aseg_lh_volume_Cerebellum-Cortex",0.204134029832052,0.294503559079689,0.0227025729703967,1.44269703254272,0.111214053771803,3.47242497455028e-05,5.18554963235852e-09,8.28113104053861e-09,0.626188573393381,0.531191261164309,0.795478538886453
"1669","Pattern_7","UKB_IDP_0210_aseg_rh_volume_Cerebellum-White-Matter",0.204134029832052,0.361517403551935,0.036209001055059,1.77098058490967,0.177378563901616,3.54431046446561e-06,1.41262126309059e-08,9.45801590690724e-09,1.49357040313174,0.135287940046652,0.45408948962031
"1670","Pattern_7","UKB_IDP_0211_aseg_rh_volume_Cerebellum-Cortex",0.204134029832052,0.300671847630765,0.0230451080480472,1.47291388838077,0.1128920448345,1.00267578022096e-05,8.55171461058454e-09,8.4920915459125e-09,1.00702101058964,0.313924677574177,0.65051281574107
"1671","Pattern_7","UKB_IDP_0434_Volume_of_V1_in_the_right_hemisphere",0.204134029832052,0.291053363415442,0.0317325304682442,1.42579541321406,0.155449488232568,0.00476674346894546,1.01111189937066e-08,9.47037636957986e-09,1.06765756704083,0.285675005816124,0.623504012694063
"1672","Pattern_7","UKB_IDP_0442_Volume_of_entorhinal_in_the_left_hemisphere_DKT_parcellation",0.204134029832052,0.271298084276796,0.0352535424586558,1.32901939230809,0.17269801849138,0.0554163484251857,4.08377674400187e-09,6.69121422145651e-09,0.610319234871685,0.541650357606581,0.799777448136139
"1673","Pattern_25","Demontis 2023 -  Attention Deficit Hyperactivity Disorder",0.210222097531647,0.233512396562562,0.0136802653643378,1.11078901459162,0.0650752966741678,0.0925019154981711,1.88024252281655e-09,1.60950914655342e-09,1.16820865966675,0.242722608292112,0.579051244894187
"1674","Pattern_25","Grove 2019  - Autism Spectrum Disorder",0.210222097531647,0.244865022184391,0.0254708596600847,1.16479202262516,0.121161666443035,0.174555544328306,6.21365729837111e-09,4.9676831996216e-09,1.25081593344045,0.211001640319511,0.550614071763884
"1675","Pattern_25","Chambers_total_cerebellar_volume",0.210222097531647,0.291800447320879,0.0223579132748215,1.38805791944375,0.106353773163431,5.87328805881952e-05,1.89629432438472e-09,9.26134001356678e-09,0.204753774465344,0.83776450439337,0.948782791564179
"1676","Pattern_25","Davies reaction time",0.210222097531647,0.265049948264238,0.0128019884914714,1.26080916980831,0.0608974443780542,3.11315130769037e-05,4.02723101595111e-09,1.18320227633986e-09,3.40367078096656,0.00066486835659929,0.0388161152431933
"1677","Pattern_25","Gui_age_onset_walking",0.210222097531647,0.231532435929867,0.0164321328432991,1.10137059161923,0.0781655831439196,0.195346143071456,5.97112960467615e-09,4.06947773225212e-09,1.46729629636568,0.14229547079329,0.464424481362149
"1678","Pattern_25","Huang_neurodev_disorders",0.210222097531647,0.111007527829286,0.140022587973237,0.5280488071078,0.666069788177989,0.396787747864352,-6.3609772112883e-09,5.5337001569566e-09,-1.14949799065128,0.250350694824875,0.587121637456937
"1679","Pattern_25","Lee_cognitive_performance",0.210222097531647,0.259253112314038,0.0105787264429778,1.23323435242106,0.0503216672613841,6.29570877555219e-06,1.28052375313741e-09,4.77596815868112e-10,2.6811815125062,0.00733627108646442,0.136539054627468
"1680","Pattern_25","Lee_educ_attainment",0.210222097531647,0.242636295486779,0.00817114052901705,1.15419025086196,0.038869084767775,0.000107236400303766,1.78698616625905e-09,6.0882894212809e-10,2.93512026549338,0.00333418432394447,0.09493633109164
"1681","Pattern_25","Alzheimer's Disease",0.210222097531647,0.421280474830995,0.0739899305180608,2.00397807736446,0.351960766193584,0.00192744080252328,2.30671407581722e-09,4.00794258347887e-09,0.57553570885115,0.564929047598878,0.817246100129445
"1682","Pattern_25","Anorexia Nervosa",0.210222097531647,0.182733660436401,0.0280276295652563,0.869240972200329,0.133323898364381,0.326418114105005,-5.48095888001108e-09,7.06776260737127e-09,-0.775487121524817,0.438051872482994,0.740408566039564
"1683","Pattern_25","Autism Spectrum Disorder",0.210222097531647,0.22787070927415,0.0220399120669816,1.08395221981764,0.10484108153123,0.421401022155178,2.93810730465949e-08,1.57631773333828e-08,1.86390550744948,0.0623349751849434,0.330370400174421
"1684","Pattern_25","Bipolar Disorder",0.210222097531647,0.291611626682687,0.0360758659631453,1.38715972348619,0.171608343683824,0.0157598538299594,1.39835713656318e-08,1.53160235872625e-08,0.913002731156748,0.3612411051287,0.680322379405448
"1685","Pattern_25","Body Mass Index",0.210222097531647,0.276237119279354,0.0159550203404264,1.31402513114859,0.0758960191519565,9.03873818568796e-05,6.55116145536075e-09,2.92706804032162e-09,2.23813090953667,0.0252125195175956,0.216339683602594
"1686","Pattern_25","Celiac Disease",0.210222097531647,0.299244824664092,0.0485380770872393,1.42346988341244,0.230889509985659,0.0409092550734561,-2.40880086661986e-08,1.65275110902159e-08,-1.45744925141563,0.144992410228082,0.469625340890958
"1687","Pattern_25","Coronary Artery Disease",0.210222097531647,0.337132354370362,0.04263181457803,1.60369608299436,0.202794164260549,0.00163570401601681,-2.75959609842893e-10,3.23253844739172e-09,-0.0853693202212521,0.931967783016031,0.979288013459795
"1688","Pattern_25","Crohn's Disease",0.210222097531647,0.349247572604472,0.0311992930276371,1.66132664788912,0.14841110137311,5.67686811243664e-06,7.4410917378991e-09,1.61978724265248e-08,0.459386982559138,0.645956294533541,0.860735751263228
"1689","Pattern_25","Depressive Symptoms",0.210222097531647,0.18089580174583,0.0271360823150035,0.860498510241522,0.129082920557,0.276515490166497,-5.75479430696359e-11,1.25563386170827e-09,-0.04583178649813,0.963444323460818,0.990003094177569
"1690","Pattern_25","Ever Smoked",0.210222097531647,0.212504793564851,0.0275693779332993,1.01085849708478,0.131144053156205,0.934094588745616,1.71555641631487e-09,2.71351657272114e-09,0.632226253401688,0.527239044592951,0.79361817645691
"1691","Pattern_25","Fasting Glucose",0.210222097531647,0.327246612467452,0.0429646895323607,1.55667085577522,0.204377608428594,0.00297878714789601,-1.25673752140402e-11,5.2157753254557e-09,-0.00240949320663889,0.998077504431289,0.998546746323358
"1692","Pattern_25","HDL Cholesterol",0.210222097531647,0.36145217494827,0.0325521978401323,1.71938240171853,0.154846698907244,8.76606572077216e-05,1.54576120690466e-09,4.40126110312825e-09,0.351208703752202,0.725431780886445,0.903636929502467
"1693","Pattern_25","Height",0.210222097531647,0.303359020723205,0.0184623381465257,1.44304059509033,0.0878230136760305,1.05016037745159e-06,-3.60000671207176e-09,4.01247157697931e-09,-0.897204289925946,0.369609916498848,0.68993851079785
"1694","Pattern_25","Inflammatory Bowel Disease",0.210222097531647,0.33897625428869,0.0275733832102871,1.61246728231155,0.1311631057536,1.42048393332684e-05,-5.29120131300624e-09,9.83792161008354e-09,-0.537837311854868,0.59068937012115,0.82696511816961
"1695","Pattern_25","LDL Cholesterol",0.210222097531647,0.359261127318465,0.0354125350827918,1.70895986452795,0.168452962360252,2.35460158735847e-05,-4.55240109197126e-09,3.83904102254879e-09,-1.18581725624512,0.235694475260902,0.576336899613276
"1696","Pattern_25","Systemic Lupus Erythematosus",0.210222097531647,0.359519922323105,0.0545936573949791,1.71019091971995,0.259695141643045,0.00138233317301212,-1.96320179430595e-08,2.28146811277514e-08,-0.860499335192524,0.389513849826029,0.704235745479856
"1697","Pattern_25","Multiple Sclerosis",0.210222097531647,0.705532712405185,0.248881119208729,3.35613011519387,1.18389608956909,7.97548391692916e-06,-1.77280853974136e-08,9.44938727597057e-09,-1.87610951690967,0.0606402431502877,0.327172837203131
"1698","Pattern_25","Neuroticism",0.210222097531647,0.222191390209788,0.0149350840965101,1.05693641543244,0.0710443110970374,0.404591647622509,2.46096905051395e-09,1.6697459800258e-09,1.4738583472894,0.140519734591633,0.463606194125575
"1699","Pattern_25","Primary Biliary Cirrhosis",0.210222097531647,0.353677186069049,0.0458370556144225,1.68239776037724,0.21804109155329,0.000560196509272662,-1.61544338329174e-08,2.1896407578447e-08,-0.737766401864866,0.460656413357377,0.756716967989538
"1700","Pattern_25","Rheumatoid Arthritis",0.210222097531647,0.307073008277661,0.03696032203481,1.4607075653949,0.175815589649161,0.00564019106614002,-4.00475197399091e-09,7.09820178859316e-09,-0.564192466383044,0.572623154338672,0.818362708148217
"1701","Pattern_25","Schizophrenia",0.210222097531647,0.276811117634671,0.0126867442034209,1.3167555689192,0.0603492418370102,2.98672704480115e-07,2.26608831442435e-08,6.51204446660947e-09,3.47984158591625,0.00050171034327414,0.0365209733576596
"1702","Pattern_25","Subjective Well-Being",0.210222097531647,0.224751336611932,0.0408680517479646,1.06911375754919,0.194404166963524,0.723323321192243,-1.11605364944129e-09,1.24879016486849e-09,-0.893707910935395,0.37147819158498,0.69100139960959
"1703","Pattern_25","Triglycerides",0.210222097531647,0.353404282409314,0.0396071962923007,1.68109959209265,0.188406436608493,3.05797853571097e-05,3.24536221097271e-09,4.83601783443141e-09,0.671081522459746,0.502168597308615,0.780010784724623
"1704","Pattern_25","Type 1 Diabetes",0.210222097531647,0.436494259291772,0.105395144316716,2.07634813093834,0.501351406699049,0.00264525542473732,-1.13953065266465e-08,1.07237566081598e-08,-1.06262263710607,0.287953117022449,0.626548295525328
"1705","Pattern_25","Type 2 Diabetes",0.210222097531647,0.282125840691941,0.0406524203573424,1.34203703608975,0.193378435638635,0.0722254312744383,4.88555004505361e-11,4.44365257431464e-09,0.0109944464904688,0.991227877616925,0.995437906356214
"1706","Pattern_25","Ulcerative Colitis",0.210222097531647,0.307691426235573,0.0382017042301741,1.46364930161185,0.181720688161353,0.0105280720003143,-1.90010860294177e-08,1.03286123100246e-08,-1.83965526627192,0.0658188649807811,0.341736569292363
"1707","Pattern_25","Years of Education (EduYears)",0.210222097531647,0.238880882340964,0.0237195177017276,1.13632622424483,0.112830753665926,0.2288666812237,9.33419758391445e-10,2.20984014288756e-09,0.42239243476307,0.672738598918636,0.87643858871002
"1708","Pattern_25","Years of Education (College)",0.210222097531647,0.249191691108568,0.0116978341310909,1.18537344092028,0.0556451213666054,0.00102945004022219,3.43123800408002e-09,1.47609252116497e-09,2.32454128374826,0.0200965015946808,0.193989092096007
"1709","Pattern_25","Savage cognition-intelligence",0.210222097531647,0.267252034918831,0.0154134107483478,1.27128421824732,0.0733196506424708,0.000289083322179951,8.27328888227349e-09,3.11141660359133e-09,2.65901032755437,0.00783705606297202,0.136539054627468
"1710","Pattern_25","Tissink 2022 - Cerebellar Volume",0.210222097531647,0.301284108727245,0.0241873177028979,1.4331705004603,0.115056019261994,0.000142155663156104,2.55450031393403e-09,1.07679189203476e-08,0.23723249894712,0.812476425310199,0.93964664840223
"1711","Pattern_25","Tissink 2022 - Subcortical Volume",0.210222097531647,0.354565526877193,0.0274391171022507,1.68662348554398,0.130524418814345,2.05849863165786e-08,1.56284902283056e-08,8.78169015318336e-09,1.77966768989684,0.0751303611770774,0.363357746783683
"1712","Pattern_25","UKB_IDP_0021_Volume_of_left_amygdala",0.210222097531647,0.334739665596159,0.0712221487442501,1.59231436431542,0.338794777430704,0.0553052953143222,-6.40198705499201e-10,6.31953069826571e-09,-0.10130478607769,0.919308517001845,0.974826951911327
"1713","Pattern_25","UKB_IDP_0024_Volume_of_right_accumbens",0.210222097531647,0.340704898024908,0.0477310314768969,1.62069022250916,0.227050495820076,0.00459940048477593,2.49977851586919e-09,7.28848770811445e-09,0.342976295766558,0.731616292998274,0.903965898707259
"1714","Pattern_25","UKB_IDP_0026_Volume_of_grey_matter_in_Left_Frontal_Pole",0.210222097531647,0.3301611754197,0.038670033140112,1.57053506408857,0.183948469709711,0.000711872020087121,7.89627234893228e-09,6.8112535614775e-09,1.15929795854192,0.246334753605176,0.581798396972048
"1715","Pattern_25","UKB_IDP_0137_IDP_T1_FAST_ROIs_L_cerebellum_I-IV",0.210222097531647,0.274861316314431,0.0259613322308296,1.30748060999179,0.123494782592593,0.0107824022480334,-2.75639432184034e-09,7.91695486969036e-09,-0.34816345011553,0.727717435178955,0.903636929502467
"1716","Pattern_25","UKB_IDP_0138_IDP_T1_FAST_ROIs_R_cerebellum_I-IV",0.210222097531647,0.274494505012098,0.0259140431291371,1.30573573489712,0.123269834301011,0.0118662142073104,-6.60116633716186e-09,8.23485495133093e-09,-0.801612945968766,0.42277688659594,0.728709686169568
"1717","Pattern_25","UKB_IDP_0139_IDP_T1_FAST_ROIs_L_cerebellum_V",0.210222097531647,0.271356490438738,0.0264598441459732,1.2908085954089,0.125866140889351,0.0200496968993699,-3.26410829630762e-09,7.73128417503268e-09,-0.422194841427339,0.67288280649243,0.87643858871002
"1718","Pattern_25","UKB_IDP_0140_IDP_T1_FAST_ROIs_R_cerebellum_V",0.210222097531647,0.277188025612343,0.0273166954511094,1.31854847262484,0.129942074462448,0.0167148226313427,-5.92065949595005e-09,8.00254130734723e-09,-0.739847414534958,0.45939258514639,0.756716967989538
"1719","Pattern_25","UKB_IDP_0141_IDP_T1_FAST_ROIs_L_cerebellum_VI",0.210222097531647,0.29995721517756,0.0234455086691898,1.42685863522223,0.111527327262351,3.41505473186121e-05,1.25070224915586e-09,6.86491159135713e-09,0.182187670228774,0.855435448795414,0.953526292210817
"1720","Pattern_25","UKB_IDP_0142_IDP_T1_FAST_ROIs_V_cerebellum_VI",0.210222097531647,0.281202615788563,0.0259784532522504,1.33764537168235,0.123576225131802,0.00433394976349618,2.58852208418522e-09,7.66859783581673e-09,0.337548289740185,0.735703615865828,0.905481373373327
"1721","Pattern_25","UKB_IDP_0143_IDP_T1_FAST_ROIs_R_cerebellum_VI",0.210222097531647,0.312554268419792,0.0266635860136158,1.48678122847071,0.126835315253202,4.01278777242921e-05,5.92271123466123e-09,7.22670893677059e-09,0.819558568980906,0.412467800494266,0.721818650864965
"1722","Pattern_25","UKB_IDP_0144_IDP_T1_FAST_ROIs_L_cerebellum_crus_I",0.210222097531647,0.237293144044375,0.0187586230206481,1.12877355344936,0.0892324034480921,0.151142694799961,-8.23307246081115e-09,8.82720348822867e-09,-0.932693176473182,0.350978408992754,0.674241328330353
"1723","Pattern_25","UKB_IDP_0145_IDP_T1_FAST_ROIs_V_cerebellum_crus_I",0.210222097531647,0.28610203695148,0.0602299215494727,1.36095130012871,0.286506139253061,0.196220172569728,3.00335090815989e-09,5.94916061849927e-09,0.50483607701241,0.613673974306371,0.843058887878604
"1724","Pattern_25","UKB_IDP_0146_IDP_T1_FAST_ROIs_R_cerebellum_crus_I",0.210222097531647,0.254770126285391,0.0206967638989726,1.21190935337822,0.0984518951241881,0.0311292240186942,-3.0028948398483e-09,9.66211710058756e-09,-0.310790565730743,0.755959842228741,0.918722184044981
"1725","Pattern_25","UKB_IDP_0147_IDP_T1_FAST_ROIs_L_cerebellum_crus_II",0.210222097531647,0.248107284927721,0.0232378455131771,1.18021505750779,0.110539499824365,0.100208350307282,-7.17588425198116e-09,8.72400386670559e-09,-0.822544827079605,0.410766884863326,0.720619893643165
"1726","Pattern_25","UKB_IDP_0148_IDP_T1_FAST_ROIs_V_cerebellum_crus_II",0.210222097531647,0.281121459379205,0.0278487743201702,1.33725932088031,0.132473106524769,0.00929789634502516,8.48118294529302e-09,8.15374941459721e-09,1.04015741888138,0.29826677077941,0.634711688218585
"1727","Pattern_25","UKB_IDP_0149_IDP_T1_FAST_ROIs_R_cerebellum_crus_II",0.210222097531647,0.244635142257378,0.0231596132496237,1.16369851281001,0.110167358815061,0.118501582067504,-8.87187934840651e-09,9.29258668409806e-09,-0.954726563227924,0.339715993071628,0.667175455808263
"1728","Pattern_25","UKB_IDP_0150_IDP_T1_FAST_ROIs_L_cerebellum_VIIb",0.210222097531647,0.232409885557469,0.0220020620428906,1.10554450881398,0.104661033741129,0.30844986568978,-1.3329309294781e-08,7.82270003765694e-09,-1.70392693451319,0.0883947383257129,0.385530549806609
"1729","Pattern_25","UKB_IDP_0151_IDP_T1_FAST_ROIs_V_cerebellum_VIIb",0.210222097531647,0.303891037919666,0.0243434876379815,1.44557133378387,0.115798899943507,2.88915986887225e-05,1.61539757233793e-08,7.03810268360037e-09,2.29521739729943,0.0217206686603206,0.200093432507196
"1730","Pattern_25","UKB_IDP_0152_IDP_T1_FAST_ROIs_R_cerebellum_VIIb",0.210222097531647,0.208642900737425,0.0213612786541676,0.992487960053847,0.101612907991044,0.940949896823983,-2.21500633301794e-08,8.62735428242831e-09,-2.56742248029542,0.0102457695381952,0.146328842800533
"1731","Pattern_25","UKB_IDP_0153_IDP_T1_FAST_ROIs_L_cerebellum_VIIIa",0.210222097531647,0.239556448369904,0.023984928997566,1.13953980662685,0.114093281720564,0.218060191477946,-1.31578680007384e-08,8.97564261538817e-09,-1.46595275286251,0.142661158896778,0.464904971106194
"1732","Pattern_25","UKB_IDP_0154_IDP_T1_FAST_ROIs_V_cerebellum_VIIIa",0.210222097531647,0.293816751532349,0.0225064171008765,1.3976492242359,0.107060187131319,0.00031275468158376,9.97057697605587e-09,9.50680542499342e-09,1.04878311171103,0.294277951969624,0.630895894720951
"1733","Pattern_25","UKB_IDP_0155_IDP_T1_FAST_ROIs_R_cerebellum_VIIIa",0.210222097531647,0.238272595334373,0.0245454021631745,1.13343267968537,0.116759381869831,0.249524245414525,-7.85139314645922e-09,8.10173636711658e-09,-0.969100053456016,0.332495271047394,0.66445875488347
"1734","Pattern_25","UKB_IDP_0156_IDP_T1_FAST_ROIs_L_cerebellum_VIIIb",0.210222097531647,0.274858440869722,0.024559554286359,1.30746693186402,0.116826701734635,0.00685801661130238,-1.30893513905475e-09,8.57844036413746e-09,-0.152584279133864,0.878726123249488,0.960300915669594
"1735","Pattern_25","UKB_IDP_0157_IDP_T1_FAST_ROIs_V_cerebellum_VIIIb",0.210222097531647,0.287649799925603,0.0242996651485998,1.3683138133578,0.115590441889401,0.00217751453657555,1.03248988713885e-08,1.15607250926174e-08,0.893101322682771,0.371802914733544,0.69100139960959
"1736","Pattern_25","UKB_IDP_0158_IDP_T1_FAST_ROIs_R_cerebellum_VIIIb",0.210222097531647,0.269734968236883,0.0272712432201472,1.28309521883767,0.129725863933223,0.0247855977716874,9.20606857975711e-10,7.02184243436863e-09,0.131106168584725,0.895691321461549,0.964590653881668
"1737","Pattern_25","UKB_IDP_0159_IDP_T1_FAST_ROIs_L_cerebellum_IX",0.210222097531647,0.266454994023441,0.0260794786538933,1.26749279524874,0.124056790223812,0.0320555431489219,-5.53527520491992e-09,1.17449772235021e-08,-0.471288713429231,0.637434574454345,0.855252950159226
"1738","Pattern_25","UKB_IDP_0160_IDP_T1_FAST_ROIs_V_cerebellum_IX",0.210222097531647,0.281437907091046,0.0275616093733039,1.33876462272801,0.131107099096254,0.0067307052132659,-3.34249431727067e-09,9.51365948859921e-09,-0.3513363413181,0.725336034088526,0.903636929502467
"1739","Pattern_25","UKB_IDP_0161_IDP_T1_FAST_ROIs_R_cerebellum_IX",0.210222097531647,0.284767682680391,0.0238265022388869,1.35460394518003,0.113339665613887,0.00178646187179521,1.42934768742792e-09,9.6671835336391e-09,0.147855648178622,0.882456691022155,0.960300915669594
"1740","Pattern_25","UKB_IDP_0162_IDP_T1_FAST_ROIs_L_cerebellum_X",0.210222097531647,0.252997748050566,0.0286604541952798,1.20347837368752,0.13633416530327,0.128108421014227,-5.13287758508204e-09,8.12068834870221e-09,-0.632074199215187,0.527338393566763,0.79361817645691
"1741","Pattern_25","UKB_IDP_0163_IDP_T1_FAST_ROIs_V_cerebellum_X",0.210222097531647,0.276266877903215,0.0291501816518498,1.31416668916847,0.138663737038688,0.0192479522748223,-2.13555780352123e-09,7.11777861935715e-09,-0.300031501080052,0.764153127479424,0.918790292361247
"1742","Pattern_25","UKB_IDP_0164_IDP_T1_FAST_ROIs_R_cerebellum_X",0.210222097531647,0.252218257234207,0.032544108429825,1.19977043420109,0.154808218602831,0.204542342578095,-7.54641813582606e-09,8.46891179396413e-09,-0.891072940587769,0.372890040568409,0.691454497628798
"1743","Pattern_25","UKB_IDP_0193_aseg_lh_volume_Cerebellum-White-Matter",0.210222097531647,0.352774645433025,0.0282384937770229,1.67810448842048,0.134326952820799,1.07083198571733e-07,1.09668705236255e-08,8.19829565549032e-09,1.33770127163944,0.180993836297084,0.521482727201182
"1744","Pattern_25","UKB_IDP_0194_aseg_lh_volume_Cerebellum-Cortex",0.210222097531647,0.278283613937369,0.0219347609788554,1.32376004808665,0.104340891069044,0.00164929611398991,-5.65625856598924e-09,8.34442807540797e-09,-0.677848561324282,0.497867717272149,0.777769011264694
"1745","Pattern_25","UKB_IDP_0210_aseg_rh_volume_Cerebellum-White-Matter",0.210222097531647,0.356448740103698,0.0324967607930966,1.69558169330908,0.154582991867468,1.10507789555898e-06,1.02785232554454e-08,8.51152360051356e-09,1.20760086417726,0.227200826662825,0.569988676356998
"1746","Pattern_25","UKB_IDP_0211_aseg_rh_volume_Cerebellum-Cortex",0.210222097531647,0.276593063197475,0.0220535992988327,1.31571831146741,0.104906189966603,0.00174913154020717,-7.0181570884381e-09,8.59130298269612e-09,-0.816890884022305,0.41399078779784,0.722700899453489
"1747","Pattern_25","UKB_IDP_0434_Volume_of_V1_in_the_right_hemisphere",0.210222097531647,0.258445993950614,0.0268671110042182,1.22939499217825,0.12780345796033,0.0639438460823736,-1.48477827483204e-09,7.802304228889e-09,-0.190299971812745,0.849074075737591,0.952043345677671
"1748","Pattern_25","UKB_IDP_0442_Volume_of_entorhinal_in_the_left_hemisphere_DKT_parcellation",0.210222097531647,0.232778026776714,0.0358568051005522,1.10729571015564,0.170566298793372,0.521900233922478,-5.74987800283562e-09,6.2965155801292e-09,-0.91318411423952,0.361145717382665,0.680322379405448
"1749","Pattern_23","Demontis 2023 -  Attention Deficit Hyperactivity Disorder",0.225589259507558,0.253297902301767,0.0136069016824812,1.12282784585886,0.060317152120557,0.042590977983586,1.93126958276348e-09,1.39584497273508e-09,1.38358458173135,0.166485692057187,0.499691893790823
"1750","Pattern_23","Grove 2019  - Autism Spectrum Disorder",0.225589259507558,0.23621768877478,0.0267452187000262,1.04711407489178,0.118557145665572,0.689385693222645,9.19283889520598e-10,4.78550647099206e-09,0.192097512581573,0.847665823300541,0.952043345677671
"1751","Pattern_23","Chambers_total_cerebellar_volume",0.225589259507558,0.371796104932501,0.0290215644862527,1.6481108442135,0.128647811290326,1.22982318267337e-08,2.72492627302178e-08,1.04709418022469e-08,2.60236980062008,0.00925819617437354,0.143887795073155
"1752","Pattern_23","Davies reaction time",0.225589259507558,0.277007516562906,0.0126385049630539,1.22792865745288,0.0560244090992746,9.30486299219251e-05,3.33738784944715e-09,1.16966166090892e-09,2.85329335908448,0.00432686579969404,0.101182092546691
"1753","Pattern_23","Gui_age_onset_walking",0.225589259507558,0.269518642785965,0.0161211036435093,1.1947317145076,0.0714621949586619,0.00618107308793697,1.18032849978231e-08,3.76021699060476e-09,3.13899039000001,0.00169531007506913,0.062349673594311
"1754","Pattern_23","Huang_neurodev_disorders",0.225589259507558,0.158431306452767,0.154344657322038,0.702299864801224,0.684184422870834,0.631591149028568,-3.79997219427226e-09,6.00618970749243e-09,-0.632676019129395,0.526945233134297,0.79361817645691
"1755","Pattern_23","Lee_cognitive_performance",0.225589259507558,0.272783020583821,0.0112905535153936,1.20920216316717,0.0500491625356629,2.78096613774992e-05,9.63271269681375e-10,4.6617991142234e-10,2.06630797698336,0.0387994086901583,0.265111974303851
"1756","Pattern_23","Lee_educ_attainment",0.225589259507558,0.260141629629938,0.0084429015520097,1.1531649609463,0.0374259908048806,5.61072327743213e-05,1.53638820641655e-09,6.07225467343241e-10,2.53017748603104,0.0114004840853914,0.152580063734043
"1757","Pattern_23","Alzheimer's Disease",0.225589259507558,0.492638906121067,0.068259932454351,2.18378706147826,0.302585028220566,1.04498338380605e-06,7.21990177597203e-09,3.85919406299614e-09,1.87083148919615,0.061368441497149,0.328120712326465
"1758","Pattern_23","Anorexia Nervosa",0.225589259507558,0.219164571562261,0.0266689091826276,0.97152041742004,0.118218878154233,0.810091174115062,-1.16759597385761e-09,6.08775004812901e-09,-0.191794335284257,0.847903308380161,0.952043345677671
"1759","Pattern_23","Autism Spectrum Disorder",0.225589259507558,0.236957521685735,0.0251559849611309,1.05039363222785,0.11151233447924,0.648429749641137,1.86066726035085e-08,1.68733378287853e-08,1.10272625323522,0.270146062271483,0.606403819107296
"1760","Pattern_23","Bipolar Disorder",0.225589259507558,0.282710740358606,0.0360333860460046,1.25321010838787,0.159730060396769,0.11496623554639,4.62869145535723e-09,1.45426587825587e-08,0.318283714454506,0.750269736481968,0.916005211263778
"1761","Pattern_23","Body Mass Index",0.225589259507558,0.25370897439991,0.0140957211285721,1.1246500607065,0.0624840081453427,0.0464038523290245,-1.2972581980625e-09,2.26366550502907e-09,-0.57307857330531,0.566591494230659,0.817511501842868
"1762","Pattern_23","Celiac Disease",0.225589259507558,0.222352664260293,0.0439314859628255,0.985652706807362,0.19474103536101,0.940895618895276,-6.26472807632392e-08,1.56509856129203e-08,-4.00276904679551,6.26054098146119e-05,0.0153033352089234
"1763","Pattern_23","Coronary Artery Disease",0.225589259507558,0.36280514644485,0.0422026631494754,1.6082554073577,0.187077448818264,0.00155419794025566,7.85118085940995e-10,3.248649142525e-09,0.241675247617157,0.809031810633804,0.937701357858788
"1764","Pattern_23","Crohn's Disease",0.225589259507558,0.338795157811926,0.0296636249249321,1.50182308568895,0.131493959374153,5.75290478017468e-05,-9.89431520378124e-09,1.57261676674133e-08,-0.62916251518058,0.529242666547291,0.794337730964226
"1765","Pattern_23","Depressive Symptoms",0.225589259507558,0.224042816028607,0.0262040288808823,0.993144870982213,0.116158140410068,0.95292259160413,1.39260142411808e-09,1.19108374076004e-09,1.16918850997786,0.242327689447492,0.578757938433515
"1766","Pattern_23","Ever Smoked",0.225589259507558,0.229787225379924,0.029254975647707,1.01860889069599,0.12968248449225,0.885819434646059,9.49357797088823e-10,2.74368911563498e-09,0.346015075716445,0.729331384972803,0.903636929502467
"1767","Pattern_23","Fasting Glucose",0.225589259507558,0.277330390854452,0.0470801511731204,1.2293599059629,0.208698549194639,0.278887361960705,-9.33205308058435e-09,4.75629672317253e-09,-1.96204182029243,0.0497576155517067,0.300807403108045
"1768","Pattern_23","HDL Cholesterol",0.225589259507558,0.382689929781803,0.027167203465952,1.69640137397135,0.120427734570589,4.92724401814589e-07,1.8755805911892e-09,3.25142395357001e-09,0.57684898000762,0.564041478691746,0.816549724806935
"1769","Pattern_23","Height",0.225589259507558,0.321222881202628,0.0179203967173487,1.42392808019242,0.079438164549444,3.30440871142294e-07,-4.02581726210468e-09,3.69522418884766e-09,-1.08946495702609,0.275948900042638,0.610415030447748
"1770","Pattern_23","Inflammatory Bowel Disease",0.225589259507558,0.331793962079787,0.0269208366478034,1.47078793912469,0.119335631078223,0.000234477302174711,-1.54287194535031e-08,9.59084071517434e-09,-1.60869311791324,0.107683461394094,0.40400073537636
"1771","Pattern_23","LDL Cholesterol",0.225589259507558,0.394824554688601,0.0427353163590113,1.75019216584366,0.189438612690598,0.000126360802026128,-1.15843585050244e-09,4.13056407655879e-09,-0.280454637437204,0.77912872353744,0.923154745928549
"1772","Pattern_23","Systemic Lupus Erythematosus",0.225589259507558,0.380636416525592,0.056463617999011,1.6872984882192,0.250293910810586,0.000274025240970587,-1.22826861353495e-08,2.21400304820124e-08,-0.554772774379356,0.579050091559604,0.81929427848327
"1773","Pattern_23","Multiple Sclerosis",0.225589259507558,0.990412798903949,0.337157915924104,4.39033667234838,1.49456546229235,3.6922815141872e-08,1.41246375337074e-08,1.07588693892014e-08,1.31283660231847,0.189238013399271,0.52809359162927
"1774","Pattern_23","Neuroticism",0.225589259507558,0.212316447285278,0.0162823441397982,0.941163811383333,0.0721769474989241,0.425304078604003,-6.68705496304822e-10,1.92373365613005e-09,-0.347608149482632,0.728134485137463,0.903636929502467
"1775","Pattern_23","Primary Biliary Cirrhosis",0.225589259507558,0.383460564876109,0.0446494732362729,1.69981747230861,0.197923754587159,0.000417457347736851,-8.45864567260644e-09,1.88423984838261e-08,-0.448915549677349,0.653492578411232,0.866752567543303
"1776","Pattern_23","Rheumatoid Arthritis",0.225589259507558,0.324536689762607,0.0369139730101858,1.43861764727205,0.163633557248096,0.00542658317501458,-4.0043630569847e-09,6.94218790447283e-09,-0.576815711716,0.56406395463637,0.816549724806935
"1777","Pattern_23","Schizophrenia",0.225589259507558,0.280719049132077,0.0118686365876672,1.2443812695022,0.0526117095006005,4.22887394510585e-06,1.23592775085993e-08,5.88871661221409e-09,2.09880663691038,0.0358339495498144,0.256344375205464
"1778","Pattern_23","Subjective Well-Being",0.225589259507558,0.236646014430661,0.0442547510877233,1.0490127719167,0.196174016370848,0.803538765144424,-1.31101165690824e-09,1.1808450106139e-09,-1.11023177904327,0.26689916196005,0.604394118054464
"1779","Pattern_23","Triglycerides",0.225589259507558,0.35048704762489,0.0345509131276184,1.55365130587322,0.153158502328701,6.8995494951867e-05,2.77249184309136e-10,3.3314845747745e-09,0.083220911904688,0.93367588511962,0.979288013459795
"1780","Pattern_23","Type 1 Diabetes",0.225589259507558,0.527302957830884,0.120174684373453,2.33744708849145,0.532714565559476,0.000186878117499981,2.07124844217601e-09,9.56546603245429e-09,0.216533981214146,0.828571540208365,0.946880341992743
"1781","Pattern_23","Type 2 Diabetes",0.225589259507558,0.237245738929879,0.0367301124464226,1.05167125175979,0.16281853367754,0.750924141896158,-7.77934547708815e-09,3.79070335851235e-09,-2.05221689521523,0.0401485882377219,0.269934955068206
"1782","Pattern_23","Ulcerative Colitis",0.225589259507558,0.354528093707903,0.040563226410323,1.57156459701055,0.179810096007536,0.00086625872166321,-6.82728379564087e-09,1.05963178873889e-08,-0.644307189364932,0.519376254558811,0.79001620421812
"1783","Pattern_23","Years of Education (EduYears)",0.225589259507558,0.269343795261507,0.0240196879817217,1.19395664425452,0.106475317283077,0.0725798596261948,2.21421209364734e-09,1.99567657672519e-09,1.10950447556024,0.267212614781388,0.604394118054464
"1784","Pattern_23","Years of Education (College)",0.225589259507558,0.256507479121106,0.0110160334544725,1.13705537081437,0.0488322603590237,0.00543572097548941,1.74780809128497e-09,1.26701609848295e-09,1.3794679431285,0.167750523465591,0.501366733054464
"1785","Pattern_23","Savage cognition-intelligence",0.225589259507558,0.273878535495691,0.0137810510652562,1.21405840018068,0.061089127626639,0.00051744091742629,4.78129635448951e-09,2.47639701325692e-09,1.9307471010883,0.0535143350211017,0.307779743040282
"1786","Pattern_23","Tissink 2022 - Cerebellar Volume",0.225589259507558,0.388665485652534,0.0277511540106462,1.72289002810221,0.12301629107354,3.62489473331371e-10,3.49804361335299e-08,1.09592847202298e-08,3.19185394179597,0.00141362796064237,0.0588874402349881
"1787","Pattern_23","Tissink 2022 - Subcortical Volume",0.225589259507558,0.364708804104614,0.0291420346417895,1.61669400795384,0.129181835630845,8.6988374868614e-07,8.73091655879355e-09,9.96862779837027e-09,0.875839356768936,0.381117371018357,0.697430373002245
"1788","Pattern_23","UKB_IDP_0021_Volume_of_left_amygdala",0.225589259507558,0.387721185700154,0.0697343229930681,1.718704102077,0.309120758431904,0.0106932019045208,3.20263783835648e-09,5.74615293245819e-09,0.557353393827338,0.577286001791651,0.818882158654176
"1789","Pattern_23","UKB_IDP_0024_Volume_of_right_accumbens",0.225589259507558,0.368357762937414,0.0448938319963773,1.63286924094483,0.199006956689235,0.00118788871814014,3.19020423219676e-09,6.40989042103389e-09,0.49770027608088,0.618695313475688,0.843901418742798
"1790","Pattern_23","UKB_IDP_0026_Volume_of_grey_matter_in_Left_Frontal_Pole",0.225589259507558,0.347300906252486,0.0370178011860158,1.53952766639074,0.164093810435933,0.000335890891282086,5.94570108487917e-09,6.35796678671512e-09,0.935157619461402,0.349707075804713,0.673516598785779
"1791","Pattern_23","UKB_IDP_0137_IDP_T1_FAST_ROIs_L_cerebellum_I-IV",0.225589259507558,0.328656362299855,0.0267485138992066,1.45687947651977,0.11857175274034,5.80752161444433e-05,6.9342151687047e-09,7.59527678871932e-09,0.912964117252917,0.361261413876013,0.680322379405448
"1792","Pattern_23","UKB_IDP_0138_IDP_T1_FAST_ROIs_R_cerebellum_I-IV",0.225589259507558,0.318363057051706,0.0263123465192097,1.41125095116082,0.116638294645087,0.00034805862530051,6.6626893091567e-10,7.94666703770821e-09,0.0838425628951254,0.933181606837641,0.979288013459795
"1793","Pattern_23","UKB_IDP_0139_IDP_T1_FAST_ROIs_L_cerebellum_V",0.225589259507558,0.341606635281074,0.0295673391566446,1.51428590184999,0.13106714043562,0.000116195797503134,1.17883704076346e-08,8.10298183109435e-09,1.45481881279778,0.145719428562669,0.469834763608121
"1794","Pattern_23","UKB_IDP_0140_IDP_T1_FAST_ROIs_R_cerebellum_V",0.225589259507558,0.3297478944074,0.0292782246892732,1.46171805841826,0.12978554366101,0.000596921076267855,3.04094203391652e-09,8.35507537236487e-09,0.363963447173043,0.715885304989318,0.900014225577019
"1795","Pattern_23","UKB_IDP_0141_IDP_T1_FAST_ROIs_L_cerebellum_VI",0.225589259507558,0.384423159111373,0.0304090976635753,1.70408449387411,0.134798517136657,4.15418204858077e-08,2.15588679196341e-08,8.4635149657529e-09,2.5472711995986,0.0108569022091265,0.148200141090554
"1796","Pattern_23","UKB_IDP_0142_IDP_T1_FAST_ROIs_V_cerebellum_VI",0.225589259507558,0.294709639627483,0.0272161875438326,1.30639925088104,0.120644872913024,0.0101893151546712,-2.08058216230316e-09,7.9365264358117e-09,-0.262152741395156,0.793203686399651,0.92999308245645
"1797","Pattern_23","UKB_IDP_0143_IDP_T1_FAST_ROIs_R_cerebellum_VI",0.225589259507558,0.385730393812976,0.0318499136691511,1.70987924981443,0.141185416977194,8.152122956709e-08,1.99621875433339e-08,8.08702526122922e-09,2.46842156398801,0.0135710390130349,0.164086198975785
"1798","Pattern_23","UKB_IDP_0144_IDP_T1_FAST_ROIs_L_cerebellum_crus_I",0.225589259507558,0.304988160510125,0.0218461110156358,1.35196223958484,0.0968402088970192,0.000585270648859399,1.14379429088481e-08,1.01136406608959e-08,1.13094218910432,0.2580794245449,0.59305185945289
"1799","Pattern_23","UKB_IDP_0145_IDP_T1_FAST_ROIs_V_cerebellum_crus_I",0.225589259507558,0.38897702074687,0.0691753940840409,1.72427101182021,0.306643118715158,0.00458935091785934,1.1502763871808e-08,5.64974131697058e-09,2.03598062751231,0.0417523006054218,0.271952667003182
"1800","Pattern_23","UKB_IDP_0146_IDP_T1_FAST_ROIs_R_cerebellum_crus_I",0.225589259507558,0.346692666155633,0.0231154610846146,1.53683143830709,0.102467028506028,1.01548717610839e-06,2.76360168290719e-08,1.05440587624242e-08,2.62100368100739,0.0087671315330317,0.143168878678569
"1801","Pattern_23","UKB_IDP_0147_IDP_T1_FAST_ROIs_L_cerebellum_crus_II",0.225589259507558,0.315541517845297,0.029295426190981,1.39874353297713,0.129861795082489,0.000906156495241576,9.74528035633722e-09,1.02010046597633e-08,0.955325546980325,0.339413092157398,0.667175455808263
"1802","Pattern_23","UKB_IDP_0148_IDP_T1_FAST_ROIs_V_cerebellum_crus_II",0.225589259507558,0.295737682580824,0.0303187885996937,1.31095639582484,0.134398191943521,0.0191988389572905,4.27849745460769e-09,8.07505080454021e-09,0.529841552476933,0.596221792685721,0.829788911821358
"1803","Pattern_23","UKB_IDP_0149_IDP_T1_FAST_ROIs_R_cerebellum_crus_II",0.225589259507558,0.303635473412065,0.0321414439086656,1.34596600066366,0.142477722471484,0.00295595317365738,5.48026486028094e-09,1.13176991186193e-08,0.484220759258841,0.628229205651984,0.847193757685312
"1804","Pattern_23","UKB_IDP_0150_IDP_T1_FAST_ROIs_L_cerebellum_VIIb",0.225589259507558,0.306001527471292,0.0310040153181616,1.35645432827461,0.13743568902988,0.00329281094693996,5.47497882431869e-09,9.5680575942034e-09,0.572214242066811,0.56717684000832,0.817511501842868
"1805","Pattern_23","UKB_IDP_0151_IDP_T1_FAST_ROIs_V_cerebellum_VIIb",0.225589259507558,0.304891822124611,0.0263232556925885,1.35153518740282,0.116686653212346,0.00145611087257195,6.30267593889028e-09,7.47732971543908e-09,0.842904643602462,0.39928177628689,0.709834268954472
"1806","Pattern_23","UKB_IDP_0152_IDP_T1_FAST_ROIs_R_cerebellum_VIIb",0.225589259507558,0.300175537624243,0.0296473420803674,1.33062867567144,0.131421780208353,0.00395761789729708,6.784974939815e-09,1.05764399831988e-08,0.641517840652743,0.521186293461565,0.791637710554041
"1807","Pattern_23","UKB_IDP_0153_IDP_T1_FAST_ROIs_L_cerebellum_VIIIa",0.225589259507558,0.326152331251773,0.0294033798087374,1.44577951966213,0.130340335674324,0.000285594239164233,1.0808055155639e-08,9.41184897076825e-09,1.14834557898317,0.250825930176992,0.587192056563959
"1808","Pattern_23","UKB_IDP_0154_IDP_T1_FAST_ROIs_V_cerebellum_VIIIa",0.225589259507558,0.343565351257877,0.0280115324367095,1.52296856688944,0.124170505714041,1.88719448942207e-05,2.01073364567561e-08,1.02134641722743e-08,1.96870876693726,0.048986543989679,0.300006626110105
"1809","Pattern_23","UKB_IDP_0155_IDP_T1_FAST_ROIs_R_cerebellum_VIIIa",0.225589259507558,0.30733916358524,0.0296650502130211,1.36238384866431,0.131500277441299,0.00223176149397216,8.11040121062027e-09,8.56068267718472e-09,0.947401219792377,0.343434369801875,0.670484714622377
"1810","Pattern_23","UKB_IDP_0156_IDP_T1_FAST_ROIs_L_cerebellum_VIIIb",0.225589259507558,0.348934247339353,0.0296172406716102,1.54676799817973,0.131288345625417,8.12227267516947e-06,1.69151158814633e-08,8.92982476656e-09,1.89422707876712,0.0581948753137562,0.322496600697066
"1811","Pattern_23","UKB_IDP_0157_IDP_T1_FAST_ROIs_V_cerebellum_VIIIb",0.225589259507558,0.342368911044623,0.0269619807181751,1.51766494465199,0.119518015959761,3.50023100034134e-05,2.3166955015114e-08,1.18677670939674e-08,1.95209046753961,0.050927464780329,0.301435737992978
"1812","Pattern_23","UKB_IDP_0158_IDP_T1_FAST_ROIs_R_cerebellum_VIIIb",0.225589259507558,0.297206009911834,0.0302363661770667,1.31746524883591,0.13403282693099,0.0176684744374986,2.24545515596095e-09,7.89190384220003e-09,0.284526421109432,0.776006989232774,0.921508299713919
"1813","Pattern_23","UKB_IDP_0159_IDP_T1_FAST_ROIs_L_cerebellum_IX",0.225589259507558,0.328850138897896,0.0291092139604206,1.45773845623567,0.129036346960682,0.000479135954968735,1.12928748553115e-08,1.21267039189143e-08,0.931240255457855,0.351729298834067,0.674241328330353
"1814","Pattern_23","UKB_IDP_0160_IDP_T1_FAST_ROIs_V_cerebellum_IX",0.225589259507558,0.339343920897478,0.0322118746678193,1.50425566198602,0.142789930416612,8.70926459207517e-05,8.9224781170146e-09,9.7580112959761e-09,0.914374645240875,0.36052001992088,0.680322379405448
"1815","Pattern_23","UKB_IDP_0161_IDP_T1_FAST_ROIs_R_cerebellum_IX",0.225589259507558,0.323425114645313,0.0283779773375424,1.43369021801535,0.125794895552603,0.000530257451164111,7.23718900813153e-09,1.06590007220606e-08,0.678974436426571,0.497154059584081,0.777769011264694
"1816","Pattern_23","UKB_IDP_0162_IDP_T1_FAST_ROIs_L_cerebellum_X",0.225589259507558,0.325348020921,0.0302065684275325,1.44221414455283,0.133900738419333,0.00063404390440255,9.09670653128752e-09,7.97581199846393e-09,1.14053672943137,0.254062759689225,0.589689356527665
"1817","Pattern_23","UKB_IDP_0163_IDP_T1_FAST_ROIs_V_cerebellum_X",0.225589259507558,0.364818940533722,0.0343442602470356,1.61718222458857,0.152242444174896,4.15362686047336e-06,1.37259604140842e-08,7.25840271781557e-09,1.8910442073425,0.0586184432556223,0.32316074416571
"1818","Pattern_23","UKB_IDP_0164_IDP_T1_FAST_ROIs_R_cerebellum_X",0.225589259507558,0.34097507513516,0.033016075563064,1.51148629983306,0.146354820416252,0.000598994990069425,9.34907308025954e-09,8.11398677036298e-09,1.1522169489366,0.249231934619126,0.586039289358563
"1819","Pattern_23","UKB_IDP_0193_aseg_lh_volume_Cerebellum-White-Matter",0.225589259507558,0.41780369080161,0.035731879295027,1.85205488822313,0.158393530671746,1.58067154260623e-09,2.50543686425187e-08,9.45278917237891e-09,2.65047365234038,0.00803789964089536,0.136837203486603
"1820","Pattern_23","UKB_IDP_0194_aseg_lh_volume_Cerebellum-Cortex",0.225589259507558,0.351885664812402,0.0280509922346946,1.55985114530957,0.124345424493735,3.80991669098673e-07,1.72452944734177e-08,9.37500491451892e-09,1.83949711287193,0.0658421021662918,0.341736569292363
"1821","Pattern_23","UKB_IDP_0210_aseg_rh_volume_Cerebellum-White-Matter",0.225589259507558,0.412140447296029,0.0353206818036061,1.82695066332367,0.156570759976375,4.57789141194072e-09,2.03543652937058e-08,8.51674880761841e-09,2.38992199411803,0.0168519516292896,0.182964046260858
"1822","Pattern_23","UKB_IDP_0211_aseg_rh_volume_Cerebellum-Cortex",0.225589259507558,0.3565337978084,0.0287645924639311,1.58045555265655,0.127508696676082,1.53793790465402e-07,1.92682550631502e-08,9.80115194446919e-09,1.96591739137595,0.0493081537832731,0.300061375155879
"1823","Pattern_23","UKB_IDP_0434_Volume_of_V1_in_the_right_hemisphere",0.225589259507558,0.315151828483424,0.0308012874278172,1.39701610427452,0.136537029710784,0.00230305578258137,7.48775048985181e-09,8.48798407823629e-09,0.882158875515666,0.377690897500027,0.694064101796251
"1824","Pattern_23","UKB_IDP_0442_Volume_of_entorhinal_in_the_left_hemisphere_DKT_parcellation",0.225589259507558,0.292423842142905,0.03794218659215,1.29626668743557,0.168191458560458,0.0702067212957791,2.51369948069864e-09,6.06283745271379e-09,0.414607764153975,0.678429063487478,0.879985271490153
"1825","Pattern_9","Demontis 2023 -  Attention Deficit Hyperactivity Disorder",0.227233294666943,0.236266650768181,0.0135341790963687,1.03975366424396,0.059560722015697,0.504879258531196,2.4334708945515e-10,1.33791640714793e-09,0.181885122385112,0.855672880362818,0.953526292210817
"1826","Pattern_9","Grove 2019  - Autism Spectrum Disorder",0.227233294666943,0.242947528327711,0.0279316512470977,1.06915462667476,0.122920592636028,0.578798510703604,1.79784970015716e-09,5.04960757525297e-09,0.356037508531957,0.721812475496748,0.903636929502467
"1827","Pattern_9","Chambers_total_cerebellar_volume",0.227233294666943,0.304433576385609,0.0238438859117378,1.3397401856617,0.104931303956517,0.000510351369488858,5.58580221566953e-09,8.96252560704153e-09,0.623239749661744,0.533126984145582,0.796499146450718
"1828","Pattern_9","Davies reaction time",0.227233294666943,0.261961191331512,0.0125840631781499,1.15282926173064,0.0553794865166853,0.00655169173053242,2.10208061755897e-09,1.05116950947653e-09,1.99975417723615,0.0455268148396046,0.287480896079165
"1829","Pattern_9","Gui_age_onset_walking",0.227233294666943,0.22914105004177,0.0177478190057964,1.00839558031152,0.0781039549323503,0.914447964175747,1.17304729277769e-09,3.96172040077841e-09,0.296095426761364,0.767157206400963,0.918790292361247
"1830","Pattern_9","Huang_neurodev_disorders",0.227233294666943,0.190374091587797,0.1363485713439,0.837791362691058,0.600037822554777,0.777144299278251,-2.19728179256725e-09,5.45733869321862e-09,-0.402628811603288,0.687221311009502,0.883629576935481
"1831","Pattern_9","Lee_cognitive_performance",0.227233294666943,0.264233147491466,0.00991280572380663,1.1628276035814,0.0436239140850195,0.00027128186494528,7.20058342915022e-10,3.99297545019595e-10,1.80331272229507,0.0713391157205296,0.355488619298861
"1832","Pattern_9","Lee_educ_attainment",0.227233294666943,0.247520567442342,0.00815615518279292,1.08927949051275,0.0358933104180329,0.0139325054434959,7.24175512878977e-10,6.00399092280357e-10,1.20615690827997,0.227756995627259,0.569988676356998
"1833","Pattern_9","Alzheimer's Disease",0.227233294666943,0.356474671294334,0.0566551563506101,1.56876073911977,0.249325946858492,0.0225716510358057,-2.47089799587036e-09,3.67190706726006e-09,-0.672919534892837,0.500998483515367,0.780010784724623
"1834","Pattern_9","Anorexia Nervosa",0.227233294666943,0.215552938529622,0.026503979673136,0.948597514486419,0.116637747615212,0.659770096265678,-2.29503265322951e-09,6.16616956726422e-09,-0.372197460383459,0.709745836810204,0.89742729074357
"1835","Pattern_9","Autism Spectrum Disorder",0.227233294666943,0.219528592137163,0.024909669957641,0.966093425960874,0.109621567535476,0.755090607748587,4.79189577149746e-09,1.61615812179261e-08,0.296499191934411,0.766848883982843,0.918790292361247
"1836","Pattern_9","Bipolar Disorder",0.227233294666943,0.293994284785587,0.0332937296021719,1.29379933172424,0.14651783160109,0.039718158601671,1.14524178186853e-08,1.33348381279971e-08,0.85883440869375,0.390431880963092,0.705296301094618
"1837","Pattern_9","Body Mass Index",0.227233294666943,0.272043851847634,0.0178053467567553,1.19720066659409,0.0783571209617532,0.0122239646822954,2.92295261092184e-09,2.78982794373326e-09,1.0477178771858,0.294768608507677,0.630895894720951
"1838","Pattern_9","Celiac Disease",0.227233294666943,0.273480964319992,0.0466839767872415,1.20352505877642,0.205445143308187,0.303722744370204,-2.68972354173721e-08,1.56485786670062e-08,-1.71882929368422,0.0856454598511372,0.383296985609042
"1839","Pattern_9","Coronary Artery Disease",0.227233294666943,0.34495964821506,0.0439480014074816,1.51808584530128,0.193404762589463,0.00793979578482855,1.10328394530198e-09,3.19043544183868e-09,0.345809832361363,0.72948563538051,0.903636929502467
"1840","Pattern_9","Crohn's Disease",0.227233294666943,0.293906381164533,0.0237973687792752,1.29341248867299,0.104726593055631,0.00558313127673546,-1.97688968861424e-08,1.35843388897584e-08,-1.45527118003856,0.145594201947709,0.469834763608121
"1841","Pattern_9","Depressive Symptoms",0.227233294666943,0.225080267553551,0.0315570341826748,0.990525036762121,0.138875045705464,0.945714885658908,9.99142597164596e-10,1.37719758768496e-09,0.725489650939726,0.468151691561491,0.758173408896606
"1842","Pattern_9","Ever Smoked",0.227233294666943,0.247237948581633,0.0301322268010798,1.08803575173265,0.132604805318009,0.505459336129828,2.69988077024295e-09,2.75330475662502e-09,0.980596413726621,0.326791803556592,0.661748571085351
"1843","Pattern_9","Fasting Glucose",0.227233294666943,0.352592361228434,0.0525786474594198,1.55167561050079,0.23138619512816,0.0183243886788998,3.68809695727497e-09,5.8528323569067e-09,0.630138834050627,0.528603753811381,0.794337730964226
"1844","Pattern_9","HDL Cholesterol",0.227233294666943,0.408019615108994,0.0417785793369066,1.79559784892892,0.183857649021644,0.000206826292331398,9.60218483730866e-09,5.43516604077588e-09,1.76667736832156,0.0772822756533261,0.367912041588988
"1845","Pattern_9","Height",0.227233294666943,0.277475831011936,0.0173994135001187,1.22110552249235,0.0765707046831369,0.00392938767709424,-9.07063575688553e-09,3.9225443232732e-09,-2.31243677810541,0.0207536255666979,0.196084258854522
"1846","Pattern_9","Inflammatory Bowel Disease",0.227233294666943,0.311022902567086,0.0268804742489312,1.36873825212522,0.118294611220288,0.00355961714174916,-9.36132546382637e-09,9.48198408463091e-09,-0.987274960627691,0.323507862298984,0.658779646863385
"1847","Pattern_9","LDL Cholesterol",0.227233294666943,0.371045610117331,0.0433547173664413,1.63288399554817,0.190793859808205,0.00085526043100126,-4.6752527810629e-10,3.88195473830234e-09,-0.120435530454111,0.90413814699631,0.968296918373502
"1848","Pattern_9","Systemic Lupus Erythematosus",0.227233294666943,0.355845428798823,0.041745776998934,1.56599159168285,0.183713293688414,0.000464180519284966,-1.20008172267914e-08,1.50223817395997e-08,-0.79886248630979,0.424370153204146,0.728709686169568
"1849","Pattern_9","Multiple Sclerosis",0.227233294666943,0.609958900849527,0.205445917836126,2.68428489646972,0.904118906242366,0.000964956999605837,-1.18669523245963e-08,8.8055355581633e-09,-1.34766957060265,0.177764683357564,0.51748734088221
"1850","Pattern_9","Neuroticism",0.227233294666943,0.22305233253273,0.0148863681445329,0.981600574245334,0.0655113862884923,0.7780336573976,5.12862434125233e-10,1.50704258051833e-09,0.340310513289438,0.733622700689585,0.903965898707259
"1851","Pattern_9","Primary Biliary Cirrhosis",0.227233294666943,0.381470119961816,0.0454526813139118,1.67875979847469,0.200026503072677,0.000147239195744679,7.29916998491565e-09,1.82381960226343e-08,0.400213375043074,0.688999364173029,0.884846497863733
"1852","Pattern_9","Rheumatoid Arthritis",0.227233294666943,0.271995403264914,0.031332476356768,1.19698745583731,0.137886819810857,0.15623524546487,-8.91427629143372e-09,5.68811886653083e-09,-1.56717475506459,0.117073849548412,0.42369583646092
"1853","Pattern_9","Schizophrenia",0.227233294666943,0.282100211530511,0.0116350859283746,1.24145632770932,0.0512032620282527,3.14615379468143e-06,1.51643461185315e-08,5.198388326286e-09,2.91712453297342,0.00353274693346646,0.095160575625527
"1854","Pattern_9","Subjective Well-Being",0.227233294666943,0.197410066206895,0.0433264988622358,0.868755023317515,0.190669676843526,0.477591945107967,-2.2129209557474e-09,1.10350750175795e-09,-2.00535198195036,0.0449254312736512,0.285377067911432
"1855","Pattern_9","Triglycerides",0.227233294666943,0.385194178223073,0.0475150017900924,1.69514849832043,0.209102287847982,0.000657169029744823,7.60644694512573e-09,5.31824246989772e-09,1.43025576366247,0.15264362599771,0.478952884960777
"1856","Pattern_9","Type 1 Diabetes",0.227233294666943,0.477844847444459,0.099296906054676,2.10288218610235,0.436982204567408,6.65924717167137e-05,3.27331115621161e-09,7.59373507249232e-09,0.431054168332644,0.666428984386566,0.874899453064725
"1857","Pattern_9","Type 2 Diabetes",0.227233294666943,0.289737182766174,0.0387403222032506,1.27506483233825,0.170486997779232,0.102770533897976,1.4081745773279e-10,3.93211868523422e-09,0.0358121076715166,0.971432178734959,0.9907849285027
"1858","Pattern_9","Ulcerative Colitis",0.227233294666943,0.303049477880691,0.035749171152002,1.33364909541479,0.157323649267154,0.042579098681273,-1.20748434118393e-08,9.58590220893982e-09,-1.25964600395968,0.207797092078947,0.547205276662177
"1859","Pattern_9","Years of Education (EduYears)",0.227233294666943,0.227153824515698,0.0239137089030519,0.999650270655271,0.105238578431486,0.997350504311987,-1.32788158464787e-09,2.01913202629464e-09,-0.657649706584417,0.510763246520687,0.784315074271782
"1860","Pattern_9","Years of Education (College)",0.227233294666943,0.244450074077601,0.0106436012453529,1.07576697523967,0.0468399723770818,0.10853944648594,6.05062694866341e-10,1.26851293772991e-09,0.47698582873671,0.633372212837977,0.85304814488558
"1861","Pattern_9","Savage cognition-intelligence",0.227233294666943,0.260258717621479,0.0118702676912666,1.14533707748656,0.0522382413574778,0.00666227190169981,2.5026154065258e-09,2.17791564375196e-09,1.14908739174786,0.250519946809633,0.587121637456937
"1862","Pattern_9","Tissink 2022 - Cerebellar Volume",0.227233294666943,0.305851498446692,0.0224797627370568,1.34598012538163,0.0989281204147726,0.000436523461608756,2.70894425116395e-09,9.36704807588309e-09,0.289199353864591,0.772428826277206,0.919404250616361
"1863","Pattern_9","Tissink 2022 - Subcortical Volume",0.227233294666943,0.310379957844143,0.025417538240183,1.36590880442529,0.111856575760333,0.00095207519540078,-2.61588255415671e-09,8.23206226542572e-09,-0.317767586032882,0.750661239840454,0.916005211263778
"1864","Pattern_9","UKB_IDP_0021_Volume_of_left_amygdala",0.227233294666943,0.401081180643912,0.0739594253914347,1.7650634394567,0.325477943273399,0.00627345623456713,6.37699438568616e-09,5.30927450435375e-09,1.20110466702312,0.229710602898182,0.571724167213253
"1865","Pattern_9","UKB_IDP_0024_Volume_of_right_accumbens",0.227233294666943,0.280502866776548,0.0415391467106576,1.23442679114292,0.182803962647911,0.200859261663363,-6.51507130935864e-09,6.17920056583627e-09,-1.05435504802665,0.291720394611932,0.630895894720951
"1866","Pattern_9","UKB_IDP_0026_Volume_of_grey_matter_in_Left_Frontal_Pole",0.227233294666943,0.213391145436783,0.0318973338170112,0.939083974245727,0.140372623931556,0.661061444102092,-1.76501560866299e-08,5.77038406398909e-09,-3.05874893090362,0.00222263336782915,0.0727655970267758
"1867","Pattern_9","UKB_IDP_0137_IDP_T1_FAST_ROIs_L_cerebellum_I-IV",0.227233294666943,0.289612521657956,0.0262459065872004,1.27451622827739,0.115502028985978,0.015957576955068,7.69916686843371e-10,7.62720024651979e-09,0.10094355228115,0.919595269932938,0.974826951911327
"1868","Pattern_9","UKB_IDP_0138_IDP_T1_FAST_ROIs_R_cerebellum_I-IV",0.227233294666943,0.301721854981692,0.027318755387844,1.32780654095575,0.120223382880072,0.00610603536157842,2.46278930399724e-09,8.16058444166852e-09,0.301790799617496,0.762811544907133,0.918790292361247
"1869","Pattern_9","UKB_IDP_0139_IDP_T1_FAST_ROIs_L_cerebellum_V",0.227233294666943,0.330486416624581,0.0295826686947315,1.4543925753001,0.130186330036234,0.000591438855507185,1.45037759444518e-08,7.98808251941973e-09,1.81567677965167,0.0694199680426841,0.351572503277478
"1870","Pattern_9","UKB_IDP_0140_IDP_T1_FAST_ROIs_R_cerebellum_V",0.227233294666943,0.295015647250467,0.0270849584870071,1.2982941064287,0.119194498001297,0.0153862775467979,3.02492041360113e-10,7.80022129263768e-09,0.0387799307239684,0.969065845758858,0.9907849285027
"1871","Pattern_9","UKB_IDP_0141_IDP_T1_FAST_ROIs_L_cerebellum_VI",0.227233294666943,0.31425084846708,0.0266101955045587,1.38294367877594,0.117105178374329,0.000753286253824474,5.06769781366879e-09,7.83395521274385e-09,0.646888790661573,0.517703921041132,0.789475309814676
"1872","Pattern_9","UKB_IDP_0142_IDP_T1_FAST_ROIs_V_cerebellum_VI",0.227233294666943,0.30398658695895,0.0307744788818926,1.33777309088664,0.135431204863702,0.0112723762067086,6.98553197799688e-09,8.78572715189913e-09,0.79510003636829,0.42655531350941,0.730208117771678
"1873","Pattern_9","UKB_IDP_0143_IDP_T1_FAST_ROIs_R_cerebellum_VI",0.227233294666943,0.302669341462341,0.027487101406393,1.33197620492175,0.120964233901907,0.00488835026624252,1.48203665387777e-09,7.46836398606032e-09,0.198441942123333,0.842699304802012,0.950325448128607
"1874","Pattern_9","UKB_IDP_0144_IDP_T1_FAST_ROIs_L_cerebellum_crus_I",0.227233294666943,0.262778624666072,0.0213432189708391,1.15642659255207,0.0939264600380061,0.0982310291645903,-3.22432367787488e-10,8.59311616215404e-09,-0.0375221702701461,0.9700686632727,0.9907849285027
"1875","Pattern_9","UKB_IDP_0145_IDP_T1_FAST_ROIs_V_cerebellum_crus_I",0.227233294666943,0.234434141427875,0.0544275775734555,1.03168922393827,0.239522899376301,0.89420796973187,-3.33273491990001e-09,5.06347417819197e-09,-0.65819135293587,0.510415180481668,0.784315074271782
"1876","Pattern_9","UKB_IDP_0146_IDP_T1_FAST_ROIs_R_cerebellum_crus_I",0.227233294666943,0.271774793103533,0.0222861444081278,1.19601660268085,0.0980760519306503,0.0464005589370161,1.38380686603269e-09,8.89571402007077e-09,0.155558830118696,0.876380778598954,0.960300915669594
"1877","Pattern_9","UKB_IDP_0147_IDP_T1_FAST_ROIs_L_cerebellum_crus_II",0.227233294666943,0.264567964746263,0.0261437271280926,1.16430105515146,0.11505236134701,0.148867497045279,-2.87852484296192e-09,9.18898114970326e-09,-0.313258324950952,0.754084409668405,0.91801580307458
"1878","Pattern_9","UKB_IDP_0148_IDP_T1_FAST_ROIs_V_cerebellum_crus_II",0.227233294666943,0.268657816976694,0.0318420843487422,1.18229952776272,0.140129484085567,0.193341856795625,1.82443240040914e-09,7.98039435371741e-09,0.228614316479145,0.819168696290501,0.944818962442377
"1879","Pattern_9","UKB_IDP_0149_IDP_T1_FAST_ROIs_R_cerebellum_crus_II",0.227233294666943,0.266458723783543,0.0240096689918044,1.17262183860025,0.105660876092104,0.083806070436828,-3.04365397577804e-09,8.96894100858574e-09,-0.339354888482869,0.734342398096625,0.904329064322696
"1880","Pattern_9","UKB_IDP_0150_IDP_T1_FAST_ROIs_L_cerebellum_VIIb",0.227233294666943,0.250519363865541,0.0260398764575366,1.10247648449902,0.11459533910162,0.371912064017864,-7.88118415226538e-09,8.24589491097998e-09,-0.955770627366478,0.339188131061063,0.667175455808263
"1881","Pattern_9","UKB_IDP_0151_IDP_T1_FAST_ROIs_V_cerebellum_VIIb",0.227233294666943,0.272808880089555,0.0252791153013701,1.20056737499411,0.111247409137036,0.0629058132782327,1.49814608431084e-09,7.17626107714237e-09,0.208764155624534,0.834632354423675,0.947757550807674
"1882","Pattern_9","UKB_IDP_0152_IDP_T1_FAST_ROIs_R_cerebellum_VIIb",0.227233294666943,0.255360008745878,0.0233791740685028,1.12377901803589,0.102886217016612,0.221457932919434,-4.92973475428413e-09,8.59511868128182e-09,-0.573550515948075,0.566272005718904,0.817511501842868
"1883","Pattern_9","UKB_IDP_0153_IDP_T1_FAST_ROIs_L_cerebellum_VIIIa",0.227233294666943,0.244788715811651,0.0224359062225541,1.07725725743861,0.0987351182644188,0.432714519690316,-1.17820649882911e-08,7.08212492399681e-09,-1.66363416555519,0.0961855599205958,0.392112780672467
"1884","Pattern_9","UKB_IDP_0154_IDP_T1_FAST_ROIs_V_cerebellum_VIIIa",0.227233294666943,0.276016838917239,0.0235282124194279,1.21468484326559,0.103542099558576,0.0313844162938796,-1.21503409514322e-09,8.0290612410772e-09,-0.151329533884612,0.879715772882925,0.960300915669594
"1885","Pattern_9","UKB_IDP_0155_IDP_T1_FAST_ROIs_R_cerebellum_VIIIa",0.227233294666943,0.251361317922611,0.0237987212039061,1.10618172522224,0.104732544756648,0.307721588537107,-5.47827216756585e-09,7.12594434407612e-09,-0.768778410698646,0.442024867374864,0.742406407082644
"1886","Pattern_9","UKB_IDP_0156_IDP_T1_FAST_ROIs_L_cerebellum_VIIIb",0.227233294666943,0.269646460399733,0.0245645484248112,1.18665031370053,0.108102769274263,0.0781635978437834,-5.02544905446097e-09,7.68425019032248e-09,-0.65399341900528,0.513116045510254,0.785547442335123
"1887","Pattern_9","UKB_IDP_0157_IDP_T1_FAST_ROIs_V_cerebellum_VIIIb",0.227233294666943,0.260486834625122,0.0214248129174094,1.14634096648081,0.0942855357037882,0.112195391280779,-5.98648912646196e-09,8.0096708445238e-09,-0.747407632930998,0.454817539326852,0.754248377852473
"1888","Pattern_9","UKB_IDP_0158_IDP_T1_FAST_ROIs_R_cerebellum_VIIIb",0.227233294666943,0.264001267566123,0.0298868975888004,1.1618071548585,0.131525169463418,0.218104584209391,-2.86389556345646e-09,7.59254610215176e-09,-0.377198310675364,0.706026235621205,0.895365810132255
"1889","Pattern_9","UKB_IDP_0159_IDP_T1_FAST_ROIs_L_cerebellum_IX",0.227233294666943,0.293388751206342,0.0229446627913334,1.29113452162177,0.100974035626969,0.00252734370014445,1.46075348853483e-09,8.22722447535758e-09,0.177551189093008,0.859075460791888,0.953526292210817
"1890","Pattern_9","UKB_IDP_0160_IDP_T1_FAST_ROIs_V_cerebellum_IX",0.227233294666943,0.311991781444042,0.027408948186572,1.37300205896909,0.120620300060981,0.000742676269342622,4.31660683987422e-09,7.97802798544013e-09,0.541061882429093,0.588464930134907,0.826088779133931
"1891","Pattern_9","UKB_IDP_0161_IDP_T1_FAST_ROIs_R_cerebellum_IX",0.227233294666943,0.287097668162684,0.0230529296815833,1.26344895268752,0.101450492611006,0.00680594292465,-1.71808279579514e-09,8.06638971886422e-09,-0.212992783100623,0.83133259178675,0.947003702164907
"1892","Pattern_9","UKB_IDP_0162_IDP_T1_FAST_ROIs_L_cerebellum_X",0.227233294666943,0.26482078318662,0.028200850728158,1.16541364932797,0.124105275899345,0.189016807922117,-2.47937193346164e-09,7.41061487011992e-09,-0.334570339562326,0.737949222257006,0.907195808759624
"1893","Pattern_9","UKB_IDP_0163_IDP_T1_FAST_ROIs_V_cerebellum_X",0.227233294666943,0.304131263706808,0.0326511079554271,1.33840977904481,0.143689805683116,0.0116369378307023,3.69546386591752e-09,7.39508235658617e-09,0.499719095437292,0.617272884853617,0.843901418742798
"1894","Pattern_9","UKB_IDP_0164_IDP_T1_FAST_ROIs_R_cerebellum_X",0.227233294666943,0.284155297104083,0.0324011353102538,1.25050027338894,0.142589735178308,0.0827407915122764,2.55783186676681e-10,7.54967087894372e-09,0.0338800446771883,0.972972806092526,0.9907849285027
"1895","Pattern_9","UKB_IDP_0193_aseg_lh_volume_Cerebellum-White-Matter",0.227233294666943,0.331612976832164,0.0335858072924843,1.45935030039595,0.147803196453721,0.000804568840700545,4.50525525348452e-09,9.17593672117965e-09,0.490985867751858,0.62343644301058,0.84529734207911
"1896","Pattern_9","UKB_IDP_0194_aseg_lh_volume_Cerebellum-Cortex",0.227233294666943,0.291450596657451,0.0224487959704537,1.28260516173315,0.0987918429971149,0.00341180857420204,-7.94926107495159e-10,8.04702590975686e-09,-0.0987850811479713,0.921308914068896,0.974826951911327
"1897","Pattern_9","UKB_IDP_0210_aseg_rh_volume_Cerebellum-White-Matter",0.227233294666943,0.333701219096837,0.0343361421311082,1.46854016083314,0.151105242660126,0.00080654057838771,3.63891069974914e-09,8.01810717389304e-09,0.453836625132355,0.649946420450656,0.863888808693939
"1898","Pattern_9","UKB_IDP_0211_aseg_rh_volume_Cerebellum-Cortex",0.227233294666943,0.29416918072632,0.0220523631638777,1.29456900740486,0.0970472359528124,0.00131650423774873,-6.5407405008941e-11,7.70759517613215e-09,-0.00848609761076786,0.993229155000772,0.996977189547945
"1899","Pattern_9","UKB_IDP_0434_Volume_of_V1_in_the_right_hemisphere",0.227233294666943,0.249473281861056,0.0291935539371418,1.09787292494575,0.128473927995151,0.447192802878626,-6.47087769351741e-09,8.01572450915134e-09,-0.807272965298369,0.419509236017197,0.728709686169568
"1900","Pattern_9","UKB_IDP_0442_Volume_of_entorhinal_in_the_left_hemisphere_DKT_parcellation",0.227233294666943,0.238551502949381,0.0400388284972045,1.04980875843493,0.176201416944157,0.7769765837666,-4.29429081974372e-09,6.71727055248353e-09,-0.639291031407991,0.522633621802695,0.792139848430296
"1901","Pattern_18","Demontis 2023 -  Attention Deficit Hyperactivity Disorder",0.200513861724756,0.251118619655576,0.0127888978183003,1.25237535946659,0.0637806170022078,9.38964148497167e-05,3.99948321382189e-09,1.38748887475391e-09,2.88253353709322,0.00394491139745703,0.0979744121378931
"1902","Pattern_18","Grove 2019  - Autism Spectrum Disorder",0.200513861724756,0.26110552569757,0.0278214253097746,1.30218192124786,0.138750633350052,0.024300330915923,1.0536491127711e-08,5.31846513301052e-09,1.98111501423849,0.0475783769039808,0.296043234069214
"1903","Pattern_18","Chambers_total_cerebellar_volume",0.200513861724756,0.317705389578397,0.0241897009204149,1.58445599144915,0.120638546943054,2.6031358263937e-08,2.01931721302306e-08,9.63083575624703e-09,2.09672064204109,0.036018312117685,0.256344375205464
"1904","Pattern_18","Davies reaction time",0.200513861724756,0.254678735273475,0.0127324283898172,1.27013031958395,0.0634989934376453,3.49279765669558e-05,3.62854490659024e-09,1.24222911373675e-09,2.9209949005906,0.00348915538454318,0.095160575625527
"1905","Pattern_18","Gui_age_onset_walking",0.200513861724756,0.228786959179124,0.0166658144518591,1.14100320651736,0.0831155228297192,0.0856749490443222,5.42417131433636e-09,4.31931023494085e-09,1.25579572183952,0.209190043117337,0.548898164924406
"1906","Pattern_18","Huang_neurodev_disorders",0.200513861724756,0.135514486288995,0.146604679036913,0.675836000181447,0.731144858394661,0.627174323316351,-4.4145455844419e-09,6.68728175762911e-09,-0.660140509169605,0.509163664910532,0.784315074271782
"1907","Pattern_18","Lee_cognitive_performance",0.200513861724756,0.265158528749135,0.0106009850660676,1.32239500286078,0.0528690883257713,7.26080117289425e-09,1.76040171961451e-09,4.87089188080141e-10,3.61412604240534,0.000301362438341786,0.0291499667632418
"1908","Pattern_18","Lee_educ_attainment",0.200513861724756,0.246282022763463,0.00756871452131,1.2282543493254,0.0377465899674284,8.30403160768479e-09,2.3634233914033e-09,5.83958374586264e-10,4.04724633511386,5.18236947728881e-05,0.0153033352089234
"1909","Pattern_18","Alzheimer's Disease",0.200513861724756,0.421079923785327,0.0784625308319295,2.10000406038432,0.391307265029061,0.00270326595870501,4.41006347974495e-09,4.27308000202962e-09,1.03205731642053,0.302045267814397,0.640191563654419
"1910","Pattern_18","Anorexia Nervosa",0.200513861724756,0.188836168710768,0.0251369482614212,0.941761168462167,0.125362645979691,0.642521588132952,-2.51885089768002e-09,6.10589231023699e-09,-0.412527894318899,0.679952539593504,0.879985271490153
"1911","Pattern_18","Autism Spectrum Disorder",0.200513861724756,0.233808491977983,0.0234923893083412,1.16604652649367,0.117160923969381,0.150500202329564,3.6892691628138e-08,1.71404284598699e-08,2.1523786126183,0.0313675467811092,0.237804262863564
"1912","Pattern_18","Bipolar Disorder",0.200513861724756,0.285511418319687,0.034880985487348,1.4238986565009,0.173957975709574,0.0119221874074218,1.56876965534366e-08,1.4970097350312e-08,1.04793550678611,0.294668321836569,0.630895894720951
"1913","Pattern_18","Body Mass Index",0.200513861724756,0.259712806131658,0.0150981907501074,1.29523616919893,0.0752974912569017,0.000156922098156758,3.71044796919524e-09,3.0045156882761e-09,1.23495709597183,0.216846472165782,0.556939151644889
"1914","Pattern_18","Celiac Disease",0.200513861724756,0.238853262942775,0.0434898527958773,1.19120573953459,0.21689200148953,0.360705997525445,-4.13652242567139e-08,1.69194579311894e-08,-2.44483153212971,0.0144919817991574,0.165800738003263
"1915","Pattern_18","Coronary Artery Disease",0.200513861724756,0.287552025921415,0.0361060586013113,1.43407554693718,0.180067643656845,0.0152822430324949,-4.22029452813949e-09,2.87355297980553e-09,-1.4686677286963,0.14192293463111,0.46392013040707
"1916","Pattern_18","Crohn's Disease",0.200513861724756,0.296943135770346,0.0285363087634877,1.48091076205972,0.142315890373002,0.000570012501147749,-2.07632702704532e-08,1.64688621758302e-08,-1.26075924667859,0.207395600823643,0.547205276662177
"1917","Pattern_18","Depressive Symptoms",0.200513861724756,0.247269471105074,0.0284899925625736,1.23317893824468,0.142084902846675,0.094711584836897,3.97310383153273e-09,1.31572329200674e-09,3.01971079760467,0.00253016154828856,0.0805832768988657
"1918","Pattern_18","Ever Smoked",0.200513861724756,0.221364691546206,0.0286858463912898,1.10398697447697,0.143061662393529,0.46613996116434,2.72126185148871e-09,2.96325454175122e-09,0.918335503463196,0.358443245447721,0.679828187444519
"1919","Pattern_18","Fasting Glucose",0.200513861724756,0.360193126491322,0.0474392315113957,1.79635025425702,0.236588289225187,0.000313648821983366,6.86756643038182e-09,5.06938003490968e-09,1.35471524783882,0.175508297934331,0.513024255500352
"1920","Pattern_18","HDL Cholesterol",0.200513861724756,0.344563536535656,0.0298350982683974,1.71840257612033,0.148793195701112,6.48810907052575e-06,1.57758456088369e-09,3.85789537152224e-09,0.408923625178879,0.682595710738585,0.880447001319341
"1921","Pattern_18","Height",0.200513861724756,0.27802103947313,0.0186578672002354,1.38654274114359,0.0930502611627264,8.38058596072799e-05,-8.79188516934214e-09,3.99428674041175e-09,-2.20111517793433,0.0277278710550504,0.2252095786456
"1922","Pattern_18","Inflammatory Bowel Disease",0.200513861724756,0.294844639581109,0.0267693126075373,1.47044517044831,0.133503551212251,0.000971235974205801,-2.23302920088458e-08,9.56716509570008e-09,-2.33405525936644,0.0195928286018482,0.193923438440618
"1923","Pattern_18","LDL Cholesterol",0.200513861724756,0.375506444897958,0.0394614285955581,1.87272062723231,0.196801499188752,1.24567253553576e-05,2.86025151505042e-10,3.69284802862662e-09,0.0774538105245061,0.938262534699563,0.980615404826539
"1924","Pattern_18","Systemic Lupus Erythematosus",0.200513861724756,0.347902972557,0.0532617905238629,1.73505696595961,0.26562647622325,0.000841771790153181,-1.60402308203764e-08,2.14746486493094e-08,-0.746937986382014,0.455100994907225,0.754248377852473
"1925","Pattern_18","Multiple Sclerosis",0.200513861724756,0.749570890624505,0.269134992752052,3.73824973583839,1.34222636997282,5.95237415051251e-07,-8.01940263787333e-09,8.60577519953801e-09,-0.931862900428056,0.351407382731964,0.674241328330353
"1926","Pattern_18","Neuroticism",0.200513861724756,0.212084963585132,0.0145020067488891,1.05770724158841,0.0723242105266312,0.415317418280421,1.78983072204698e-09,1.74040971986974e-09,1.02839618833026,0.303763500788793,0.64164783062153
"1927","Pattern_18","Primary Biliary Cirrhosis",0.200513861724756,0.368166394535929,0.0447824612537102,1.83611442804542,0.223338480783851,6.12791950199072e-05,8.72914696679593e-10,2.03954703705464e-08,0.0427994393274788,0.965861410933392,0.9907849285027
"1928","Pattern_18","Rheumatoid Arthritis",0.200513861724756,0.305152267165027,0.0326647166788913,1.52185123033492,0.162905030095774,0.00131025695368279,-1.08515627015691e-09,6.33161879229242e-09,-0.171386861046954,0.863919585293633,0.956514504425
"1929","Pattern_18","Schizophrenia",0.200513861724756,0.282425562585905,0.0118061000151003,1.40850891881773,0.0588792211847503,4.64390778632014e-11,2.8979930761272e-08,6.369550579079e-09,4.54976067800726,5.37069631637262e-06,0.00380961392041365
"1930","Pattern_18","Subjective Well-Being",0.200513861724756,0.236980965901302,0.0387216126639588,1.18186824523187,0.193111899251692,0.353029729055918,-6.78121848218029e-10,1.20007953045833e-09,-0.565064090343282,0.572030172262971,0.818362708148217
"1931","Pattern_18","Triglycerides",0.200513861724756,0.32032894082765,0.0313395736189122,1.59754013050411,0.156296294676783,8.42414156582256e-06,1.33840388610424e-10,3.42497662116918e-09,0.0390777524679089,0.968828398376932,0.9907849285027
"1932","Pattern_18","Type 1 Diabetes",0.200513861724756,0.450580595368166,0.104388267557876,2.24712940787443,0.520603746094966,0.000458220932153556,-7.55703597851199e-09,9.5326290488974e-09,-0.792754647196313,0.427920784745463,0.731054774809835
"1933","Pattern_18","Type 2 Diabetes",0.200513861724756,0.259647060138335,0.0364941260332178,1.29490828167656,0.182003008267394,0.109021742683861,-2.13811585894165e-09,4.11682186243996e-09,-0.519360791014267,0.603509168205772,0.835024388778858
"1934","Pattern_18","Ulcerative Colitis",0.200513861724756,0.287562898157062,0.0388846236111457,1.4341297688027,0.193924865227135,0.0264907721205126,-2.24518935222646e-08,1.06801325042861e-08,-2.10221113953917,0.0355347844370612,0.255812487129748
"1935","Pattern_18","Years of Education (EduYears)",0.200513861724756,0.261725245395996,0.0221253991932179,1.30527257888666,0.110343489486973,0.00611179428665295,3.78781862447524e-09,2.0549348700599e-09,1.84327916162367,0.0652882620336812,0.340523092175671
"1936","Pattern_18","Years of Education (College)",0.200513861724756,0.251700944867212,0.01030640025122,1.25527952383023,0.0513999389496945,1.27204915421605e-06,4.44022574596798e-09,1.26397976249274e-09,3.51289306817004,0.000443255828755355,0.0362787847535152
"1937","Pattern_18","Savage cognition-intelligence",0.200513861724756,0.277947271587179,0.0143110228091827,1.38617484694757,0.0713717380239145,3.05123424982805e-07,1.14635119210033e-08,2.93552722667612e-09,3.90509473624723,9.41884795061812e-05,0.0154179295683964
"1938","Pattern_18","Tissink 2022 - Cerebellar Volume",0.200513861724756,0.306608508320803,0.0258892518221344,1.52911377639159,0.129114524050574,8.71769988290285e-06,9.44193817472064e-09,1.01510034607281e-08,0.930148256893946,0.352294328130937,0.674241328330353
"1939","Pattern_18","Tissink 2022 - Subcortical Volume",0.200513861724756,0.288227446878938,0.0261439668058294,1.43744399713665,0.130384835147792,0.000449732124277151,-8.93990503975869e-09,9.69376356022006e-09,-0.922232627629277,0.356407247567272,0.678385172471515
"1940","Pattern_18","UKB_IDP_0021_Volume_of_left_amygdala",0.200513861724756,0.345022974709358,0.070205595475083,1.72069387992222,0.350128389484881,0.0233493586671862,5.48909306162585e-10,6.15444375377106e-09,0.0891891010989008,0.928931626921238,0.978634697361116
"1941","Pattern_18","UKB_IDP_0024_Volume_of_right_accumbens",0.200513861724756,0.34084805437982,0.0459851860991868,1.69987277412122,0.22933669375093,0.0010946208736985,4.7678221296007e-09,7.14738190467222e-09,0.667072529940508,0.504725805751827,0.78180367160273
"1942","Pattern_18","UKB_IDP_0026_Volume_of_grey_matter_in_Left_Frontal_Pole",0.200513861724756,0.26571657109985,0.0317463917348711,1.32517806407119,0.158325172443435,0.038104755819569,-5.70302954257031e-09,6.05178059066111e-09,-0.9423721592569,0.346002135906109,0.673027920665631
"1943","Pattern_18","UKB_IDP_0137_IDP_T1_FAST_ROIs_L_cerebellum_I-IV",0.200513861724756,0.298725741666,0.0275192401715684,1.4898009499017,0.137243579744845,0.000306951252264904,8.60262241053721e-09,8.67318338806697e-09,0.991864466093633,0.321263645048344,0.656252199638104
"1944","Pattern_18","UKB_IDP_0138_IDP_T1_FAST_ROIs_R_cerebellum_I-IV",0.200513861724756,0.291005308211495,0.0268130268983486,1.4512977093372,0.133721562527955,0.000708090750906322,2.90822771833509e-09,8.92947810518566e-09,0.325688431516079,0.744660097740953,0.911645123047789
"1945","Pattern_18","UKB_IDP_0139_IDP_T1_FAST_ROIs_L_cerebellum_V",0.200513861724756,0.334757476004948,0.0312418149040285,1.66949792460966,0.155808753745484,2.33928058692525e-05,2.18970867004844e-08,9.75732238134251e-09,2.24416964456919,0.0248214883322371,0.214956406549826
"1946","Pattern_18","UKB_IDP_0140_IDP_T1_FAST_ROIs_R_cerebellum_V",0.200513861724756,0.322519051056716,0.0295171368882613,1.60846261840708,0.14720746303704,6.42733462173919e-05,1.38571125049622e-08,8.95868602686963e-09,1.54677956827607,0.121916408647245,0.431677400335003
"1947","Pattern_18","UKB_IDP_0141_IDP_T1_FAST_ROIs_L_cerebellum_VI",0.200513861724756,0.328692275160267,0.027497442859945,1.63924963757099,0.137134872489217,6.69448770428723e-07,1.3730153107432e-08,8.16143045828652e-09,1.68232188923345,0.0925064387816555,0.385530549806609
"1948","Pattern_18","UKB_IDP_0142_IDP_T1_FAST_ROIs_V_cerebellum_VI",0.200513861724756,0.278941786403952,0.0259413587728977,1.39113467769552,0.129374391125673,0.00168271742805487,2.57373991128979e-09,8.31349715260432e-09,0.309585709124052,0.756876025197825,0.918790292361247
"1949","Pattern_18","UKB_IDP_0143_IDP_T1_FAST_ROIs_R_cerebellum_VI",0.200513861724756,0.318288169172147,0.0288549930936701,1.58736242190108,0.143905228523697,1.90012915426786e-05,9.3398058685713e-09,8.21225500637917e-09,1.13730100457381,0.255412474952725,0.590517585646242
"1950","Pattern_18","UKB_IDP_0144_IDP_T1_FAST_ROIs_L_cerebellum_crus_I",0.200513861724756,0.278291231940893,0.0208861951191626,1.38789024133853,0.104163347808008,0.000157584127743888,1.48118518752806e-08,9.55011227713985e-09,1.55096101966632,0.120911025729526,0.429345048130544
"1951","Pattern_18","UKB_IDP_0145_IDP_T1_FAST_ROIs_V_cerebellum_crus_I",0.200513861724756,0.325606992512905,0.0684191856402924,1.62386275797662,0.341219230689452,0.038803352401839,8.67857082151272e-09,6.31014989066752e-09,1.37533513020792,0.169027570053876,0.501682002316422
"1952","Pattern_18","UKB_IDP_0146_IDP_T1_FAST_ROIs_R_cerebellum_crus_I",0.200513861724756,0.292913673455353,0.02304398921146,1.46081508248758,0.114924669113861,3.87789142178718e-05,1.90604105064695e-08,1.02405675125121e-08,1.86126506008393,0.062706754720947,0.330370400174421
"1953","Pattern_18","UKB_IDP_0147_IDP_T1_FAST_ROIs_L_cerebellum_crus_II",0.200513861724756,0.278603753418714,0.0249541383224245,1.38944884419588,0.124450938741975,0.000974116674738303,8.06499964400718e-09,9.26172153585616e-09,0.870788396388733,0.383869702134145,0.699587743529658
"1954","Pattern_18","UKB_IDP_0148_IDP_T1_FAST_ROIs_V_cerebellum_crus_II",0.200513861724756,0.310054607675739,0.0286359603506717,1.54630011615531,0.142812871411255,8.2326903041002e-05,1.98817952178559e-08,8.38074673302503e-09,2.37231786751294,0.017676875828043,0.185608776326466
"1955","Pattern_18","UKB_IDP_0149_IDP_T1_FAST_ROIs_R_cerebellum_crus_II",0.200513861724756,0.277489462062656,0.0259431540807838,1.38389166552267,0.129383344660709,0.000500538030885859,8.71117343289599e-09,9.79022309505744e-09,0.889782934292253,0.373582451807116,0.691454497628798
"1956","Pattern_18","UKB_IDP_0150_IDP_T1_FAST_ROIs_L_cerebellum_VIIb",0.200513861724756,0.283360416652473,0.0275987131894397,1.4131712102849,0.137639926497073,0.000945615308243388,9.49692471199051e-09,9.1388421840007e-09,1.03918248294261,0.298719875655014,0.635040854539331
"1957","Pattern_18","UKB_IDP_0151_IDP_T1_FAST_ROIs_V_cerebellum_VIIb",0.200513861724756,0.312480672583806,0.0254312943106619,1.55839935401945,0.126830604587184,1.21543244315053e-06,2.17368289067321e-08,7.86230173385884e-09,2.7646902449855,0.0056976871844059,0.117715323576852
"1958","Pattern_18","UKB_IDP_0152_IDP_T1_FAST_ROIs_R_cerebellum_VIIb",0.200513861724756,0.259163759764832,0.0248955940606226,1.29249797263684,0.124158967596947,0.0125541981996077,3.19592490573885e-09,1.01987032995464e-08,0.313365808561271,0.754002757792417,0.91801580307458
"1959","Pattern_18","UKB_IDP_0153_IDP_T1_FAST_ROIs_L_cerebellum_VIIIa",0.200513861724756,0.283678070080553,0.0273320075115374,1.41475540713467,0.136309815573029,0.0018566278905548,8.27165558380344e-09,9.86043029627173e-09,0.838873693669432,0.401540191232362,0.711379299587359
"1960","Pattern_18","UKB_IDP_0154_IDP_T1_FAST_ROIs_V_cerebellum_VIIIa",0.200513861724756,0.312317581561182,0.02560486832589,1.55758598869288,0.127696250551683,1.37379503646029e-05,2.2010616772057e-08,1.07391074443556e-08,2.04957599000702,0.0404058254049869,0.269934955068206
"1961","Pattern_18","UKB_IDP_0155_IDP_T1_FAST_ROIs_R_cerebellum_VIIIa",0.200513861724756,0.270829333197345,0.0267346284409039,1.35067636156303,0.133330574808849,0.00634469067589447,7.31549730203192e-09,9.09370875367546e-09,0.804456960321626,0.421133116375419,0.728709686169568
"1962","Pattern_18","UKB_IDP_0156_IDP_T1_FAST_ROIs_L_cerebellum_VIIIb",0.200513861724756,0.291291173488967,0.0270634361245037,1.45272337275525,0.134970400009818,0.000635860572932235,8.38338338236696e-09,9.70492584753732e-09,0.863827659692453,0.387682570871666,0.702801647953711
"1963","Pattern_18","UKB_IDP_0157_IDP_T1_FAST_ROIs_V_cerebellum_VIIIb",0.200513861724756,0.309075757049489,0.0254944494756062,1.54141840564497,0.12714557116556,4.59049234054008e-05,2.49801978824166e-08,1.27939155865281e-08,1.95250607317751,0.0508781506221387,0.301435737992978
"1964","Pattern_18","UKB_IDP_0158_IDP_T1_FAST_ROIs_R_cerebellum_VIIIb",0.200513861724756,0.269926556969053,0.0264101580219021,1.34617404825398,0.131712380354806,0.00827248850939967,3.81810984819916e-09,7.54499123576698e-09,0.506045630656195,0.6128246169139,0.842435907488876
"1965","Pattern_18","UKB_IDP_0159_IDP_T1_FAST_ROIs_L_cerebellum_IX",0.200513861724756,0.302696296926314,0.0287297124961657,1.50960284901312,0.143280430834267,0.000448501798065588,1.4052851977047e-08,1.33337108045737e-08,1.05393406104373,0.291913107256478,0.630895894720951
"1966","Pattern_18","UKB_IDP_0160_IDP_T1_FAST_ROIs_V_cerebellum_IX",0.200513861724756,0.32158029552706,0.0316413176381482,1.60378086961634,0.15780114833947,9.90033499131795e-06,1.59803163945847e-08,1.03075097475495e-08,1.55035666091743,0.121055934623274,0.429345048130544
"1967","Pattern_18","UKB_IDP_0161_IDP_T1_FAST_ROIs_R_cerebellum_IX",0.200513861724756,0.301332571048238,0.027168899329547,1.50280169388925,0.135496364669499,0.000245235193680321,1.14334629578074e-08,1.16606634109456e-08,0.980515649484835,0.326831648595256,0.661748571085351
"1968","Pattern_18","UKB_IDP_0162_IDP_T1_FAST_ROIs_L_cerebellum_X",0.200513861724756,0.288079396220896,0.0288579090726313,1.43670564091145,0.143919771054254,0.00186225435673084,7.76467269140538e-09,7.93014018134276e-09,0.979134354985719,0.327513598708873,0.662498990544184
"1969","Pattern_18","UKB_IDP_0163_IDP_T1_FAST_ROIs_V_cerebellum_X",0.200513861724756,0.28384185128787,0.0291355147855686,1.41557221454095,0.145304242484556,0.00244920399111674,2.06316500555563e-09,7.45591366752205e-09,0.276715248802139,0.781998762071504,0.924768451024593
"1970","Pattern_18","UKB_IDP_0164_IDP_T1_FAST_ROIs_R_cerebellum_X",0.200513861724756,0.308742188868228,0.0338044657476288,1.53975483895491,0.168589171126892,0.00147375781271293,9.69987628158417e-09,8.83247124224356e-09,1.09820638137966,0.272114380352541,0.60835300189015
"1971","Pattern_18","UKB_IDP_0193_aseg_lh_volume_Cerebellum-White-Matter",0.200513861724756,0.344095038070559,0.0316659376608659,1.7160660869566,0.157923932981419,9.12681832661485e-07,1.18540751375507e-08,9.56642705796128e-09,1.23913296633414,0.215296260260479,0.555870806631274
"1972","Pattern_18","UKB_IDP_0194_aseg_lh_volume_Cerebellum-Cortex",0.200513861724756,0.286276209224256,0.0248207351761823,1.42771281128297,0.123785632388116,0.000170644334146752,1.45988164993602e-09,9.1052525094197e-09,0.160334010333675,0.872617969046733,0.960300915669594
"1973","Pattern_18","UKB_IDP_0210_aseg_rh_volume_Cerebellum-White-Matter",0.200513861724756,0.350089435315289,0.0347373054888636,1.745961263246,0.173241416778194,1.23469309030529e-06,1.21406984274415e-08,9.17951604881374e-09,1.32258589264196,0.185973128227225,0.526965135642524
"1974","Pattern_18","UKB_IDP_0211_aseg_rh_volume_Cerebellum-Cortex",0.200513861724756,0.280779648937721,0.0241730400293458,1.40030044069045,0.120555455974051,0.000249404355437897,-2.13637732858664e-09,8.95715345087057e-09,-0.238510743430325,0.811484983708683,0.939010356352408
"1975","Pattern_18","UKB_IDP_0434_Volume_of_V1_in_the_right_hemisphere",0.200513861724756,0.227243641032887,0.0268478350495305,1.13330639127994,0.133895157265408,0.314957575561694,-1.12369949490531e-08,8.6537999955737e-09,-1.29850412013228,0.194114161459914,0.534002039673947
"1976","Pattern_18","UKB_IDP_0442_Volume_of_entorhinal_in_the_left_hemisphere_DKT_parcellation",0.200513861724756,0.239429301818896,0.034414026979033,1.19407855277137,0.171629166597334,0.248305105530803,-2.6523839904763e-09,6.09089479456021e-09,-0.43546705039876,0.663223450626885,0.8733536528057
"1977","Pattern_3","Demontis 2023 -  Attention Deficit Hyperactivity Disorder",0.192005576825148,0.212365914694781,0.0137181384027462,1.10604034636022,0.0714465622800046,0.137390368244454,2.05904017940946e-09,1.59171619272914e-09,1.29359755766451,0.195804466532422,0.53609276327126
"1978","Pattern_3","Grove 2019  - Autism Spectrum Disorder",0.192005576825148,0.198772434182297,0.0262951160891247,1.0352430250675,0.136949751793254,0.797588397554559,1.69918850599326e-11,5.49970669399364e-09,0.00308959841049156,0.997534861051068,0.998546746323358
"1979","Pattern_3","Chambers_total_cerebellar_volume",0.192005576825148,0.318740807211866,0.0199463364447744,1.66006015284718,0.10388415156784,7.12563710064877e-10,2.53282413445045e-08,8.77285924448094e-09,2.88711361241076,0.0038879381257517,0.0979744121378931
"1980","Pattern_3","Davies reaction time",0.192005576825148,0.237348033303581,0.0132438725700852,1.236151768236,0.0689764994802513,0.00102768985937851,3.7104717880938e-09,1.3936840324958e-09,2.66234792218227,0.0077597625198891,0.136539054627468
"1981","Pattern_3","Gui_age_onset_walking",0.192005576825148,0.225596248225444,0.0172117887111607,1.17494633205829,0.0896421291285447,0.0489568677085421,1.05233350505115e-08,4.51961306648722e-09,2.3283707909736,0.0198924232610036,0.193989092096007
"1982","Pattern_3","Huang_neurodev_disorders",0.192005576825148,0.214219327572374,0.143165671540355,1.11569325805289,0.745632881646608,0.877170277248579,5.68590370539207e-10,7.49847960475637e-09,0.0758274210919429,0.939556400047216,0.980932794945408
"1983","Pattern_3","Lee_cognitive_performance",0.192005576825148,0.233139415286152,0.0103592134528749,1.21423251939428,0.0539526696264066,7.16240594926797e-05,1.05199560918054e-09,4.83760827779317e-10,2.1746192514381,0.0296586604615514,0.23379019594664
"1984","Pattern_3","Lee_educ_attainment",0.192005576825148,0.223840129999216,0.00833354998902032,1.16580014862307,0.0434026455211212,0.00014379082287408,2.12286437617708e-09,6.7859177790151e-10,3.12833789814233,0.00175797951863659,0.062349673594311
"1985","Pattern_3","Alzheimer's Disease",0.192005576825148,0.380310434093143,0.059257824361636,1.98072597880569,0.30862553755717,0.000666915281286362,5.61972245954635e-10,4.74771397752212e-09,0.118366912711101,0.905776941270808,0.968433187811341
"1986","Pattern_3","Anorexia Nervosa",0.192005576825148,0.221469936015365,0.0267333915881702,1.15345574684557,0.139232370383258,0.259544708089741,1.3693354137097e-08,6.97243872340791e-09,1.96392606379251,0.0495386667798034,0.300336988340233
"1987","Pattern_3","Autism Spectrum Disorder",0.192005576825148,0.204295605798306,0.0239243212222812,1.06400870837387,0.124602220507731,0.608792688552129,2.54978090462487e-08,1.93296381783213e-08,1.31910431074934,0.187134242227618,0.527823349615774
"1988","Pattern_3","Bipolar Disorder",0.192005576825148,0.217439481430736,0.0318301856757278,1.1324644055977,0.165777401896583,0.429576916469054,-1.03818115521705e-08,1.4515375099432e-08,-0.715228609736494,0.474467793366699,0.760357347205253
"1989","Pattern_3","Body Mass Index",0.192005576825148,0.223551413448617,0.0169119411106263,1.16429646026478,0.0880804682357083,0.0597470354971011,6.01370576032556e-10,3.13672805909129e-09,0.191719066716537,0.847962269954613,0.952043345677671
"1990","Pattern_3","Celiac Disease",0.192005576825148,0.225668480637482,0.0465489414715394,1.17532253161057,0.242435361728736,0.460711233181384,-4.33739988024177e-08,1.94457466526127e-08,-2.23051341649512,0.0257133777705281,0.218949540143705
"1991","Pattern_3","Coronary Artery Disease",0.192005576825148,0.327210095121776,0.0415836901014306,1.70416974617228,0.216575428636113,0.00108067232834019,1.17614969279159e-09,3.33245828668577e-09,0.352937558885786,0.724135252513131,0.903636929502467
"1992","Pattern_3","Crohn's Disease",0.192005576825148,0.319017406148838,0.0283023013985088,1.66150073046761,0.147403538305987,2.20122341978641e-06,3.02354542364558e-09,1.57787978459409e-08,0.191620771947679,0.848039270367007,0.952043345677671
"1993","Pattern_3","Depressive Symptoms",0.192005576825148,0.18083443534059,0.0284634976071025,0.941818661367675,0.148243077507186,0.694194787974406,1.15644760342872e-09,1.42161754455236e-09,0.813473080618779,0.415946874148072,0.725286570670693
"1994","Pattern_3","Ever Smoked",0.192005576825148,0.203566731449051,0.0271778611760194,1.06021259806652,0.141547248915427,0.671410780943467,3.01418452085482e-09,2.79039734730365e-09,1.08019903465269,0.280053558179856,0.615019578747919
"1995","Pattern_3","Fasting Glucose",0.192005576825148,0.295056966315722,0.0488324512289003,1.53671039765901,0.254328296273238,0.0340544445848409,-3.22932203171729e-10,5.31897592945194e-09,-0.0607132289100251,0.951587595971112,0.982893391788414
"1996","Pattern_3","HDL Cholesterol",0.192005576825148,0.31772935595663,0.0354116560393562,1.65479233056846,0.184430351580903,0.00156483939660861,-1.00848979706434e-09,4.9102084736513e-09,-0.205386350187778,0.837270283930449,0.948727989458997
"1997","Pattern_3","Height",0.192005576825148,0.246996680362749,0.0183325608393519,1.28640367872064,0.0954793144161984,0.00355763218218278,-1.54137886399942e-08,4.22452336797639e-09,-3.64864560978334,0.000263626469388306,0.026714148898015
"1998","Pattern_3","Inflammatory Bowel Disease",0.192005576825148,0.304220637258311,0.025571008846057,1.58443646423537,0.13317846944281,5.23461937488475e-05,-1.2299105653119e-08,1.04053879512337e-08,-1.18199395455128,0.237208099627764,0.576336899613276
"1999","Pattern_3","LDL Cholesterol",0.192005576825148,0.368219717645399,0.0402962808854515,1.91775532635035,0.209870367057868,1.22746371225627e-05,1.31291394451353e-10,3.84187177807838e-09,0.0341738095478612,0.972738551291639,0.9907849285027
"2000","Pattern_3","Systemic Lupus Erythematosus",0.192005576825148,0.339557092390486,0.0501837712643053,1.76847515580085,0.261366217034444,0.000543120901487292,-1.78360618112527e-08,2.12753945093274e-08,-0.838342236306506,0.401838521143558,0.711379299587359
"2001","Pattern_3","Multiple Sclerosis",0.192005576825148,0.588444946989505,0.210454987767746,3.06472841424485,1.09608789102724,0.000160799578964892,-2.49719367089411e-08,9.93987915339382e-09,-2.51229781806903,0.0119947814602894,0.155639603338389
"2002","Pattern_3","Neuroticism",0.192005576825148,0.184427577578643,0.0156084452441159,0.960532400298945,0.081291624452814,0.61570963377466,3.67541902649945e-10,1.72233104859342e-09,0.213397942834571,0.831016584932634,0.947003702164907
"2003","Pattern_3","Primary Biliary Cirrhosis",0.192005576825148,0.328336818514555,0.0426768154341874,1.71003792672938,0.22226862437986,0.000537469469912893,-2.01107178348344e-08,1.93007031514182e-08,-1.04196814370241,0.297426448655465,0.634191866471774
"2004","Pattern_3","Rheumatoid Arthritis",0.192005576825148,0.269075449081307,0.0327958287051583,1.40139392579385,0.170806646595604,0.0180585820419242,-7.67420828479365e-09,7.31979286528787e-09,-1.04841877714689,0.294445706076103,0.630895894720951
"2005","Pattern_3","Schizophrenia",0.192005576825148,0.230603004931871,0.0112596630747283,1.20102243249878,0.058642375189873,0.000693795969837551,9.07941109294575e-09,6.48904000442278e-09,1.39919172739842,0.161755496653888,0.491736709827821
"2006","Pattern_3","Subjective Well-Being",0.192005576825148,0.219107014164096,0.0408647205144646,1.14114921965849,0.21283090413399,0.510174130999062,-4.33106675842194e-10,1.27085473854605e-09,-0.34079951288351,0.733254517195387,0.903965898707259
"2007","Pattern_3","Triglycerides",0.192005576825148,0.326842665926599,0.0367688671489976,1.70225610803087,0.191498954129241,0.000434256615588505,2.784120363691e-09,4.75985069980215e-09,0.584917582353313,0.558603135616056,0.813625922375747
"2008","Pattern_3","Type 1 Diabetes",0.192005576825148,0.47099097483437,0.111957709757407,2.45300674398266,0.583096135063631,6.58244444138955e-05,-4.10806249284857e-12,1.02850937710564e-08,-0.000399419060661285,0.999681309706682,0.999681309706682
"2009","Pattern_3","Type 2 Diabetes",0.192005576825148,0.228914878423838,0.0360308286213655,1.19223036231026,0.187655115112502,0.311390274618319,-4.53544034913846e-09,4.21202863837406e-09,-1.07678288504924,0.281577273163747,0.617728285868508
"2010","Pattern_3","Ulcerative Colitis",0.192005576825148,0.291848198133556,0.0361363608563616,1.51999854878866,0.188204746205208,0.00628367456156753,-1.77839053915889e-08,1.12809326965686e-08,-1.57645700669754,0.114920519517835,0.418035667579408
"2011","Pattern_3","Years of Education (EduYears)",0.192005576825148,0.206230739455923,0.0256771712240948,1.07408723676672,0.133731382435199,0.581398916946347,-3.25011786487388e-11,2.46681835247558e-09,-0.0131753432984322,0.989487901131747,0.994629312049295
"2012","Pattern_3","Years of Education (College)",0.192005576825148,0.224670635602618,0.0112766996263928,1.17012557300466,0.0587311046525591,0.00400815479656099,3.2732855919239e-09,1.51298259442337e-09,2.16346546483003,0.0305053971753853,0.236942775865566
"2013","Pattern_3","Savage cognition-intelligence",0.192005576825148,0.229961728343601,0.013879505148303,1.19768254727839,0.0722869896687555,0.00615834837664147,4.4440144248576e-09,2.8156316562493e-09,1.5783365750254,0.114488307623074,0.417628424865738
"2014","Pattern_3","Tissink 2022 - Cerebellar Volume",0.192005576825148,0.323138618050991,0.0247784580500696,1.6829647523481,0.129050720608153,1.01069693838992e-07,2.60469906504313e-08,1.01216278116534e-08,2.57339937163492,0.0100704926927472,0.146328842800533
"2015","Pattern_3","Tissink 2022 - Subcortical Volume",0.192005576825148,0.288973218667828,0.0248854408415361,1.50502513232199,0.129607906463041,4.25437477919744e-05,-2.00540916573166e-09,9.05534107913861e-09,-0.221461472097573,0.824733132612701,0.946497098013505
"2016","Pattern_3","UKB_IDP_0021_Volume_of_left_amygdala",0.192005576825148,0.361380655425813,0.0731220089015735,1.8821362452139,0.38083273470834,0.00688251439333755,5.53734837960336e-09,6.41519384726798e-09,0.863161505550067,0.388048675178566,0.702801647953711
"2017","Pattern_3","UKB_IDP_0024_Volume_of_right_accumbens",0.192005576825148,0.359155044227841,0.0474417403785455,1.87054485690751,0.247085220976413,6.72749825376477e-05,1.09880184432172e-08,7.47732813541523e-09,1.46951133402507,0.141694149923156,0.46392013040707
"2018","Pattern_3","UKB_IDP_0026_Volume_of_grey_matter_in_Left_Frontal_Pole",0.192005576825148,0.250976676046885,0.0308827013225491,1.30713222082835,0.160842730889388,0.0566733655970968,-5.03715403765613e-09,6.51889496161877e-09,-0.772700598385666,0.439699592455896,0.742014855468792
"2019","Pattern_3","UKB_IDP_0137_IDP_T1_FAST_ROIs_L_cerebellum_I-IV",0.192005576825148,0.287414370865375,0.0256418542434563,1.49690636916818,0.133547445170341,0.000170658892418298,8.05747538041645e-09,8.34947020153976e-09,0.965028341430638,0.33453061653584,0.666555385756806
"2020","Pattern_3","UKB_IDP_0138_IDP_T1_FAST_ROIs_R_cerebellum_I-IV",0.192005576825148,0.287083453087279,0.0262895546467759,1.49518288913407,0.136920786789004,0.000218397979992771,5.33366384555734e-09,8.91437177677854e-09,0.598321898515748,0.549625167586477,0.808853635286323
"2021","Pattern_3","UKB_IDP_0139_IDP_T1_FAST_ROIs_L_cerebellum_V",0.192005576825148,0.300452279483265,0.0296636700754425,1.56481017088829,0.154493794221696,0.000341671748013051,1.27797455024363e-08,9.29225262338582e-09,1.37531188834379,0.169034772397028,0.501682002316422
"2022","Pattern_3","UKB_IDP_0140_IDP_T1_FAST_ROIs_R_cerebellum_V",0.192005576825148,0.294784698983497,0.0286153478211412,1.5352923798247,0.149033941067243,0.00037453546332084,7.1142383470689e-09,8.86225199764873e-09,0.80275739721195,0.422114970608529,0.728709686169568
"2023","Pattern_3","UKB_IDP_0141_IDP_T1_FAST_ROIs_L_cerebellum_VI",0.192005576825148,0.359083366815741,0.0306660834614884,1.87017154789594,0.159714545632259,3.80161735907062e-09,3.41179340041719e-08,9.84902787355944e-09,3.46409152681601,0.000532025457747861,0.0365209733576596
"2024","Pattern_3","UKB_IDP_0142_IDP_T1_FAST_ROIs_V_cerebellum_VI",0.192005576825148,0.315926448511664,0.0281467301791566,1.64540246036377,0.146593295072823,2.89762882362869e-06,2.36726262529185e-08,9.41083532354035e-09,2.51546493367104,0.0118875502193775,0.155194520655432
"2025","Pattern_3","UKB_IDP_0143_IDP_T1_FAST_ROIs_R_cerebellum_VI",0.192005576825148,0.365543431653062,0.0330671832733046,1.90381674166656,0.172219910588417,2.43850388815407e-08,3.27338587656911e-08,1.02719716451599e-08,3.18671623096965,0.00143897880273467,0.0588874402349881
"2026","Pattern_3","UKB_IDP_0144_IDP_T1_FAST_ROIs_L_cerebellum_crus_I",0.192005576825148,0.275803115260116,0.0209094423316687,1.43643283606954,0.10890018236663,5.54156082986837e-05,2.38224178022121e-08,1.06143744074787e-08,2.24435439034704,0.0248096086049526,0.214956406549826
"2027","Pattern_3","UKB_IDP_0145_IDP_T1_FAST_ROIs_V_cerebellum_crus_I",0.192005576825148,0.316013148198236,0.0633614377076629,1.64585400811569,0.329997902953431,0.0315827282573706,1.0605001967467e-08,6.05185666301331e-09,1.75235511314748,0.0797127647057956,0.373024099539555
"2028","Pattern_3","UKB_IDP_0146_IDP_T1_FAST_ROIs_R_cerebellum_crus_I",0.192005576825148,0.2922804736588,0.0231744580058397,1.52224991842277,0.120696796358908,2.76860490669296e-05,2.75386830630858e-08,1.19356899287842e-08,2.30725523429301,0.0210405955249566,0.197243996815452
"2029","Pattern_3","UKB_IDP_0147_IDP_T1_FAST_ROIs_L_cerebellum_crus_II",0.192005576825148,0.299563300495932,0.0262861306904647,1.56018020647771,0.136902954201181,4.7874222504215e-05,2.4202628250074e-08,1.09768441870092e-08,2.20488036795832,0.0274624904768814,0.223908734616106
"2030","Pattern_3","UKB_IDP_0148_IDP_T1_FAST_ROIs_V_cerebellum_crus_II",0.192005576825148,0.296609891645904,0.0280810525998139,1.544798315499,0.146251234282565,0.000130928054776013,2.12009930918288e-08,8.49870899180134e-09,2.49461337154634,0.0126094438329251,0.158671632905427
"2031","Pattern_3","UKB_IDP_0149_IDP_T1_FAST_ROIs_R_cerebellum_crus_II",0.192005576825148,0.282177239919876,0.0251478621034093,1.46963043774943,0.130974644170416,0.000343688756420206,1.782764625553e-08,1.14755643251691e-08,1.55353111623704,0.120296301437965,0.428794856716901
"2032","Pattern_3","UKB_IDP_0150_IDP_T1_FAST_ROIs_L_cerebellum_VIIb",0.192005576825148,0.275187640111264,0.0262346366471273,1.43322732944296,0.136634763848647,0.0019978204457986,1.23118890263852e-08,1.04133836995458e-08,1.18231397033053,0.237081144340162,0.576336899613276
"2033","Pattern_3","UKB_IDP_0151_IDP_T1_FAST_ROIs_V_cerebellum_VIIb",0.192005576825148,0.309424584201715,0.0265154920807505,1.61153956732983,0.138097510078559,4.04678555106969e-06,2.60031944863367e-08,8.48700134351257e-09,3.06388480852704,0.00218483018209784,0.0726456035547532
"2034","Pattern_3","UKB_IDP_0152_IDP_T1_FAST_ROIs_R_cerebellum_VIIb",0.192005576825148,0.254110853801307,0.0246152192281041,1.32345558917132,0.128200543104642,0.0156096696078541,7.42938455447308e-09,1.15570720466294e-08,0.642843146127124,0.520325883504559,0.79089534292693
"2035","Pattern_3","UKB_IDP_0153_IDP_T1_FAST_ROIs_L_cerebellum_VIIIa",0.192005576825148,0.282513848563946,0.0273644295104647,1.4713835568496,0.142518930767226,0.00162999421867353,1.3023360213652e-08,1.10345516207014e-08,1.18023465395906,0.237906899794392,0.576336899613276
"2036","Pattern_3","UKB_IDP_0154_IDP_T1_FAST_ROIs_V_cerebellum_VIIIa",0.192005576825148,0.297933633870538,0.0278550176527615,1.55169260600099,0.145074003127148,0.000216004674859617,2.17271808014534e-08,1.23407410624671e-08,1.76060584137317,0.0783051392727678,0.370296303049889
"2037","Pattern_3","UKB_IDP_0155_IDP_T1_FAST_ROIs_R_cerebellum_VIIIa",0.192005576825148,0.250561439975783,0.0250891754604803,1.30496959577356,0.130668993449748,0.0253234496086798,4.43733578961814e-09,9.71761222393301e-09,0.456628201183996,0.647938305504386,0.862296881872003
"2038","Pattern_3","UKB_IDP_0156_IDP_T1_FAST_ROIs_L_cerebellum_VIIIb",0.192005576825148,0.291876446922115,0.0273844190230775,1.52014567362236,0.142623039788138,0.000640009918908682,1.37454699826859e-08,1.08849202860597e-08,1.26279932433586,0.206661307611255,0.547205276662177
"2039","Pattern_3","UKB_IDP_0157_IDP_T1_FAST_ROIs_V_cerebellum_VIIIb",0.192005576825148,0.276393556118176,0.0288377845498218,1.43950795955201,0.1501924320463,0.00493548536493032,1.47246219345085e-08,1.48572523495056e-08,0.991073018625713,0.321649926796308,0.656252199638104
"2040","Pattern_3","UKB_IDP_0158_IDP_T1_FAST_ROIs_R_cerebellum_VIIIb",0.192005576825148,0.256083410630135,0.0293495039433432,1.33372902425297,0.152857559809685,0.0319853682178288,3.3421378305708e-09,8.78890321936835e-09,0.380267906831155,0.703746555957235,0.893550304177715
"2041","Pattern_3","UKB_IDP_0159_IDP_T1_FAST_ROIs_L_cerebellum_IX",0.192005576825148,0.282826946212646,0.0284824660057306,1.47301422640554,0.148341868380565,0.00267685048623272,1.06739451714046e-08,1.45029940513571e-08,0.735982179514568,0.461741542916077,0.756716967989538
"2042","Pattern_3","UKB_IDP_0160_IDP_T1_FAST_ROIs_V_cerebellum_IX",0.192005576825148,0.290083824547351,0.0291734099294972,1.51080936993574,0.151940430126487,0.000736944567155633,7.79867369858787e-09,1.10044522170339e-08,0.708683498713025,0.478520907137078,0.76347886585647
"2043","Pattern_3","UKB_IDP_0161_IDP_T1_FAST_ROIs_R_cerebellum_IX",0.192005576825148,0.293225960439502,0.0283689874694863,1.52717418570884,0.147750851504281,0.00064998331268304,1.30616927302657e-08,1.32699183342056e-08,0.984308448726231,0.324963876660153,0.659405990361859
"2044","Pattern_3","UKB_IDP_0162_IDP_T1_FAST_ROIs_L_cerebellum_X",0.192005576825148,0.296832588969736,0.029291634315286,1.54595816370505,0.152556164251212,0.00022729796169411,1.74767625799992e-08,8.62141222309137e-09,2.02713454916237,0.0426486544419695,0.275950530616349
"2045","Pattern_3","UKB_IDP_0163_IDP_T1_FAST_ROIs_V_cerebellum_X",0.192005576825148,0.284207381825414,0.030935993685849,1.48020378639434,0.161120287219684,0.00203268410864624,5.16195381589057e-09,8.14865855416168e-09,0.633472832562637,0.52642491647715,0.79361817645691
"2046","Pattern_3","UKB_IDP_0164_IDP_T1_FAST_ROIs_R_cerebellum_X",0.192005576825148,0.276675308509445,0.0351762020557718,1.44097537730064,0.183204064368429,0.0187017154604168,5.25081889262809e-09,9.69069533319671e-09,0.541841293332249,0.587927842056506,0.826088779133931
"2047","Pattern_3","UKB_IDP_0193_aseg_lh_volume_Cerebellum-White-Matter",0.192005576825148,0.334608249086335,0.0286955953323732,1.74270067890293,0.149451884715334,8.88399883982047e-07,1.21352014513112e-08,9.59340998888298e-09,1.26495182269638,0.20588859862492,0.547205276662177
"2048","Pattern_3","UKB_IDP_0194_aseg_lh_volume_Cerebellum-Cortex",0.192005576825148,0.318243821765428,0.0246495997044585,1.65747176216261,0.12837960288469,1.97829598471992e-07,2.25070565325724e-08,9.50454436379937e-09,2.36803108819152,0.0178830331640714,0.186544581240902
"2049","Pattern_3","UKB_IDP_0210_aseg_rh_volume_Cerebellum-White-Matter",0.192005576825148,0.344890956602667,0.0317533890140663,1.7962548916834,0.165377430901305,2.03099710370728e-06,1.29850623801427e-08,9.51857342244794e-09,1.36418156417428,0.172510429007072,0.507047227799793
"2050","Pattern_3","UKB_IDP_0211_aseg_rh_volume_Cerebellum-Cortex",0.192005576825148,0.315470462313596,0.0233175268742356,1.64302760122891,0.121441925072155,1.23749784071239e-07,2.11033697457803e-08,9.21532478484777e-09,2.29002994886077,0.022019580593225,0.200246442317876
"2051","Pattern_3","UKB_IDP_0434_Volume_of_V1_in_the_right_hemisphere",0.192005576825148,0.222643633078756,0.0281726493558084,1.15956857483108,0.146728286863584,0.279679386882427,-7.84639644833476e-09,9.30518372616408e-09,-0.843228535753944,0.399100642012561,0.709834268954472
"2052","Pattern_3","UKB_IDP_0442_Volume_of_entorhinal_in_the_left_hemisphere_DKT_parcellation",0.192005576825148,0.262728064643563,0.0373187851325243,1.36833559205845,0.194363027103682,0.0458400839443312,5.38944851118397e-09,7.41935308496819e-09,0.726404101471211,0.467591077584737,0.758173408896606
"2053","Pattern_14","Demontis 2023 -  Attention Deficit Hyperactivity Disorder",0.180786782978125,0.188966698042544,0.0137890717023894,1.04524620068829,0.0762725652574829,0.553643232891498,2.55376829413394e-10,1.61960330444887e-09,0.157678629521132,0.874710040984584,0.960300915669594
"2054","Pattern_14","Grove 2019  - Autism Spectrum Disorder",0.180786782978125,0.181246947541725,0.024790925740787,1.00254534405679,0.137127976572196,0.985154578588997,-1.35971582399448e-09,6.03524666405547e-09,-0.22529581634047,0.821749154094095,0.945855021568164
"2055","Pattern_14","Chambers_total_cerebellar_volume",0.180786782978125,0.264415841862311,0.0233908704560125,1.46258392071895,0.129383741834948,1.82519334492612e-05,2.71562448316421e-09,1.13490511200141e-08,0.239282073403935,0.810886865061851,0.938828753455723
"2056","Pattern_14","Davies reaction time",0.180786782978125,0.211663081499714,0.0119177323775784,1.17078847254738,0.0659214804382048,0.0101171508476157,2.22906953678596e-09,1.34364549638468e-09,1.65897146441057,0.09712154255567,0.393715696920838
"2057","Pattern_14","Gui_age_onset_walking",0.180786782978125,0.202242284059444,0.0161069770175761,1.11867848261847,0.0890937752873508,0.179223215909216,6.58347805888973e-09,4.64311785773017e-09,1.4179002688741,0.156219883896911,0.485143353999697
"2058","Pattern_14","Huang_neurodev_disorders",0.180786782978125,0.167067203403815,0.113229725723954,0.92411182195786,0.626316392485701,0.903817741056443,-1.85598410163129e-10,6.50123409595635e-09,-0.0285481813796811,0.97722494048733,0.992756358335072
"2059","Pattern_14","Lee_cognitive_performance",0.180786782978125,0.220463483433642,0.00971459897833687,1.21946682053808,0.0537351172375933,4.04184571670109e-05,1.01881540615295e-09,4.73885721217807e-10,2.14991792437798,0.0315617075435501,0.237804262863564
"2060","Pattern_14","Lee_educ_attainment",0.180786782978125,0.208408926672799,0.00837808333359051,1.1527885127422,0.0463423442553556,0.001081017004621,1.84867405535452e-09,6.95246159290752e-10,2.65902088152551,0.00783681056611776,0.136539054627468
"2061","Pattern_14","Alzheimer's Disease",0.180786782978125,0.381540122020406,0.0642068913482923,2.11044256518781,0.355152574157268,0.000787692406776514,2.36585105908975e-09,4.56580681968997e-09,0.518167139460886,0.604341659694601,0.835381515663596
"2062","Pattern_14","Anorexia Nervosa",0.180786782978125,0.1674580984564,0.0272805016322744,0.9262740101784,0.150898761418722,0.627321975650419,7.89670340181043e-10,8.08004836595451e-09,0.0977308927392489,0.922145984115367,0.974826951911327
"2063","Pattern_14","Autism Spectrum Disorder",0.180786782978125,0.152204222558711,0.022458602311319,0.841899059496667,0.124227014504907,0.197468712679716,-8.01552941519104e-09,1.93525385437069e-08,-0.414184908976582,0.678738692928055,0.879985271490153
"2064","Pattern_14","Bipolar Disorder",0.180786782978125,0.257144293138726,0.0354126203291577,1.42236223745317,0.195880582340152,0.0224973154401258,1.22793681468074e-08,1.80120910075765e-08,0.681729186336131,0.495410208654892,0.775777592122746
"2065","Pattern_14","Body Mass Index",0.180786782978125,0.208961045246578,0.012416156609067,1.15584248917058,0.068678453173036,0.0231204623758981,-5.30228207823278e-10,2.5023075152085e-09,-0.21189570210722,0.832188403688147,0.947003702164907
"2066","Pattern_14","Celiac Disease",0.180786782978125,0.209212864925923,0.0445868247795203,1.15723539895744,0.246626573276185,0.509462804262432,-5.08490029980498e-08,1.94856750688101e-08,-2.60955819177349,0.00906592252684058,0.143887795073155
"2067","Pattern_14","Coronary Artery Disease",0.180786782978125,0.277534769767883,0.0353117592963845,1.53514966744812,0.195322681861413,0.00556295135169785,-3.78403208228225e-09,3.02426905772515e-09,-1.25122203416934,0.210853481377226,0.550614071763884
"2068","Pattern_14","Crohn's Disease",0.180786782978125,0.303687802938185,0.0330772795512871,1.67981197483298,0.182962930178859,0.000112566966295082,-2.83255088890085e-09,2.10322676064855e-08,-0.13467643821855,0.892867703022139,0.963338095186225
"2069","Pattern_14","Depressive Symptoms",0.180786782978125,0.155637589007183,0.0239560476148495,0.860890306488917,0.132509950230976,0.2841068023951,7.19133827853864e-10,1.2884315843367e-09,0.558146692922063,0.576744218336153,0.818882158654176
"2070","Pattern_14","Ever Smoked",0.180786782978125,0.196520829380835,0.0265915527094375,1.08703095515901,0.147087924633601,0.555588707978719,3.7901036642098e-09,3.10764000249443e-09,1.21960833982301,0.222613383383305,0.567173284993964
"2071","Pattern_14","Fasting Glucose",0.180786782978125,0.289786927132509,0.040525288537147,1.60292097883933,0.224160681824017,0.00771456979988247,-1.6379677247375e-09,5.26283610783006e-09,-0.311232896327614,0.75562357638431,0.918722184044981
"2072","Pattern_14","HDL Cholesterol",0.180786782978125,0.306310229239393,0.032739388298554,1.6943176054881,0.181093926000749,0.00026465689426583,-2.36091923038506e-09,5.50931668199586e-09,-0.42853213323177,0.668263744070273,0.874899453064725
"2073","Pattern_14","Height",0.180786782978125,0.276709162835601,0.0165664883081106,1.53058292358177,0.0916355058440039,2.16858402902757e-08,-3.61393872210125e-09,3.85926047095102e-09,-0.936432964114152,0.349050312319365,0.673516598785779
"2074","Pattern_14","Inflammatory Bowel Disease",0.180786782978125,0.313714670511647,0.0282265002509135,1.73527436764892,0.156131437187689,5.93925269638809e-06,-4.68492747647561e-09,1.17326953625446e-08,-0.399305302976819,0.689668260176613,0.885171325486027
"2075","Pattern_14","LDL Cholesterol",0.180786782978125,0.363177675562589,0.0449242942604533,2.00887293628392,0.248493244475118,9.46111321909849e-05,-6.52776840722365e-10,5.24607045725245e-09,-0.124431580940727,0.9009735696741,0.966499496965439
"2076","Pattern_14","Systemic Lupus Erythematosus",0.180786782978125,0.328474987249882,0.051354113007473,1.81691925614732,0.284059001225144,0.000218773208549954,-1.78559089172129e-08,2.26263029199769e-08,-0.78916599766053,0.430014992430385,0.732643638023907
"2077","Pattern_14","Multiple Sclerosis",0.180786782978125,0.695235924910997,0.261022101780613,3.84561256889626,1.44381186213262,6.4727172078578e-07,-1.38083052431288e-08,1.15751809214081e-08,-1.19292349181261,0.23289933797452,0.574287127705421
"2078","Pattern_14","Neuroticism",0.180786782978125,0.196442342820879,0.0163935709529099,1.08659681634276,0.0906790346222022,0.292061677641579,4.11162741843815e-09,2.11995919770828e-09,1.93948422350906,0.0524424037400662,0.305746397695509
"2079","Pattern_14","Primary Biliary Cirrhosis",0.180786782978125,0.317019433858076,0.0473272890372603,1.75355426229602,0.261785116464996,0.000692143839923761,-2.22232478005076e-08,2.301006781038e-08,-0.965805402384887,0.334141564706216,0.666404170285687
"2080","Pattern_14","Rheumatoid Arthritis",0.180786782978125,0.302978407277148,0.0346135899744551,1.67588803941386,0.191460843565336,0.000152675854239136,2.873739050216e-09,7.48399804071259e-09,0.383984473884547,0.700989955091654,0.892058823036514
"2081","Pattern_14","Schizophrenia",0.180786782978125,0.23067677480182,0.0120236998827966,1.27596039379567,0.0665076267453216,3.75135450219764e-05,1.65539600999805e-08,7.32879756721598e-09,2.25875526621605,0.0238986125680116,0.211810090221912
"2082","Pattern_14","Subjective Well-Being",0.180786782978125,0.211150102756613,0.0357157851080481,1.16795099330996,0.197557501271372,0.394759840912554,-3.65171495703443e-10,1.25901239385078e-09,-0.290045989608203,0.771781054446403,0.919404250616361
"2083","Pattern_14","Triglycerides",0.180786782978125,0.329083662187253,0.0385613105051877,1.82028606719039,0.213297177315521,1.03117619954703e-05,5.22312510574121e-09,5.12390391308851e-09,1.01936437418337,0.3080300128498,0.644951305983895
"2084","Pattern_14","Type 1 Diabetes",0.180786782978125,0.334643434092611,0.0865825346816851,1.85103926614537,0.478920711212399,0.0258714649213528,-2.69947508381791e-08,1.13708110564271e-08,-2.37403916960882,0.0175946838756424,0.185608776326466
"2085","Pattern_14","Type 2 Diabetes",0.180786782978125,0.245743927612944,0.0381010813706497,1.35930250853946,0.210751476092475,0.0806880189575121,-1.26248424610578e-09,4.80324040842818e-09,-0.262840111831696,0.792673817404055,0.929884169479509
"2086","Pattern_14","Ulcerative Colitis",0.180786782978125,0.323058520392871,0.0362110423126557,1.78695873155706,0.200296955983985,0.000187246151116326,-2.52459406243321e-09,1.20289269251448e-08,-0.209876914054229,0.83376374085761,0.947757550807674
"2087","Pattern_14","Years of Education (EduYears)",0.180786782978125,0.217235852393812,0.0232918012693007,1.20161357382026,0.128835752733755,0.116404743715442,2.6344156464308e-09,2.40028034026078e-09,1.09754498349329,0.272403227818374,0.60835300189015
"2088","Pattern_14","Years of Education (College)",0.180786782978125,0.206617945685741,0.0111551158793932,1.14288192024935,0.0617031604613648,0.0208285480689944,2.4419476954351e-09,1.55313011006107e-09,1.57227503324823,0.11588678060434,0.420831175982995
"2089","Pattern_14","Savage cognition-intelligence",0.180786782978125,0.23104322691664,0.0133847125374633,1.27798737889261,0.0740359019446842,0.000184745250179873,8.19588187481795e-09,3.01727250366391e-09,2.71632140115472,0.0066011800418526,0.130067695639466
"2090","Pattern_14","Tissink 2022 - Cerebellar Volume",0.180786782978125,0.286616147204624,0.0274473852758173,1.58538219710068,0.151821857901739,4.737303575776e-05,1.17867179787261e-08,1.32582122918807e-08,0.889012614916734,0.373996300174223,0.691454497628798
"2091","Pattern_14","Tissink 2022 - Subcortical Volume",0.180786782978125,0.305419808871562,0.0263208984715506,1.68939235402246,0.145590833787531,6.51459378407074e-07,1.01931086861444e-08,1.08407449677962e-08,0.940259061201453,0.347084693333811,0.673516598785779
"2092","Pattern_14","UKB_IDP_0021_Volume_of_left_amygdala",0.180786782978125,0.30267763550957,0.0673665663025701,1.67422435713231,0.372629930091303,0.0464358809077592,-1.56982929446184e-09,7.26675773438848e-09,-0.216028846955078,0.828965261810376,0.946880341992743
"2093","Pattern_14","UKB_IDP_0024_Volume_of_right_accumbens",0.180786782978125,0.329995571988005,0.0471672701771579,1.82533018482847,0.260899991692784,0.000707757617475402,5.70670782190962e-09,7.92747366850619e-09,0.719864620248554,0.471608353275012,0.758315076410866
"2094","Pattern_14","UKB_IDP_0026_Volume_of_grey_matter_in_Left_Frontal_Pole",0.180786782978125,0.260621038038003,0.0336610882023674,1.44159342704571,0.186192196397678,0.0132677288030263,-1.27042415280761e-09,7.17340540358296e-09,-0.177101959436596,0.859428302847907,0.953526292210817
"2095","Pattern_14","UKB_IDP_0137_IDP_T1_FAST_ROIs_L_cerebellum_I-IV",0.180786782978125,0.237064162296417,0.0264565285729385,1.31129144725752,0.146341055120937,0.0271587612071686,-6.53710855416704e-09,9.72463472005542e-09,-0.672221501614385,0.501442694599298,0.780010784724623
"2096","Pattern_14","UKB_IDP_0138_IDP_T1_FAST_ROIs_R_cerebellum_I-IV",0.180786782978125,0.234868217026955,0.0253464223960861,1.29914484431848,0.140200638445749,0.0270631633588131,-1.21536748047336e-08,9.58474915586773e-09,-1.26802220977199,0.204790019280117,0.547205276662177
"2097","Pattern_14","UKB_IDP_0139_IDP_T1_FAST_ROIs_L_cerebellum_V",0.180786782978125,0.254138927773503,0.0270840206406353,1.40573842615615,0.149811950821164,0.00570955135619946,1.64890952417009e-09,9.28192938239373e-09,0.17764728174918,0.858999989616741,0.953526292210817
"2098","Pattern_14","UKB_IDP_0140_IDP_T1_FAST_ROIs_R_cerebellum_V",0.180786782978125,0.260781430803286,0.0278939282918432,1.44248062002874,0.15429185603252,0.00466410415585371,-5.71972442916211e-10,9.47347803374694e-09,-0.0603761829476671,0.951856027299167,0.982893391788414
"2099","Pattern_14","UKB_IDP_0141_IDP_T1_FAST_ROIs_L_cerebellum_VI",0.180786782978125,0.260020458516733,0.024088679653422,1.43827139480764,0.133243588146246,0.00060673456262929,-2.13818412513852e-09,8.84574817700701e-09,-0.241718855471871,0.808998018190621,0.937701357858788
"2100","Pattern_14","UKB_IDP_0142_IDP_T1_FAST_ROIs_V_cerebellum_VI",0.180786782978125,0.217014180279374,0.0222963949234427,1.200387421605,0.123329784158727,0.0944099340999365,-1.02212488124997e-08,8.47560787855587e-09,-1.20596055869461,0.227832698528336,0.569988676356998
"2101","Pattern_14","UKB_IDP_0143_IDP_T1_FAST_ROIs_R_cerebellum_VI",0.180786782978125,0.274253524115926,0.0259540105274804,1.5169998580544,0.143561437954349,0.000153144734433652,3.67902679989645e-09,9.04072031824643e-09,0.406939565697133,0.684052375491257,0.88061915005771
"2102","Pattern_14","UKB_IDP_0144_IDP_T1_FAST_ROIs_L_cerebellum_crus_I",0.180786782978125,0.219887361759787,0.0192132510612253,1.21628007389452,0.106275750609214,0.0369265995802844,-2.0936648964848e-09,1.01218240348456e-08,-0.206846600896945,0.836129660820081,0.94794028674754
"2103","Pattern_14","UKB_IDP_0145_IDP_T1_FAST_ROIs_V_cerebellum_crus_I",0.180786782978125,0.212427336779707,0.0517196550333521,1.17501585724555,0.286080952276308,0.532571930298311,-1.32497807388874e-09,6.08907735263939e-09,-0.217599152901944,0.827741444563115,0.946816582816432
"2104","Pattern_14","UKB_IDP_0146_IDP_T1_FAST_ROIs_R_cerebellum_crus_I",0.180786782978125,0.223128745364546,0.0185676250947617,1.23420939124485,0.10270454946371,0.0188299562103078,-3.82231235827267e-09,9.3130018298918e-09,-0.410427532184548,0.681492353108915,0.879985271490153
"2105","Pattern_14","UKB_IDP_0147_IDP_T1_FAST_ROIs_L_cerebellum_crus_II",0.180786782978125,0.214811785886367,0.0222458711494587,1.18820514612708,0.123050318076352,0.109693938479943,-9.48181818770174e-09,9.86763077404344e-09,-0.960901193490481,0.336601850652196,0.667175455808263
"2106","Pattern_14","UKB_IDP_0148_IDP_T1_FAST_ROIs_V_cerebellum_crus_II",0.180786782978125,0.215007575884636,0.0232705928095634,1.18928813457924,0.128718440730145,0.143732931691507,-2.84662315379508e-09,8.06495362899581e-09,-0.352962122877019,0.724116836815155,0.903636929502467
"2107","Pattern_14","UKB_IDP_0149_IDP_T1_FAST_ROIs_R_cerebellum_crus_II",0.180786782978125,0.213224427810596,0.0233827821752085,1.17942486888766,0.129339002497975,0.121100188030555,-9.90765935129901e-09,1.10193478986303e-08,-0.899114851662916,0.368591488141785,0.688641516036627
"2108","Pattern_14","UKB_IDP_0150_IDP_T1_FAST_ROIs_L_cerebellum_VIIb",0.180786782978125,0.210486786020757,0.0238597836201233,1.16428193783517,0.131977477706489,0.185137040280829,-1.06837593389417e-08,9.79112887398893e-09,-1.09116726747659,0.275199288031882,0.61039660344204
"2109","Pattern_14","UKB_IDP_0151_IDP_T1_FAST_ROIs_V_cerebellum_VIIb",0.180786782978125,0.246584470769157,0.0215576101365525,1.36395187030345,0.119243286380958,0.0014891659269942,9.08893064478674e-09,7.70386939909221e-09,1.17978773703741,0.238084648033064,0.576336899613276
"2110","Pattern_14","UKB_IDP_0152_IDP_T1_FAST_ROIs_R_cerebellum_VIIb",0.180786782978125,0.205452758452641,0.0226620637791655,1.13643682944179,0.125352436753674,0.252884078156947,-9.73488608502584e-09,1.09479428804923e-08,-0.889197741648068,0.373896816329855,0.691454497628798
"2111","Pattern_14","UKB_IDP_0153_IDP_T1_FAST_ROIs_L_cerebellum_VIIIa",0.180786782978125,0.223273200923247,0.0266759935968002,1.23500842951702,0.147554999084352,0.103862304541914,-6.87620950766258e-09,1.15338203032743e-08,-0.596177964183344,0.551056344894821,0.80970265531461
"2112","Pattern_14","UKB_IDP_0154_IDP_T1_FAST_ROIs_V_cerebellum_VIIIa",0.180786782978125,0.263163963050205,0.0238924167105687,1.45565930603482,0.132157983658903,0.000529139970692368,1.22908619291717e-08,1.11333522238584e-08,1.1039677611953,0.269607122745058,0.606403819107296
"2113","Pattern_14","UKB_IDP_0155_IDP_T1_FAST_ROIs_R_cerebellum_VIIIa",0.180786782978125,0.226122249307169,0.0252344111595285,1.25076759253208,0.139581061977202,0.0560895727914023,1.42341662864447e-09,1.01194053136449e-08,0.140662082852354,0.88813690070299,0.960831380119961
"2114","Pattern_14","UKB_IDP_0156_IDP_T1_FAST_ROIs_L_cerebellum_VIIIb",0.180786782978125,0.255518584235421,0.0261846586833458,1.41336982729727,0.144837240045995,0.00257624236794617,4.22161027652975e-09,1.09091438689308e-08,0.386979063366547,0.698771707775917,0.891717859406544
"2115","Pattern_14","UKB_IDP_0157_IDP_T1_FAST_ROIs_V_cerebellum_VIIIb",0.180786782978125,0.276360221714588,0.024055517684358,1.52865279840743,0.133060156766376,0.00016036760092697,2.26080918634391e-08,1.36567046348751e-08,1.65545733527141,0.0978317639755414,0.393715696920838
"2116","Pattern_14","UKB_IDP_0158_IDP_T1_FAST_ROIs_R_cerebellum_VIIIb",0.180786782978125,0.24263190405978,0.0277557677989257,1.34208873050824,0.153527638147553,0.0218148420928733,4.63659520524767e-09,8.71552338259659e-09,0.531992744636101,0.594731020575271,0.829349680068268
"2117","Pattern_14","UKB_IDP_0159_IDP_T1_FAST_ROIs_L_cerebellum_IX",0.180786782978125,0.287151469602083,0.0267828537633098,1.58834326753205,0.14814608303833,9.97376452519327e-05,2.24764192366752e-08,1.46780763992437e-08,1.53129188221376,0.125697270944948,0.434888648462143
"2118","Pattern_14","UKB_IDP_0160_IDP_T1_FAST_ROIs_V_cerebellum_IX",0.180786782978125,0.298702193480139,0.0314579300895189,1.65223468529932,0.17400569649677,2.15018136381456e-05,1.92067080906628e-08,1.19107000626928e-08,1.61255912663126,0.106840324526966,0.403113848569831
"2119","Pattern_14","UKB_IDP_0161_IDP_T1_FAST_ROIs_R_cerebellum_IX",0.180786782978125,0.287888333798695,0.0250599475093238,1.59241914179937,0.138616037613524,1.95508339307286e-05,1.90122204006958e-08,1.2580162185558e-08,1.51128579427392,0.130715651709777,0.444331541499917
"2120","Pattern_14","UKB_IDP_0162_IDP_T1_FAST_ROIs_L_cerebellum_X",0.180786782978125,0.232772436482862,0.0278040887082192,1.28755229031885,0.153794919353056,0.0570377444120127,-1.62176360895176e-09,8.84546696531076e-09,-0.183344035460404,0.854528084644777,0.953526292210817
"2121","Pattern_14","UKB_IDP_0163_IDP_T1_FAST_ROIs_V_cerebellum_X",0.180786782978125,0.241471367526631,0.029291341664009,1.3356693644792,0.162021477352984,0.0306917711762588,-3.44852204908546e-09,8.76493859774654e-09,-0.39344508927559,0.693990772821391,0.88857542994219
"2122","Pattern_14","UKB_IDP_0164_IDP_T1_FAST_ROIs_R_cerebellum_X",0.180786782978125,0.23723593215378,0.0292426765156508,1.31224157123525,0.161752292031156,0.0492731094474863,-5.94800826915867e-09,8.26989239982804e-09,-0.71923647631526,0.471995228210626,0.758315076410866
"2123","Pattern_14","UKB_IDP_0193_aseg_lh_volume_Cerebellum-White-Matter",0.180786782978125,0.310390952511579,0.0297529341459526,1.71688962765124,0.164574719765619,2.14334459834567e-06,6.14240366101838e-09,9.92081161198087e-09,0.619143261787222,0.535821985657028,0.796499146450718
"2124","Pattern_14","UKB_IDP_0194_aseg_lh_volume_Cerebellum-Cortex",0.180786782978125,0.276995620895459,0.0238338802473446,1.53216743133803,0.131834196365055,2.17620414945766e-05,7.42139493429586e-09,1.07057522573729e-08,0.69321564294418,0.488174232712966,0.770547031566691
"2125","Pattern_14","UKB_IDP_0210_aseg_rh_volume_Cerebellum-White-Matter",0.180786782978125,0.329009734728666,0.0331116076727038,1.81987714648629,0.183152811987978,4.54107545637156e-07,1.15962758364117e-08,9.63468480850558e-09,1.20359680330947,0.228745455643269,0.569988676356998
"2126","Pattern_14","UKB_IDP_0211_aseg_rh_volume_Cerebellum-Cortex",0.180786782978125,0.266638137879727,0.0242179709335506,1.47487627960054,0.133958747064386,0.000102605436298497,1.26357806290393e-09,1.08857231369063e-08,0.116076630556584,0.907591809713064,0.968581984917567
"2127","Pattern_14","UKB_IDP_0434_Volume_of_V1_in_the_right_hemisphere",0.180786782978125,0.223993130787994,0.028575678243513,1.2389906335968,0.158062872588261,0.132401498925742,-2.81529509622088e-09,1.09621067543139e-08,-0.256820623929153,0.797317248341478,0.933273434802346
"2128","Pattern_14","UKB_IDP_0442_Volume_of_entorhinal_in_the_left_hemisphere_DKT_parcellation",0.180786782978125,0.19255126228382,0.0320846137033688,1.06507377979683,0.177472120333327,0.71099418764523,-9.60580881259026e-09,6.69805847922497e-09,-1.43411838555667,0.151538482053681,0.47773909601516
